id,ident,name,type,latitude_deg,longitude_deg,iso_country,country_name,iso_region,iata_code
3,AGGH,Honiara International Airport,large_airport,-9.428,160.054993,SB,Solomon Islands,SB-GU,HIR
4,AGGM,Munda Airport,medium_airport,-8.32797,157.263,SB,Solomon Islands,SB-WE,MUA
8,ANYN,Nauru International Airport,medium_airport,-0.547893,166.919525,NR,Nauru,NR-14,INU
53,AYBK,Buka Airport,medium_airport,-5.422299,154.672698,PG,Papua New Guinea,PG-NSB,BUA
54,AYCH,Chimbu Airport,medium_airport,-6.024290084838867,144.9709930419922,PG,Papua New Guinea,PG-CPK,CMU
55,AYDU,Daru Airport,medium_airport,-9.08676,143.207993,PG,Papua New Guinea,PG-WPD,DAU
56,AYGA,Goroka Airport,medium_airport,-6.081689834590001,145.391998291,PG,Papua New Guinea,PG-EHG,GKA
57,AYGN,Gurney Airport,medium_airport,-10.3114995956,150.333999634,PG,Papua New Guinea,PG-MBA,GUR
58,AYGR,Girua Airport,medium_airport,-8.80453968048,148.309005737,PG,Papua New Guinea,PG-NPP,PNP
59,AYHK,Hoskins Airport,medium_airport,-5.463846,150.407327,PG,Papua New Guinea,PG-WBK,HKN
60,AYKM,Kerema Airport,medium_airport,-7.96361017227,145.770996094,PG,Papua New Guinea,PG-GPK,KMA
61,AYKV,Kavieng Airport,medium_airport,-2.57940006256,150.807998657,PG,Papua New Guinea,PG-NIK,KVG
62,AYMD,Madang Airport,medium_airport,-5.20707988739,145.789001465,PG,Papua New Guinea,PG-MPM,MAG
63,AYMH,Mount Hagen Kagamuga Airport,medium_airport,-5.828212,144.299412,PG,Papua New Guinea,PG-WHM,HGU
64,AYMN,Mendi Airport,medium_airport,-6.14774,143.656998,PG,Papua New Guinea,PG-SHM,MDU
65,AYMO,Momote Airport,medium_airport,-2.06189,147.423996,PG,Papua New Guinea,PG-MRL,MAS
66,AYNZ,Nadzab Tomodachi International Airport,large_airport,-6.567995,146.726544,PG,Papua New Guinea,PG-MPL,LAE
67,AYPY,Port Moresby Jacksons International Airport,large_airport,-9.44338035583496,147.22000122070312,PG,Papua New Guinea,PG-NCD,POM
68,AYTK,Tokua Airport,medium_airport,-4.34046,152.380005,PG,Papua New Guinea,PG-EBR,RAB
69,AYVN,Vanimo Airport,medium_airport,-2.6926,141.3028,PG,Papua New Guinea,PG-SAN,VAI
70,AYWD,Wapenamanda Airport,medium_airport,-5.635293,143.892231,PG,Papua New Guinea,PG-EPW,WBM
71,AYWK,Wewak International Airport,medium_airport,-3.58383011818,143.669006348,PG,Papua New Guinea,PG-ESW,WWK
111,BG-JAM,Bezmer Air Base,medium_airport,42.454899,26.3522,BG,Bulgaria,BG-28,JAM
113,BGBW,Narsarsuaq Airport,medium_airport,61.1605,-45.425999,GL,Greenland,GL-KU,UAK
114,BGGH,Nuuk International Airport,large_airport,64.191066,-51.67914,GL,Greenland,GL-SE,GOH
115,BGSF,Kangerlussuaq International Airport,large_airport,67.010446,-50.715294,GL,Greenland,GL-QA,SFJ
116,BGTL,Pituffik Space Base,large_airport,76.53063,-68.700541,GL,Greenland,GL-AV,THU
117,BIAR,Akureyri International Airport,large_airport,65.656573,-18.072018,IS,Iceland,IS-6,AEY
118,BIBD,Bildudalur Airport,medium_airport,65.641296,-23.5462,IS,Iceland,IS-4,BIU
119,BIEG,Egilsstaðir Airport,medium_airport,65.2833023071289,-14.401399612426758,IS,Iceland,IS-7,EGS
120,BIHN,Hornafjörður Airport,medium_airport,64.295601,-15.2272,IS,Iceland,IS-8,HFN
121,BIHU,Húsavík Airport,medium_airport,65.952301,-17.426001,IS,Iceland,IS-6,HZK
122,BIIS,Ísafjörður Airport,medium_airport,66.058098,-23.1353,IS,Iceland,IS-4,IFJ
123,BIKF,Keflavik International Airport,large_airport,63.985001,-22.6056,IS,Iceland,IS-2,KEF
125,BIRK,Reykjavík Domestic Airport,medium_airport,64.128732,-21.93759,IS,Iceland,IS-1,RKV
126,BISI,Siglufjörður Airport,medium_airport,66.137847,-18.908157,IS,Iceland,IS-6,SIJ
128,BIVM,Vestmannaeyjar Airport,medium_airport,63.42430114746094,-20.278900146484375,IS,Iceland,IS-8,VEY
275,SBAC,Aracati Dragão do Mar Regional Airport,medium_airport,-4.568896,-37.805135,BR,Brazil,BR-CE,ARX
329,SDIY,João Durval Carneiro Airport,medium_airport,-12.200694,-38.906164,BR,Brazil,BR-BA,FEC
346,SNLN,Linhares Municipal Airport,medium_airport,-19.355202,-40.07128,BR,Brazil,BR-ES,LHN
517,SBPG,Ponta Grossa Airport - Comandante Antonio Amilton Beraldo,medium_airport,-25.184476,-50.143822,BR,Brazil,BR-PR,PGZ
538,SWGN,Araguaína Airport,medium_airport,-7.22787,-48.240501,BR,Brazil,BR-TO,AUX
575,SBRD,Maestro Marinho Franco Airport,medium_airport,-16.584292,-54.724803,BR,Brazil,BR-MT,ROO
624,CAJ4,Anahim Lake Airport,medium_airport,52.451501,-125.303776,CA,Canada,CA-BC,YAA
643,CAT4,Qualicum Beach Airport,medium_airport,49.337456,-124.393086,CA,Canada,CA-BC,XQU
657,CAZ5,Cache Creek-Ashcroft Regional Airport,medium_airport,50.775258,-121.321314,CA,Canada,CA-BC,YZA
664,CBBC,Bella Bella (Campbell Island) Airport,medium_airport,52.185001,-128.156994,CA,Canada,CA-BC,ZEL
1293,CYLS,Barrie-Lake Simcoe Regional Airport,medium_airport,44.485056,-79.554663,CA,Canada,CA-ON,YLK
1340,CYKM,Kincardine Municipal Airport,medium_airport,44.201401,-81.606697,CA,Canada,CA-ON,YKD
1649,LYUZ,Ponikve Airport,medium_airport,43.898899,19.697701,RS,Serbia,RS-16,UZC
1654,CYAG,Fort Frances Municipal Airport,medium_airport,48.655749,-93.44349,CA,Canada,CA-ON,YAG
1655,CYAH,La Grande-4 Airport,medium_airport,53.754699707,-73.6753005981,CA,Canada,CA-QC,YAH
1657,CYAM,Sault Ste Marie Airport,medium_airport,46.483216,-84.508467,CA,Canada,CA-ON,YAM
1658,CYAQ,Kasabonika Airport,medium_airport,53.52470016479492,-88.6427993774414,CA,Canada,CA-ON,XKS
1665,CYAY,St. Anthony Airport,medium_airport,51.391909,-56.08321,CA,Canada,CA-NL,YAY
1666,CYAZ,Tofino / Long Beach Airport,medium_airport,49.079833,-125.775583,CA,Canada,CA-BC,YAZ
1669,CYBC,Baie-Comeau Airport,medium_airport,49.1325,-68.204399,CA,Canada,CA-QC,YBC
1670,CYBD,Bella Coola Airport,medium_airport,52.387501,-126.596001,CA,Canada,CA-BC,QBC
1672,CYBF,Bonnyville Airport,medium_airport,54.304199,-110.744003,CA,Canada,CA-AB,YBY
1673,CYBG,Saguenay-Bagotville Airport,medium_airport,48.330123,-70.992012,CA,Canada,CA-QC,YBG
1674,CYBK,Baker Lake Airport,medium_airport,64.29889678960001,-96.077796936,CA,Canada,CA-NU,YBK
1675,CYBL,Campbell River Airport,medium_airport,49.950802,-125.271004,CA,Canada,CA-BC,YBL
1678,CYBR,Brandon Municipal Airport,medium_airport,49.91,-99.951897,CA,Canada,CA-MB,YBR
1683,CYBX,Lourdes-de-Blanc-Sablon Airport,medium_airport,51.4436,-57.185299,CA,Canada,CA-QC,YBX
1685,CYCB,Cambridge Bay Airport,medium_airport,69.1081008911,-105.138000488,CA,Canada,CA-NU,YCB
1686,CYCC,Cornwall Regional Airport,medium_airport,45.092637,-74.567724,CA,Canada,CA-ON,YCC
1687,CYCD,Nanaimo Airport,medium_airport,49.05497,-123.869863,CA,Canada,CA-BC,YCD
1688,CYCE,Centralia / James T. Field Memorial Aerodrome,medium_airport,43.285599,-81.508301,CA,Canada,CA-ON,YCE
1689,CYCG,Castlegar/West Kootenay Regional Airport,medium_airport,49.296398,-117.632004,CA,Canada,CA-BC,YCG
1690,CYCH,Miramichi Airport,medium_airport,47.007801,-65.449203,CA,Canada,CA-NB,YCH
1691,CYCL,Charlo Airport,medium_airport,47.990799,-66.330299,CA,Canada,CA-NB,YCL
1692,CYCN,Cochrane Airport,medium_airport,49.10559844970703,-81.01360321044922,CA,Canada,CA-ON,YCN
1695,CYCQ,Chetwynd Airport,medium_airport,55.687198638916016,-121.6269989013672,CA,Canada,CA-BC,YCQ
1703,CYDA,Dawson City Airport,medium_airport,64.04309844970703,-139.1280059814453,CA,Canada,CA-YT,YDA
1704,CYDB,Burwash Airport,medium_airport,61.371101,-139.041,CA,Canada,CA-YT,YDB
1706,CYDF,Deer Lake Airport,medium_airport,49.208159,-57.396147,CA,Canada,CA-NL,YDF
1709,CYDM,Ross River Airport,medium_airport,61.9706001282,-132.42300415,CA,Canada,CA-YT,XRR
1710,CYDN,Dauphin Barker Airport,medium_airport,51.1008,-100.052002,CA,Canada,CA-MB,YDN
1711,CYDO,Dolbeau-Saint-Felicien Airport,medium_airport,48.7785,-72.375,CA,Canada,CA-QC,YDO
1713,CYDQ,Dawson Creek Airport,medium_airport,55.741245,-120.183263,CA,Canada,CA-BC,YDQ
1717,CYEG,Edmonton International Airport,large_airport,53.3097,-113.580002,CA,Canada,CA-AB,YEG
1719,CYEL,Elliot Lake Municipal Airport,medium_airport,46.351398468,-82.5614013672,CA,Canada,CA-ON,YEL
1720,CYEM,Manitoulin East Municipal Airport,medium_airport,45.842435,-81.857595,CA,Canada,CA-ON,YEM
1721,CYEN,Estevan Airport,medium_airport,49.2103004456,-102.966003418,CA,Canada,CA-SK,YEN
1724,CYET,Edson Airport,medium_airport,53.578899383499994,-116.464996338,CA,Canada,CA-AB,YET
1726,CYEV,Inuvik Mike Zubko Airport,medium_airport,68.30419921880001,-133.483001709,CA,Canada,CA-NT,YEV
1727,CYEY,Amos/Magny Airport,medium_airport,48.563903,-78.249702,CA,Canada,CA-QC,YEY
1729,CYFB,Iqaluit Airport,medium_airport,63.756402,-68.555801,CA,Canada,CA-NU,YFB
1730,CYFC,Fredericton International Airport,medium_airport,45.868697,-66.529891,CA,Canada,CA-NB,YFC
1732,CYFE,Forestville Airport,medium_airport,48.74610137939453,-69.09719848632812,CA,Canada,CA-QC,YFE
1734,CYFJ,Mont-Tremblant International Airport,medium_airport,46.409401,-74.779999,CA,Canada,CA-QC,YTM
1736,CYFR,Fort Resolution Airport,medium_airport,61.1808013916,-113.690002441,CA,Canada,CA-NT,YFR
1737,CYFS,Fort Simpson Airport,medium_airport,61.76020050048828,-121.23699951171876,CA,Canada,CA-NT,YFS
1743,CYGK,Kingston Norman Rogers Airport,medium_airport,44.2253,-76.596901,CA,Canada,CA-ON,YGK
1744,CYGL,La Grande Rivière Airport,medium_airport,53.625301361083984,-77.7042007446289,CA,Canada,CA-QC,YGL
1745,CYGM,Gimli Industrial Park Airport,medium_airport,50.62810134887695,-97.04329681396484,CA,Canada,CA-MB,YGM
1747,CYGP,Michel-Pouliot Gaspé Airport,medium_airport,48.774915,-64.481893,CA,Canada,CA-QC,YGP
1748,CYGQ,Geraldton Greenstone Regional Airport,medium_airport,49.77830123901367,-86.93939971923828,CA,Canada,CA-ON,YGQ
1749,CYGR,Îles-de-la-Madeleine Airport,medium_airport,47.425242,-61.778612,CA,Canada,CA-QC,YGR
1751,CYGV,Havre-Saint-Pierre Airport,medium_airport,50.281898,-63.611401,CA,Canada,CA-QC,YGV
1752,CYGW,Kuujjuarapik Airport,medium_airport,55.28189849853515,-77.76529693603516,CA,Canada,CA-QC,YGW
1757,CYHD,Dryden Regional Airport,medium_airport,49.831699,-92.744202,CA,Canada,CA-ON,YHD
1759,CYHF,Hearst René Fontaine Municipal Airport,medium_airport,49.71419906616211,-83.68609619140625,CA,Canada,CA-ON,YHF
1763,CYHM,John C. Munro Hamilton International Airport,medium_airport,43.17348,-79.931185,CA,Canada,CA-ON,YHM
1764,CYHN,Hornepayne Municipal Airport,medium_airport,49.19309997558594,-84.75890350341797,CA,Canada,CA-ON,YHN
1767,CYHT,Haines Junction Airport,medium_airport,60.7892,-137.546005,CA,Canada,CA-YT,YHT
1768,CYHU,Montréal / Saint-Hubert Metropolitan Airport,medium_airport,45.517502,-73.416901,CA,Canada,CA-QC,YHU
1769,CYHY,Hay River / Merlyn Carter Airport,medium_airport,60.8396987915,-115.782997131,CA,Canada,CA-NT,YHY
1770,CYHZ,Halifax / Stanfield International Airport,large_airport,44.8807983398,-63.5085983276,CA,Canada,CA-NS,YHZ
1771,CYIB,Atikokan Municipal Airport,medium_airport,48.773899,-91.638603,CA,Canada,CA-ON,YIB
1772,CYID,Digby / Annapolis Regional Airport,medium_airport,44.5458450365,-65.7854247093,CA,Canada,CA-NS,YDG
1773,CYIF,St Augustin Airport,medium_airport,51.2117,-58.658298,CA,Canada,CA-QC,YIF
1776,CYIV,Island Lake Airport,medium_airport,53.857200622558594,-94.65360260009766,CA,Canada,CA-MB,YIV
1778,CYJF,Fort Liard Airport,medium_airport,60.2358016968,-123.46900177,CA,Canada,CA-NT,YJF
1780,CYJN,St Jean Airport,medium_airport,45.29439926147461,-73.28109741210938,CA,Canada,CA-QC,YJN
1783,CYJT,Stephenville Dymond International Airport,medium_airport,48.54339,-58.552892,CA,Canada,CA-NL,YJT
1784,CYKA,Kamloops John Moose Fulton Field Regional Airport,medium_airport,50.703038,-120.448641,CA,Canada,CA-BC,YKA
1787,CYKF,Region of Waterloo International Airport,medium_airport,43.4608,-80.378601,CA,Canada,CA-ON,YKF
1789,CYKJ,Key Lake Airport,medium_airport,57.256099700927734,-105.61799621582033,CA,Canada,CA-SK,YKJ
1790,CYKL,Schefferville Airport,medium_airport,54.805301666259766,-66.8052978515625,CA,Canada,CA-QC,YKL
1793,CYKX,Kirkland Lake Airport,medium_airport,48.21030044555664,-79.98139953613281,CA,Canada,CA-ON,YKX
1794,CYKY,Kindersley Airport,medium_airport,51.5175018311,-109.180999756,CA,Canada,CA-SK,YKY
1799,CYLD,Chapleau Airport,medium_airport,47.81999969482422,-83.3467025756836,CA,Canada,CA-ON,YLD
1801,CYLJ,Meadow Lake Airport,medium_airport,54.125301361083984,-108.52300262451172,CA,Canada,CA-SK,YLJ
1803,CYLL,Lloydminster Airport,medium_airport,53.3092,-110.072998,CA,Canada,CA-AB,YLL
1805,CYLR,Leaf Rapids Airport,medium_airport,56.513301849365234,-99.98529815673828,CA,Canada,CA-MB,YLR
1806,CYLT,Alert Airport,medium_airport,82.517263,-62.283037,CA,Canada,CA-NU,YLT
1808,CYLW,Kelowna International Airport,large_airport,49.9561,-119.377998,CA,Canada,CA-BC,YLW
1809,CYMA,Mayo Airport,medium_airport,63.61640167236328,-135.8679962158203,CA,Canada,CA-YT,YMA
1810,CYME,Matane Airport,medium_airport,48.85689926147461,-67.45330047607422,CA,Canada,CA-QC,YME
1811,CYMG,Manitouwadge Airport,medium_airport,49.08390045166016,-85.86060333251953,CA,Canada,CA-ON,YMG
1813,CYMJ,Moose Jaw Air Vice Marshal C. M. McEwen Airport,medium_airport,50.330299377441406,-105.55899810791016,CA,Canada,CA-SK,YMJ
1814,CYML,Charlevoix Airport,medium_airport,47.59749984741211,-70.2238998413086,CA,Canada,CA-QC,YML
1815,CYMM,Fort McMurray International Airport,medium_airport,56.653301,-111.222,CA,Canada,CA-AB,YMM
1816,CYMO,Moosonee Airport,medium_airport,51.29109954833984,-80.60780334472656,CA,Canada,CA-ON,YMO
1817,CYMT,Chapais Airport,medium_airport,49.77190017700195,-74.5280990600586,CA,Canada,CA-QC,YMT
1820,CYMX,Montreal Mirabel International Airport,medium_airport,45.679501,-74.038696,CA,Canada,CA-QC,YMX
1822,CYNA,Natashquan Airport,medium_airport,50.190114,-61.78898,CA,Canada,CA-QC,YNA
1824,CYND,Ottawa / Gatineau Airport,medium_airport,45.521702,-75.563599,CA,Canada,CA-QC,YND
1827,CYNJ,Langley Airport,medium_airport,49.1008,-122.630997,CA,Canada,CA-BC,YLY
1828,CYNL,Points North Landing Airport,medium_airport,58.27669906616211,-104.08200073242188,CA,Canada,CA-SK,YNL
1829,CYNM,Matagami Airport,medium_airport,49.76169967651367,-77.80280303955078,CA,Canada,CA-QC,YNM
1832,CYOA,Ekati Airport,medium_airport,64.6988983154,-110.614997864,CA,Canada,CA-NT,YOA
1834,CYOD,CFB Cold Lake,medium_airport,54.404998779296875,-110.27899932861328,CA,Canada,CA-AB,YOD
1836,CYOJ,High Level Airport,medium_airport,58.62139892578125,-117.16500091552734,CA,Canada,CA-AB,YOJ
1837,CYOO,Oshawa Executive Airport,medium_airport,43.922798,-78.894997,CA,Canada,CA-ON,YOO
1838,CYOP,Rainbow Lake Airport,medium_airport,58.491402,-119.407997,CA,Canada,CA-AB,YOP
1839,CYOS,Owen Sound / Billy Bishop Regional Airport,medium_airport,44.5903015137,-80.8375015259,CA,Canada,CA-ON,YOS
1840,CYOW,Ottawa Macdonald-Cartier International Airport,large_airport,45.322498,-75.669197,CA,Canada,CA-ON,YOW
1842,CYPA,Prince Albert Glass Field,medium_airport,53.2141990662,-105.672996521,CA,Canada,CA-SK,YPA
1844,CYPD,Port Hawkesbury Airport,medium_airport,45.6567001343,-61.3680992126,CA,Canada,CA-NS,YPS
1845,CYPE,Peace River Airport,medium_airport,56.226898,-117.446999,CA,Canada,CA-AB,YPE
1846,CYPG,Portage-la-Prairie / Southport Airport,medium_airport,49.903099,-98.273817,CA,Canada,CA-MB,YPG
1849,CYPL,Pickle Lake Airport,medium_airport,51.4463996887207,-90.21420288085938,CA,Canada,CA-ON,YPL
1851,CYPN,Port-Menier Airport,medium_airport,49.836399,-64.288597,CA,Canada,CA-QC,YPN
1854,CYPQ,Peterborough Regional Airport,medium_airport,44.232251,-78.362053,CA,Canada,CA-ON,YPQ
1855,CYPR,Prince Rupert Airport,medium_airport,54.2860984802,-130.445007324,CA,Canada,CA-BC,YPR
1859,CYPW,Powell River Airport,medium_airport,49.83420181274414,-124.5,CA,Canada,CA-BC,YPW
1860,CYPX,Puvirnituq Airport,medium_airport,60.050598,-77.286903,CA,Canada,CA-QC,YPX
1861,CYPY,Fort Chipewyan Airport,medium_airport,58.7672004699707,-111.11699676513672,CA,Canada,CA-AB,YPY
1862,CYPZ,Burns Lake Airport,medium_airport,54.3764,-125.950996,CA,Canada,CA-BC,YPZ
1863,CYQA,Muskoka Airport,medium_airport,44.975376,-79.306546,CA,Canada,CA-ON,YQA
1864,CYQB,Quebec Jean Lesage International Airport,large_airport,46.7911,-71.393303,CA,Canada,CA-QC,YQB
1865,CYQD,The Pas Airport,medium_airport,53.97140121459961,-101.09100341796876,CA,Canada,CA-MB,YQD
1866,CYQF,Red Deer Regional Airport,medium_airport,52.182201,-113.893997,CA,Canada,CA-AB,YQF
1867,CYQG,Windsor International Airport,medium_airport,42.2756,-82.955597,CA,Canada,CA-ON,YQG
1868,CYQH,Watson Lake Airport,medium_airport,60.116839,-128.821993,CA,Canada,CA-YT,YQH
1869,CYQI,Yarmouth Airport,medium_airport,43.826900482177734,-66.08809661865234,CA,Canada,CA-NS,YQI
1870,CYQK,Kenora Airport,medium_airport,49.788299560546875,-94.36309814453124,CA,Canada,CA-ON,YQK
1871,CYQL,Lethbridge County Airport,medium_airport,49.6302986145,-112.800003052,CA,Canada,CA-AB,YQL
1872,CYQM,Greater Moncton Roméo LeBlanc International Airport,medium_airport,46.113189,-64.67719,CA,Canada,CA-NB,YQM
1873,CYQN,Nakina Airport,medium_airport,50.18280029296875,-86.69640350341797,CA,Canada,CA-ON,YQN
1874,CYQQ,Comox Valley International Airport / CFB Comox,medium_airport,49.7108,-124.887001,CA,Canada,CA-BC,YQQ
1875,CYQR,Regina International Airport,medium_airport,50.431938,-104.660906,CA,Canada,CA-SK,YQR
1876,CYQS,St Thomas Municipal Airport,medium_airport,42.77000045776367,-81.11080169677734,CA,Canada,CA-ON,YQS
1877,CYQT,Thunder Bay International Airport,medium_airport,48.371899,-89.323898,CA,Canada,CA-ON,YQT
1878,CYQU,Grande Prairie Airport,medium_airport,55.1796989441,-118.885002136,CA,Canada,CA-AB,YQU
1879,CYQV,Yorkton Municipal Airport,medium_airport,51.26470184326172,-102.46199798583984,CA,Canada,CA-SK,YQV
1880,CYQW,North Battleford Airport,medium_airport,52.769409,-108.243742,CA,Canada,CA-SK,YQW
1881,CYQX,Gander International Airport,medium_airport,48.936258,-54.567719,CA,Canada,CA-NL,YQX
1882,CYQY,Sydney / J.A. Douglas McCurdy Airport,medium_airport,46.161072,-60.049759,CA,Canada,CA-NS,YQY
1883,CYQZ,Quesnel Airport,medium_airport,53.026100158691406,-122.51000213623048,CA,Canada,CA-BC,YQZ
1885,CYRB,Resolute Bay Airport,medium_airport,74.7169036865,-94.9693984985,CA,Canada,CA-NU,YRB
1887,CYRI,Rivière-du-Loup Airport,medium_airport,47.764400482177734,-69.58470153808594,CA,Canada,CA-QC,YRI
1888,CYRJ,Roberval Airport,medium_airport,48.519665,-72.265735,CA,Canada,CA-QC,YRJ
1889,CYRL,Red Lake Airport,medium_airport,51.066898345947266,-93.79309844970705,CA,Canada,CA-ON,YRL
1891,CYRO,Ottawa / Rockcliffe Airport,medium_airport,45.460496,-75.644001,CA,Canada,CA-ON,YRO
1893,CYRQ,Trois-Rivières Airport,medium_airport,46.35279846191406,-72.67939758300781,CA,Canada,CA-QC,YRQ
1895,CYRT,Rankin Inlet Airport,medium_airport,62.8114013672,-92.1157989502,CA,Canada,CA-NU,YRT
1896,CYRV,Revelstoke Airport,medium_airport,50.962245,-118.184258,CA,Canada,CA-BC,YRV
1897,CYSB,Sudbury Airport,medium_airport,46.625,-80.79889678955078,CA,Canada,CA-ON,YSB
1898,CYSC,Sherbrooke Airport,medium_airport,45.438599,-71.691399,CA,Canada,CA-QC,YSC
1901,CYSF,Stony Rapids Airport,medium_airport,59.250301361083984,-105.84100341796876,CA,Canada,CA-SK,YSF
1903,CYSH,Smiths Falls-Montague (Russ Beach) Airport,medium_airport,44.945801,-75.940598,CA,Canada,CA-ON,YSH
1904,CYSJ,Saint John Airport,medium_airport,45.31610107421875,-65.89029693603516,CA,Canada,CA-NB,YSJ
1906,CYSL,Saint-Léonard Airport,medium_airport,47.157097,-67.836242,CA,Canada,CA-NB,YSL
1907,CYSM,Fort Smith Airport,medium_airport,60.020302,-111.961998,CA,Canada,CA-NT,YSM
1908,CYSN,Niagara District Airport,medium_airport,43.191598,-79.171686,CA,Canada,CA-ON,YCM
1909,CYSP,Marathon Airport,medium_airport,48.75529861450195,-86.34439849853516,CA,Canada,CA-ON,YSP
1913,CYSU,Summerside Airport,medium_airport,46.440601,-63.833599,CA,Canada,CA-PE,YSU
1917,CYTA,Pembroke Airport,medium_airport,45.86439895629883,-77.25170135498047,CA,Canada,CA-ON,YTA
1919,CYTF,Alma Airport,medium_airport,48.5089,-71.641899,CA,Canada,CA-QC,YTF
1920,CYTH,Thompson Airport,medium_airport,55.80110168457031,-97.86419677734376,CA,Canada,CA-MB,YTH
1924,CYTR,CFB Trenton,medium_airport,44.118900299072266,-77.5280990600586,CA,Canada,CA-ON,YTR
1925,CYTS,Timmins/Victor M. Power,medium_airport,48.5696983337,-81.376701355,CA,Canada,CA-ON,YTS
1926,CYTZ,Billy Bishop Toronto City Airport,medium_airport,43.627852,-79.39553,CA,Canada,CA-ON,YTZ
1928,CYUL,Montreal / Pierre Elliott Trudeau International Airport,large_airport,45.467837,-73.742294,CA,Canada,CA-QC,YUL
1930,CYUX,Hall Beach Airport,medium_airport,68.7761,-81.2425,CA,Canada,CA-NU,YUX
1931,CYUY,Rouyn Noranda Airport,medium_airport,48.20610046386719,-78.83560180664062,CA,Canada,CA-QC,YUY
1932,CYVB,Bonaventure Airport,medium_airport,48.071098,-65.460297,CA,Canada,CA-QC,YVB
1933,CYVC,La Ronge Airport,medium_airport,55.1514015198,-105.262001038,CA,Canada,CA-SK,YVC
1936,CYVK,Vernon Regional Airport,medium_airport,50.246163,-119.330963,CA,Canada,CA-BC,YVE
1938,CYVO,Val-d'Or Airport,medium_airport,48.0532989502,-77.7827987671,CA,Canada,CA-QC,YVO
1939,CYVP,Kuujjuaq Airport,medium_airport,58.096099853515625,-68.4269027709961,CA,Canada,CA-QC,YVP
1940,CYVQ,Norman Wells Airport,medium_airport,65.28160095214844,-126.7979965209961,CA,Canada,CA-NT,YVQ
1941,CYVR,Vancouver International Airport,large_airport,49.193901,-123.183998,CA,Canada,CA-BC,YVR
1943,CYVV,Wiarton Airport,medium_airport,44.7458,-81.107201,CA,Canada,CA-ON,YVV
1946,CYWG,Winnipeg / James Armstrong Richardson International Airport,large_airport,49.909999847399995,-97.2398986816,CA,Canada,CA-MB,YWG
1949,CYWK,Wabush Airport,medium_airport,52.92190170288086,-66.8644027709961,CA,Canada,CA-NL,YWK
1950,CYWL,Williams Lake Airport,medium_airport,52.1831016541,-122.054000854,CA,Canada,CA-BC,YWL
1954,CYWY,Wrigley Airport,medium_airport,63.20940017700195,-123.43699645996094,CA,Canada,CA-NT,YWY
1955,CYXC,Cranbrook/Canadian Rockies International Airport,medium_airport,49.610802,-115.781998,CA,Canada,CA-BC,YXC
1957,CYXE,Saskatoon John G. Diefenbaker International Airport,large_airport,52.170723,-106.700793,CA,Canada,CA-SK,YXE
1958,CYXH,Medicine Hat Regional Airport,medium_airport,50.018902,-110.721001,CA,Canada,CA-AB,YXH
1959,CYXJ,Fort St John / North Peace Regional Airport,medium_airport,56.238098,-120.739998,CA,Canada,CA-BC,YXJ
1960,CYXK,Rimouski Airport,medium_airport,48.477644,-68.496323,CA,Canada,CA-QC,YXK
1961,CYXL,Sioux Lookout Airport,medium_airport,50.11389923095703,-91.9052963256836,CA,Canada,CA-ON,YXL
1964,CYXQ,Beaver Creek Airport,medium_airport,62.410301208496094,-140.86700439453125,CA,Canada,CA-YT,YXQ
1965,CYXR,Earlton (Timiskaming Regional) Airport,medium_airport,47.6974006546,-79.8473453522,CA,Canada,CA-ON,YXR
1966,CYXS,Prince George (International) Airport,medium_airport,53.884311,-122.666554,CA,Canada,CA-BC,YXS
1967,CYXT,Northwest Regional Airport Terrace-Kitimat,medium_airport,54.468498,-128.576009,CA,Canada,CA-BC,YXT
1968,CYXU,London International Airport,medium_airport,43.032845,-81.149003,CA,Canada,CA-ON,YXU
1969,CYXX,Abbotsford International Airport,medium_airport,49.025299,-122.361,CA,Canada,CA-BC,YXX
1970,CYXY,Whitehorse / Erik Nielsen International Airport,medium_airport,60.708533,-135.065705,CA,Canada,CA-YT,YXY
1971,CYXZ,Wawa Airport,medium_airport,47.96670150756836,-84.78669738769531,CA,Canada,CA-ON,YXZ
1972,CYYB,North Bay Jack Garland Airport,medium_airport,46.363602,-79.422798,CA,Canada,CA-ON,YYB
1973,CYYC,Calgary International Airport,large_airport,51.118822,-114.009933,CA,Canada,CA-AB,YYC
1974,CYYD,Smithers Airport,medium_airport,54.82469940185547,-127.18299865722656,CA,Canada,CA-BC,YYD
1975,CYYE,Fort Nelson Airport,medium_airport,58.8363990784,-122.597000122,CA,Canada,CA-BC,YYE
1976,CYYF,Penticton Airport,medium_airport,49.46310043334961,-119.60199737548828,CA,Canada,CA-BC,YYF
1977,CYYG,Charlottetown Airport,medium_airport,46.288911,-63.125174,CA,Canada,CA-PE,YYG
1979,CYYJ,Victoria International Airport,large_airport,48.647201,-123.427792,CA,Canada,CA-BC,YYJ
1980,CYYL,Lynn Lake Airport,medium_airport,56.86389923095703,-101.07599639892578,CA,Canada,CA-MB,YYL
1982,CYYN,Swift Current Airport,medium_airport,50.291900634799994,-107.691001892,CA,Canada,CA-SK,YYN
1984,CYYQ,Churchill Airport,medium_airport,58.739200592041016,-94.06500244140624,CA,Canada,CA-MB,YYQ
1985,CYYR,Goose Bay Airport,medium_airport,53.3191986084,-60.4258003235,CA,Canada,CA-NL,YYR
1986,CYYT,St. John's International Airport,large_airport,47.618599,-52.7519,CA,Canada,CA-NL,YYT
1987,CYYU,Kapuskasing Airport,medium_airport,49.411587,-82.469645,CA,Canada,CA-ON,YYU
1988,CYYW,Armstrong Airport,medium_airport,50.29029846191406,-88.90969848632812,CA,Canada,CA-ON,YYW
1989,CYYY,Mont Joli Airport,medium_airport,48.60860061645508,-68.20809936523438,CA,Canada,CA-QC,YYY
1990,CYYZ,Toronto Pearson International Airport,large_airport,43.675935,-79.629421,CA,Canada,CA-ON,YYZ
1992,CYZE,Gore Bay Manitoulin Airport,medium_airport,45.8853,-82.567802,CA,Canada,CA-ON,YZE
1993,CYZF,Yellowknife International Airport,medium_airport,62.462799,-114.440002,CA,Canada,CA-NT,YZF
1995,CYZH,Slave Lake Airport,medium_airport,55.292945,-114.777276,CA,Canada,CA-AB,YZH
1996,CYZP,Sandspit Airport,medium_airport,53.25429916379999,-131.813995361,CA,Canada,CA-BC,YZP
1997,CYZR,Chris Hadfield Airport,medium_airport,42.999401,-82.308899,CA,Canada,CA-ON,YZR
1998,CYZS,Coral Harbour Airport,medium_airport,64.1932983398,-83.3593978882,CA,Canada,CA-NU,YZS
1999,CYZT,Port Hardy Airport,medium_airport,50.68059921264648,-127.36699676513672,CA,Canada,CA-BC,YZT
2000,CYZU,Whitecourt Airport,medium_airport,54.143902,-115.787003,CA,Canada,CA-AB,YZU
2001,CYZV,Sept-Îles Airport,medium_airport,50.22330093383789,-66.2656021118164,CA,Canada,CA-QC,YZV
2002,CYZW,Teslin Airport,medium_airport,60.17279815673828,-132.7429962158203,CA,Canada,CA-YT,YZW
2003,CYZX,CFB Greenwood,medium_airport,44.98440170288086,-64.91690063476562,CA,Canada,CA-NS,YZX
2006,CZAM,Shuswap Regional Airport,medium_airport,50.682802,-119.228996,CA,Canada,CA-BC,YSN
2008,CZBB,Boundary Bay Airport,medium_airport,49.074338,-123.006877,CA,Canada,CA-BC,YDT
2010,CZBF,Bathurst Airport,medium_airport,47.6297,-65.738899,CA,Canada,CA-NB,ZBF
2011,CZBM,Bromont (Roland Désourdy) Airport,medium_airport,45.290798,-72.741402,CA,Canada,CA-QC,ZBM
2012,CZEE,Kelsey Airport,medium_airport,56.0374984741,-96.5096969604,CA,Canada,CA-MB,KES
2014,CZFA,Faro Airport,medium_airport,62.20750045776367,-133.37600708007812,CA,Canada,CA-YT,ZFA
2019,CZGF,Grand Forks Airport,medium_airport,49.015598,-118.431,CA,Canada,CA-BC,ZGF
2023,CZJG,Jenpeg Airport,medium_airport,54.51890182495117,-98.0460968017578,CA,Canada,CA-MB,ZJG
2024,CZJN,Swan River Airport,medium_airport,52.120602,-101.236,CA,Canada,CA-MB,ZJN
2026,CZLQ,Thicket Portage Airport,medium_airport,55.31890106201172,-97.70780181884766,CA,Canada,CA-MB,YTD
2029,CZMN,Pikwitonei Airport,medium_airport,55.58890151977539,-97.16419982910156,CA,Canada,CA-MB,PIW
2030,CZMT,Masset Airport,medium_airport,54.0275,-132.125,CA,Canada,CA-BC,ZMT
2034,CZPC,Pincher Creek Airport,medium_airport,49.520429,-113.997002,CA,Canada,CA-AB,WPC
2037,CZSJ,Sandy Lake Airport,medium_airport,53.06420135498047,-93.34439849853516,CA,Canada,CA-ON,ZSJ
2039,CZST,Stewart Airport,medium_airport,55.935410448,-129.982434511,CA,Canada,CA-BC,ZST
2042,CZUC,Ignace Municipal Airport,medium_airport,49.428204,-91.720418,CA,Canada,CA-ON,ZUC
2048,DAAD,Bou Saada Airport,medium_airport,35.3325,4.20639,DZ,Algeria,DZ-28,BUJ
2049,DAAE,Soummam–Abane Ramdane Airport,large_airport,36.712547,5.069909,DZ,Algeria,DZ-06,BJA
2050,DAAG,Houari Boumediene Airport,large_airport,36.693886,3.214531,DZ,Algeria,DZ-16,ALG
2051,DAAJ,Tiska Djanet Airport,large_airport,24.285448,9.463652,DZ,Algeria,DZ-56,DJG
2054,DAAP,Illizi Takhamalt Airport,medium_airport,26.723499,8.62265,DZ,Algeria,DZ-33,VVZ
2056,DAAT,Aguenar – Hadj Bey Akhamok Airport,large_airport,22.810992,5.450832,DZ,Algeria,DZ-11,TMR
2057,DAAV,Jijel Ferhat Abbas Airport,large_airport,36.794125,5.873652,DZ,Algeria,DZ-18,GJL
2058,DAAY,Mecheria Airport,medium_airport,33.535900116,-0.242353007197,DZ,Algeria,DZ-45,MZW
2060,DABB,Annaba Rabah Bitat Airport,large_airport,36.826781,7.81334,DZ,Algeria,DZ-23,AAE
2061,DABC,Mohamed Boudiaf International Airport,large_airport,36.276001,6.62039,DZ,Algeria,DZ-25,CZL
2062,DABS,Cheikh Larbi Tébessi Airport,medium_airport,35.4315986633,8.12071990967,DZ,Algeria,DZ-12,TEE
2063,DABT,Batna Mostefa Ben Boulaid Airport,large_airport,35.752102,6.30859,DZ,Algeria,DZ-05,BLJ
2064,DAFH,Hassi R'Mel Airport,medium_airport,32.930401,3.31154,DZ,Algeria,DZ-03,HRM
2065,DAOB,Abdelhafid Boussouf Bou Chekif Airport,medium_airport,35.341099,1.46315,DZ,Algeria,DZ-14,TID
2067,DAOF,Tindouf Airport,medium_airport,27.7003993988,-8.167099952700001,DZ,Algeria,DZ-37,TIN
2068,DAOI,Chlef Aboubakr Belkaid International Airport,large_airport,36.216614,1.341114,DZ,Algeria,DZ-02,CFK
2069,DAOL,Oran Tafraoui Airport,medium_airport,35.5424,-0.532278,DZ,Algeria,DZ-31,TAF
2070,DAON,Zenata – Messali El Hadj Airport,large_airport,35.012732,-1.457117,DZ,Algeria,DZ-13,TLM
2071,DAOO,Oran Es-Sénia (Ahmed Ben Bella) International Airport,large_airport,35.620648,-0.622486,DZ,Algeria,DZ-31,ORN
2072,DAOR,Béchar Boudghene Ben Ali Lotfi Airport,medium_airport,31.64570045471191,-2.269860029220581,DZ,Algeria,DZ-08,CBH
2074,DAOV,Ghriss Airport,medium_airport,35.207699,0.147142,DZ,Algeria,DZ-29,MUW
2075,DAUA,Touat-Cheikh Sidi Mohamed Belkebir Airport,medium_airport,27.837601,-0.186414,DZ,Algeria,DZ-01,AZR
2076,DAUB,Biskra - Mohamed Khider Airport,large_airport,34.79318,5.738899,DZ,Algeria,DZ-07,BSK
2077,DAUE,El Golea Airport,medium_airport,30.580732,2.861595,DZ,Algeria,DZ-50,ELG
2078,DAUG,Noumérat - Moufdi Zakaria Airport,medium_airport,32.384102,3.79411,DZ,Algeria,DZ-47,GHA
2079,DAUH,Hassi Messaoud-Oued Irara Krim Belkacem Airport,medium_airport,31.673,6.14044,DZ,Algeria,DZ-30,HME
2080,DAUI,In Salah Airport,medium_airport,27.250999,2.51202,DZ,Algeria,DZ-57,INZ
2081,DAUK,Touggourt Sidi Madhi Airport,medium_airport,33.067799,6.08867,DZ,Algeria,DZ-55,TGR
2082,DAUL,Laghouat - Molay Ahmed Medeghri Airport,medium_airport,33.7644,2.92834,DZ,Algeria,DZ-03,LOO
2083,DAUO,Guemar Airport - مطار قمار بالوادي,medium_airport,33.511398,6.77679,DZ,Algeria,DZ-39,ELU
2084,DAUT,Timimoun Airport,medium_airport,29.237101,0.276033,DZ,Algeria,DZ-54,TMX
2085,DAUU,Ain Beida Airport,medium_airport,31.9172,5.41278,DZ,Algeria,DZ-30,OGX
2086,DAUZ,Zarzaitine - In Aménas Airport,medium_airport,28.0515,9.64291,DZ,Algeria,DZ-33,IAM
2087,DBBB,Cotonou Cadjehoun International Airport,large_airport,6.35723,2.38435,BJ,Benin,BJ-AQ,COO
2088,DFFD,Ouagadougou Thomas Sankara International Airport,large_airport,12.3532,-1.51242,BF,Burkina Faso,BF-KAD,OUA
2089,DFOO,Bobo Dioulasso Airport,large_airport,11.1601,-4.33097,BF,Burkina Faso,BF-HOU,BOY
2090,DGAA,Kotoka International Airport,large_airport,5.605189800262451,-0.1667860001325607,GH,Ghana,GH-AA,ACC
2091,DGLE,Yakubu Tali International Airport,large_airport,9.553909,-0.86606,GH,Ghana,GH-NP,TML
2093,DGSI,Prempeh I International Airport,large_airport,6.71456,-1.59082,GH,Ghana,GH-AH,KMS
2094,DGSN,Sunyani Airport,medium_airport,7.36183,-2.32876,GH,Ghana,GH-BO,NYI
2095,DGTK,Takoradi Airport,medium_airport,4.896059989929199,-1.7747600078582764,GH,Ghana,GH-WP,TKD
2096,DIAP,Félix-Houphouët-Boigny International Airport,large_airport,5.26139,-3.92629,CI,Côte d'Ivoire,CI-AB,ABJ
2097,DIBK,Bouaké Airport,medium_airport,7.7388,-5.07367,CI,Côte d'Ivoire,CI-VB,BYK
2098,DIDL,Daloa Airport,medium_airport,6.79281,-6.47319,CI,Côte d'Ivoire,CI-SM,DJO
2099,DIKO,Korhogo Airport,medium_airport,9.38718,-5.55666,CI,Côte d'Ivoire,CI-SV,HGO
2100,DIMN,Man Airport,medium_airport,7.27207,-7.58736,CI,Côte d'Ivoire,CI-MG,MJC
2101,DISP,San Pedro Airport,medium_airport,4.74672,-6.66082,CI,Côte d'Ivoire,CI-BS,SPY
2102,DIYO,Yamoussoukro International Airport,large_airport,6.90317,-5.36558,CI,Côte d'Ivoire,CI-YM,ASK
2104,DNAA,Nnamdi Azikiwe International Airport,large_airport,9.00679,7.26317,NG,Nigeria,NG-FC,ABV
2105,DNAK,Akure Airport,medium_airport,7.246739864349365,5.3010101318359375,NG,Nigeria,NG-ON,AKR
2106,DNBE,Benin Airport,medium_airport,6.316979885101318,5.5995001792907715,NG,Nigeria,NG-ED,BNI
2107,DNCA,Margaret Ekpo International Airport,medium_airport,4.976019859313965,8.347200393676758,NG,Nigeria,NG-CR,CBQ
2108,DNEN,Akanu Ibiam International Airport,large_airport,6.473718,7.560463,NG,Nigeria,NG-EN,ENU
2110,DNIB,Ibadan Airport,medium_airport,7.362460136413574,3.97832989692688,NG,Nigeria,NG-OY,IBA
2111,DNIL,General Tunde Idiagbon International Airport,large_airport,8.44021,4.49392,NG,Nigeria,NG-KW,ILR
2112,DNIM,Sam Mbakwe International Cargo Airport,medium_airport,5.42706,7.20603,NG,Nigeria,NG-IM,QOW
2113,DNJO,Yakubu Gowon Airport,medium_airport,9.639829635620115,8.869050025939941,NG,Nigeria,NG-PL,JOS
2114,DNKA,Kaduna International Airport,large_airport,10.696,7.32011,NG,Nigeria,NG-KD,KAD
2115,DNKN,Mallam Aminu Kano International Airport,large_airport,12.045613,8.523566,NG,Nigeria,NG-KN,KAN
2116,DNMA,Maiduguri International Airport,large_airport,11.854163,13.080702,NG,Nigeria,NG-BO,MIU
2117,DNMK,Makurdi Airport,medium_airport,7.70388,8.61394,NG,Nigeria,NG-BE,MDI
2118,DNMM,Murtala Muhammed International Airport,large_airport,6.57737,3.32116,NG,Nigeria,NG-LA,LOS
2119,DNMN,Minna Airport,medium_airport,9.652170181274414,6.462259769439697,NG,Nigeria,NG-NI,MXJ
2120,DNPO,Port Harcourt International Airport,large_airport,5.01549,6.94959,NG,Nigeria,NG-RI,PHC
2121,DNSO,Sadiq Abubakar III International Airport,large_airport,12.915729,5.207547,NG,Nigeria,NG-SO,SKO
2122,DNYO,Yola Airport,medium_airport,9.257550239562988,12.430399894714355,NG,Nigeria,NG-AD,YOL
2123,DNZA,Zaria Airport,medium_airport,11.1302,7.68581,NG,Nigeria,NG-KD,ZAR
2124,DRRM,Maradi Airport,medium_airport,13.5025,7.12675,NE,Niger,NE-4,MFQ
2125,DRRN,Diori Hamani International Airport,large_airport,13.4815,2.18361,NE,Niger,NE-8,NIM
2126,DRRT,Tahoua Airport,medium_airport,14.8757,5.26536,NE,Niger,NE-5,THZ
2127,DRZA,Mano Dayak International Airport,medium_airport,16.966,8.00011,NE,Niger,NE-1,AJY
2130,DRZR,Zinder Airport,medium_airport,13.779000282287598,8.983759880065918,NE,Niger,NE-7,ZND
2131,DTKA,Tabarka-Aïn Draham International Airport,medium_airport,36.98,8.87694,TN,Tunisia,TN-32,TBJ
2132,DTMB,Monastir Habib Bourguiba International Airport,medium_airport,35.75809860229492,10.75469970703125,TN,Tunisia,TN-52,MIR
2133,DTTA,Tunis Carthage International Airport,large_airport,36.851002,10.2272,TN,Tunisia,TN-11,TUN
2136,DTTF,Gafsa Ksar International Airport,medium_airport,34.422000885009766,8.822500228881836,TN,Tunisia,TN-71,GAF
2137,DTTG,Gabès Matmata International Airport,medium_airport,33.733691,9.91941,TN,Tunisia,TN-81,GAE
2139,DTTJ,Djerba Zarzis International Airport,large_airport,33.873719,10.7773,TN,Tunisia,TN-82,DJE
2140,DTTR,El Borma Airport,medium_airport,31.7043,9.25462,TN,Tunisia,TN-83,EBM
2141,DTTX,Sfax Thyna International Airport,large_airport,34.717999,10.691,TN,Tunisia,TN-61,SFA
2142,DTTZ,Tozeur Nefta International Airport,medium_airport,33.939701080322266,8.110560417175293,TN,Tunisia,TN-72,TOE
2143,DXNG,Niamtougou International Airport,large_airport,9.766675,1.090944,TG,Togo,TG-K,LRL
2144,DXXX,Lomé–Tokoin International Airport,large_airport,6.16561,1.25451,TG,Togo,TG-M,LFW
2152,EBAW,Antwerp International Airport (Deurne),medium_airport,51.190667,4.463153,BE,Belgium,BE-VAN,ANR
2155,EBBR,Brussels Airport,large_airport,50.901402,4.48444,BE,Belgium,BE-VBR,BRU
2157,EBCI,Brussels South Charleroi Airport,large_airport,50.461963,4.459562,BE,Belgium,BE-WHT,CRL
2161,EBKT,Flanders International Airport Kortrijk-Wevelgem,medium_airport,50.818878,3.209551,BE,Belgium,BE-VWV,KJK
2162,EBLG,Liège Airport,medium_airport,50.638574,5.443897,BE,Belgium,BE-WLG,LGG
2163,EBOS,Ostend-Bruges International Airport,large_airport,51.1998,2.874673,BE,Belgium,BE-VWV,OST
2184,EDAC,Leipzig–Altenburg Airport,medium_airport,50.981945,12.506389,DE,Germany,DE-TH,AOC
2187,EDAH,Heringsdorf Airport,medium_airport,53.8787,14.1523,DE,Germany,DE-MV,HDF
2210,EDDC,Dresden Airport,large_airport,51.134123,13.767831,DE,Germany,DE-SN,DRS
2211,EDDE,Erfurt-Weimar Airport,large_airport,50.978281,10.960713,DE,Germany,DE-TH,ERF
2212,EDDF,Frankfurt Main Airport,large_airport,50.026706,8.55835,DE,Germany,DE-HE,FRA
2213,EDDG,Münster Osnabrück Airport,large_airport,52.133816,7.688482,DE,Germany,DE-NW,FMO
2214,EDDH,Hamburg Helmut Schmidt Airport,large_airport,53.630402,9.98823,DE,Germany,DE-HH,HAM
2216,EDDK,Cologne Bonn Airport,large_airport,50.865898,7.14274,DE,Germany,DE-NW,CGN
2217,EDDL,Düsseldorf Airport,large_airport,51.289501,6.76678,DE,Germany,DE-NW,DUS
2218,EDDM,Munich Airport,large_airport,48.353802,11.7861,DE,Germany,DE-BY,MUC
2219,EDDN,Nuremberg Airport,large_airport,49.498699,11.078056,DE,Germany,DE-BY,NUE
2220,EDDP,Leipzig/Halle Airport,large_airport,51.420657,12.232705,DE,Germany,DE-SN,LEJ
2221,EDDR,Saarbrücken Airport,medium_airport,49.214545,7.109735,DE,Germany,DE-SL,SCN
2222,EDDS,Stuttgart Airport,large_airport,48.689899,9.22196,DE,Germany,DE-BW,STR
2224,EDDV,Hannover Airport,large_airport,52.461102,9.68508,DE,Germany,DE-NI,HAJ
2225,EDDW,Bremen Airport,large_airport,53.046786,8.78932,DE,Germany,DE-HB,BRE
2227,EDFH,Frankfurt-Hahn Airport,large_airport,49.946353,7.261734,DE,Germany,DE-RP,HHN
2228,EDFM,Mannheim-City Airport,medium_airport,49.473057,8.514167,DE,Germany,DE-BW,MHG
2232,EDGE,Eisenach-Kindel Airport,medium_airport,50.991604,10.47973,DE,Germany,DE-TH,EIB
2233,EDGS,Siegerland Airport,medium_airport,50.707699,8.08297,DE,Germany,DE-NW,SGE
2234,EDHI,Hamburg-Finkenwerder Airport,medium_airport,53.5352783203125,9.835556030273438,DE,Germany,DE-HH,XFW
2235,EDHK,Kiel-Holtenau Airport,medium_airport,54.37957,10.145266,DE,Germany,DE-SH,KEL
2236,EDHL,Lübeck Blankensee Airport,medium_airport,53.805401,10.7192,DE,Germany,DE-SH,LBC
2237,EDJA,Memmingen Allgau Airport,large_airport,47.988092,10.238248,DE,Germany,DE-BY,FMM
2242,EDLI,Bielefeld Airport,medium_airport,51.964722,8.544444,DE,Germany,DE-NW,BFE
2243,EDLN,Mönchengladbach Airport,medium_airport,51.230278,6.504444,DE,Germany,DE-NW,MGL
2244,EDLP,Paderborn Lippstadt Airport,large_airport,51.612527,8.617459,DE,Germany,DE-NW,PAD
2246,EDLV,Weeze (Niederrhein) Airport,large_airport,51.601362,6.141228,DE,Germany,DE-NW,NRN
2247,EDLW,Dortmund Airport,large_airport,51.518299,7.61224,DE,Germany,DE-NW,DTM
2248,EDMA,Augsburg Airport,medium_airport,48.425278,10.931667,DE,Germany,DE-BY,AGB
2252,EDMO,Oberpfaffenhofen Airport,medium_airport,48.081402,11.2831,DE,Germany,DE-BY,OBF
2256,EDNY,Bodensee Airport Friedrichshafen,large_airport,47.671299,9.51149,DE,Germany,DE-BW,FDH
2261,EDQD,Bayreuth Airport,medium_airport,49.985001,11.64,DE,Germany,DE-BY,BYU
2263,EDQM,Hof-Plauen Airport,medium_airport,50.288544,11.852876,DE,Germany,DE-BY,HOQ
2270,EDSB,Karlsruhe Baden-Baden Airport,large_airport,48.7794,8.0805,DE,Germany,DE-BW,FKB
2276,EDTL,Lahr Airport,medium_airport,48.369301,7.82772,DE,Germany,DE-BW,LHA
2284,EDVE,Braunschweig-Wolfsburg Airport,medium_airport,52.319199,10.5561,DE,Germany,DE-NI,BWE
2285,EDVK,Kassel Airport,large_airport,51.418395,9.391638,DE,Germany,DE-HE,KSF
2296,EDXW,Westerland Sylt Airport,medium_airport,54.9132,8.34047,DE,Germany,DE-SH,GWT
2298,EEKA,Kärdla Airport,medium_airport,58.99079895019531,22.830699920654297,EE,Estonia,EE-39,KDL
2299,EEKE,Kuressaare Airport,medium_airport,58.22990036010742,22.50950050354004,EE,Estonia,EE-74,URE
2300,EEPU,Pärnu Airport,medium_airport,58.41899871826172,24.47279930114746,EE,Estonia,EE-67,EPU
2301,EETN,Lennart Meri Tallinn Airport,large_airport,59.413246,24.83264,EE,Estonia,EE-37,TLL
2302,EETU,Tartu Airport,medium_airport,58.307438,26.686473,EE,Estonia,EE-7B,TAY
2303,EFET,Enontekio Airport,medium_airport,68.362602233887,23.424299240112,FI,Finland,FI-10,ENF
2305,EFHA,Halli Airport,medium_airport,61.856039,24.786686,FI,Finland,FI-08,KEV
2307,EFHK,Helsinki Vantaa Airport,large_airport,60.318363,24.963341,FI,Finland,FI-18,HEL
2313,EFIT,Kitee Airport,medium_airport,62.1661,30.073601,FI,Finland,FI-13,KTQ
2314,EFIV,Ivalo Airport,large_airport,68.6073,27.4053,FI,Finland,FI-10,IVL
2315,EFJO,Joensuu Airport,medium_airport,62.658815,29.619398,FI,Finland,FI-13,JOE
2316,EFJY,Jyväskylä Airport,medium_airport,62.399502,25.678301,FI,Finland,FI-08,JYV
2317,EFKA,Kauhava Airfield,medium_airport,63.127102,23.051399,FI,Finland,FI-03,KAU
2318,EFKE,Kemi-Tornio Airport,medium_airport,65.778701782227,24.582099914551,FI,Finland,FI-10,KEM
2319,EFKI,Kajaani Airport,medium_airport,64.2855,27.6924,FI,Finland,FI-05,KAJ
2320,EFKJ,Kauhajoki Airfield,medium_airport,62.463212,22.390817,FI,Finland,FI-03,KHJ
2321,EFKK,Kokkola-Pietarsaari Airport,medium_airport,63.721199,23.143101,FI,Finland,FI-07,KOK
2324,EFKS,Kuusamo Airport,medium_airport,65.987602,29.239401,FI,Finland,FI-14,KAO
2325,EFKT,Kittilä International Airport,large_airport,67.700996,24.8468,FI,Finland,FI-10,KTT
2326,EFKU,Kuopio Airport,large_airport,63.007099,27.7978,FI,Finland,FI-15,KUO
2329,EFLP,Lappeenranta Airport,large_airport,61.044601,28.144743,FI,Finland,FI-02,LPP
2330,EFMA,Mariehamn Airport,large_airport,60.1222,19.898199,FI,Finland,FI-01,MHQ
2332,EFMI,Mikkeli Airport,medium_airport,61.6866,27.201799,FI,Finland,FI-04,MIK
2334,EFOU,Oulu Airport,large_airport,64.930099,25.354601,FI,Finland,FI-14,OUL
2336,EFPO,Pori Airport,medium_airport,61.4617,21.799999,FI,Finland,FI-17,POR
2341,EFRO,Rovaniemi Airport,large_airport,66.563327,25.829751,FI,Finland,FI-10,RVN
2343,EFSA,Savonlinna Airport,medium_airport,61.9431,28.945101,FI,Finland,FI-04,SVL
2345,EFSI,Seinäjoki Airport,medium_airport,62.692101,22.8323,FI,Finland,FI-03,SJY
2346,EFSO,Sodankyla Airport,medium_airport,67.3949966431,26.6191005707,FI,Finland,FI-10,SOT
2347,EFTP,Tampere-Pirkkala Airport,large_airport,61.414101,23.604401,FI,Finland,FI-11,TMP
2349,EFTU,Turku Airport,large_airport,60.514099,22.2628,FI,Finland,FI-19,TKU
2350,EFUT,Utti Air Base,medium_airport,60.8964,26.9384,FI,Finland,FI-09,UTI
2351,EFVA,Vaasa Airport,large_airport,63.05023,21.762543,FI,Finland,FI-12,VAA
2352,EFVR,Varkaus Airport,medium_airport,62.171101,27.868601,FI,Finland,FI-04,VRK
2353,EFYL,Ylivieska Airfield,medium_airport,64.054722,24.725278,FI,Finland,FI-14,YLI
2356,HECP,Capital International Airport,large_airport,30.06465,31.839974,EG,Egypt,EG-C,CCE
2357,EES,Berenice International Airport / Banas Cape Air Base,large_airport,23.980437,35.460277,EG,Egypt,EG-BA,EES
2376,HE36,Bardawil International Airport,large_airport,30.410714,33.15535,EG,Egypt,EG-SIN,RDL
2385,EGAA,Belfast International Airport,large_airport,54.6575012207,-6.2158298492399995,GB,United Kingdom of Great Britain and Northern Ireland,GB-NIR,BFS
2386,EGAB,Enniskillen/St Angelo Airport,medium_airport,54.398274,-7.651179,GB,United Kingdom of Great Britain and Northern Ireland,GB-NIR,ENK
2387,EGAC,George Best Belfast City Airport,medium_airport,54.618099,-5.8725,GB,United Kingdom of Great Britain and Northern Ireland,GB-NIR,BHD
2388,EGAE,City of Derry Airport,medium_airport,55.042801,-7.16111,GB,United Kingdom of Great Britain and Northern Ireland,GB-NIR,LDY
2389,EGBB,Birmingham Airport,large_airport,52.453899,-1.74803,GB,United Kingdom of Great Britain and Northern Ireland,GB-ENG,BHX
2390,EGBE,Coventry Airport,medium_airport,52.369701,-1.47972,GB,United Kingdom of Great Britain and Northern Ireland,GB-ENG,CVT
2392,EGBJ,Gloucestershire Airport,medium_airport,51.894199,-2.16722,GB,United Kingdom of Great Britain and Northern Ireland,GB-ENG,GLO
2393,EGBN,Nottingham City Airport,medium_airport,52.919998,-1.07917,GB,United Kingdom of Great Britain and Northern Ireland,GB-ENG,NQT
2398,EGCC,Manchester Airport,large_airport,53.349375,-2.279521,GB,United Kingdom of Great Britain and Northern Ireland,GB-ENG,MAN
2404,EGHQ,Cornwall Airport Newquay,medium_airport,50.440601,-4.99541,GB,United Kingdom of Great Britain and Northern Ireland,GB-ENG,NQY
2410,EGDY,RNAS Yeovilton,medium_airport,51.009399,-2.63882,GB,United Kingdom of Great Britain and Northern Ireland,GB-ENG,YEO
2411,EGEC,Campbeltown Airport,medium_airport,55.437199,-5.68639,GB,United Kingdom of Great Britain and Northern Ireland,GB-SCT,CAL
2414,EGFE,Haverfordwest Airport,medium_airport,51.833099365234375,-4.9611101150512695,GB,United Kingdom of Great Britain and Northern Ireland,GB-WLS,HAW
2415,EGFF,Cardiff International Airport,large_airport,51.396702,-3.34333,GB,United Kingdom of Great Britain and Northern Ireland,GB-WLS,CWL
2416,EGFH,Swansea Airport,medium_airport,51.601366,-4.071006,GB,United Kingdom of Great Britain and Northern Ireland,GB-WLS,SWS
2417,EGGD,Bristol Airport,large_airport,51.382326,-2.716453,GB,United Kingdom of Great Britain and Northern Ireland,GB-ENG,BRS
2418,EGGP,Liverpool John Lennon Airport,large_airport,53.334863,-2.849637,GB,United Kingdom of Great Britain and Northern Ireland,GB-ENG,LPL
2419,EGGW,London Luton Airport,large_airport,51.874699,-0.368333,GB,United Kingdom of Great Britain and Northern Ireland,GB-ENG,LTN
2421,EGHH,Bournemouth Airport,medium_airport,50.780483,-1.839576,GB,United Kingdom of Great Britain and Northern Ireland,GB-ENG,BOH
2422,EGHI,Southampton Airport,medium_airport,50.950298,-1.3568,GB,United Kingdom of Great Britain and Northern Ireland,GB-ENG,SOU
2424,EGJA,Alderney Airport,medium_airport,49.706104,-2.21472,GG,Guernsey,GG-A,ACI
2425,EGJB,Guernsey Airport,medium_airport,49.435001,-2.60197,GG,Guernsey,GG-G,GCI
2426,EGJJ,Jersey Airport,medium_airport,49.207901,-2.19551,JE,Jersey,JE-U-A,JER
2427,EGKA,Brighton City Airport,medium_airport,50.835602,-0.297222,GB,United Kingdom of Great Britain and Northern Ireland,GB-ENG,ESH
2428,EGKB,London Biggin Hill Airport,medium_airport,51.33079910279999,0.0324999988079,GB,United Kingdom of Great Britain and Northern Ireland,GB-ENG,BQH
2429,EGKK,London Gatwick Airport,large_airport,51.148744,-0.185739,GB,United Kingdom of Great Britain and Northern Ireland,GB-ENG,LGW
2430,EGLC,London City Airport,medium_airport,51.505299,0.055278,GB,United Kingdom of Great Britain and Northern Ireland,GB-ENG,LCY
2431,EGLF,Farnborough Airport,medium_airport,51.275799,-0.776333,GB,United Kingdom of Great Britain and Northern Ireland,GB-ENG,FAB
2433,EGLK,Blackbushe Airport,medium_airport,51.323898,-0.8475,GB,United Kingdom of Great Britain and Northern Ireland,GB-ENG,BBS
2434,EGLL,London Heathrow Airport,large_airport,51.470748,-0.459909,GB,United Kingdom of Great Britain and Northern Ireland,GB-ENG,LHR
2435,EGMC,London Southend Airport,medium_airport,51.570562,0.693627,GB,United Kingdom of Great Britain and Northern Ireland,GB-ENG,SEN
2436,EGMD,Lydd London Ashford Airport,medium_airport,50.956246,0.939074,GB,United Kingdom of Great Britain and Northern Ireland,GB-ENG,LYX
2439,EGNC,Carlisle Lake District Airport,medium_airport,54.9375,-2.80917,GB,United Kingdom of Great Britain and Northern Ireland,GB-ENG,CAX
2441,EGNH,Blackpool Airport,medium_airport,53.771702,-3.02861,GB,United Kingdom of Great Britain and Northern Ireland,GB-ENG,BLK
2442,EGNJ,Humberside Airport,medium_airport,53.576152,-0.34954,GB,United Kingdom of Great Britain and Northern Ireland,GB-ENG,HUY
2443,EGNL,Barrow Walney Island Airport,medium_airport,54.1286111,-3.2675,GB,United Kingdom of Great Britain and Northern Ireland,GB-ENG,BWF
2444,EGNM,Leeds Bradford Airport,large_airport,53.865898,-1.66057,GB,United Kingdom of Great Britain and Northern Ireland,GB-ENG,LBA
2445,EGNO,Warton Aerodrome,medium_airport,53.745098,-2.88306,GB,United Kingdom of Great Britain and Northern Ireland,GB-ENG,WRT
2446,EGNR,Hawarden Airport,medium_airport,53.178101,-2.97778,GB,United Kingdom of Great Britain and Northern Ireland,GB-WLS,CEG
2447,EGNS,Isle of Man Airport,large_airport,54.083081,-4.623871,IM,Isle of Man,IM-U-A,IOM
2448,EGNT,Newcastle International Airport,large_airport,55.037958,-1.689577,GB,United Kingdom of Great Britain and Northern Ireland,GB-ENG,NCL
2449,EGNV,Teesside International Airport,medium_airport,54.509201,-1.42941,GB,United Kingdom of Great Britain and Northern Ireland,GB-ENG,MME
2450,EGNX,East Midlands Airport,large_airport,52.8311,-1.32806,GB,United Kingdom of Great Britain and Northern Ireland,GB-ENG,EMA
2454,EGOV,Anglesey Airport,medium_airport,53.2481,-4.53534,GB,United Kingdom of Great Britain and Northern Ireland,GB-WLS,VLY
2456,EGPA,Kirkwall Airport,medium_airport,58.957903,-2.905077,GB,United Kingdom of Great Britain and Northern Ireland,GB-SCT,KOI
2457,EGPB,Sumburgh Airport,medium_airport,59.878899,-1.29556,GB,United Kingdom of Great Britain and Northern Ireland,GB-SCT,LSI
2458,EGPC,Wick John O'Groats Airport,medium_airport,58.4589,-3.09306,GB,United Kingdom of Great Britain and Northern Ireland,GB-SCT,WIC
2459,EGPD,Aberdeen International Airport,large_airport,57.2019,-2.19778,GB,United Kingdom of Great Britain and Northern Ireland,GB-SCT,ABZ
2460,EGPE,Inverness Airport,medium_airport,57.5425,-4.0475,GB,United Kingdom of Great Britain and Northern Ireland,GB-SCT,INV
2461,EGPF,Glasgow Airport,large_airport,55.871899,-4.43306,GB,United Kingdom of Great Britain and Northern Ireland,GB-SCT,GLA
2462,EGPH,Edinburgh Airport,large_airport,55.950145,-3.372288,GB,United Kingdom of Great Britain and Northern Ireland,GB-SCT,EDI
2463,EGPI,Islay Airport,medium_airport,55.682708,-6.257525,GB,United Kingdom of Great Britain and Northern Ireland,GB-SCT,ILY
2464,EGPK,Glasgow Prestwick Airport,large_airport,55.501499,-4.577182,GB,United Kingdom of Great Britain and Northern Ireland,GB-SCT,PIK
2465,EGPL,Benbecula Airport,medium_airport,57.481098,-7.36278,GB,United Kingdom of Great Britain and Northern Ireland,GB-SCT,BEB
2467,EGPN,Dundee Airport,medium_airport,56.452499,-3.02583,GB,United Kingdom of Great Britain and Northern Ireland,GB-SCT,DND
2468,EGPO,Stornoway Airport,medium_airport,58.215599,-6.33111,GB,United Kingdom of Great Britain and Northern Ireland,GB-SCT,SYY
2469,EGPU,Tiree Airport,medium_airport,56.499199,-6.86917,GB,United Kingdom of Great Britain and Northern Ireland,GB-SCT,TRE
2471,EGQL,Leuchars Station Airfield,medium_airport,56.37398,-2.868862,GB,United Kingdom of Great Britain and Northern Ireland,GB-SCT,ADX
2472,EGQS,RAF Lossiemouth,medium_airport,57.7052,-3.33917,GB,United Kingdom of Great Britain and Northern Ireland,GB-SCT,LMO
2473,EGSC,Cambridge City Airport,medium_airport,52.205002,0.175,GB,United Kingdom of Great Britain and Northern Ireland,GB-ENG,CBG
2475,EGSH,Norwich Airport,medium_airport,52.6758,1.28278,GB,United Kingdom of Great Britain and Northern Ireland,GB-ENG,NWI
2476,EGSS,London Stansted Airport,large_airport,51.884998,0.235,GB,United Kingdom of Great Britain and Northern Ireland,GB-ENG,STN
2481,EGTE,Exeter International Airport,medium_airport,50.734261,-3.413984,GB,United Kingdom of Great Britain and Northern Ireland,GB-ENG,EXT
2483,EGTK,London Oxford Airport,medium_airport,51.836899,-1.32,GB,United Kingdom of Great Britain and Northern Ireland,GB-ENG,OXF
2486,EGUB,RAF Benson,medium_airport,51.614366,-1.095991,GB,United Kingdom of Great Britain and Northern Ireland,GB-ENG,BEX
2487,EGUL,RAF Lakenheath,medium_airport,52.40954,0.561161,GB,United Kingdom of Great Britain and Northern Ireland,GB-ENG,LKZ
2488,EGUN,RAF Mildenhall,medium_airport,52.3619,0.486406,GB,United Kingdom of Great Britain and Northern Ireland,GB-ENG,MHZ
2492,EGVA,RAF Fairford,medium_airport,51.683568,-1.789172,GB,United Kingdom of Great Britain and Northern Ireland,GB-ENG,FFD
2493,EGVN,RAF Brize Norton,medium_airport,51.75,-1.58362,GB,United Kingdom of Great Britain and Northern Ireland,GB-ENG,BZZ
2494,EGVO,RAF Odiham,medium_airport,51.2341,-0.942825,GB,United Kingdom of Great Britain and Northern Ireland,GB-ENG,ODH
2496,EGWU,RAF Northolt,medium_airport,51.553001,-0.418167,GB,United Kingdom of Great Britain and Northern Ireland,GB-ENG,NHT
2497,EGXC,RAF Coningsby,medium_airport,53.092999,-0.166014,GB,United Kingdom of Great Britain and Northern Ireland,GB-ENG,QCY
2501,EGXH,RAF Honington,medium_airport,52.342602,0.772939,GB,United Kingdom of Great Britain and Northern Ireland,GB-ENG,BEQ
2506,EGXW,RAF Waddington,medium_airport,53.166199,-0.523811,GB,United Kingdom of Great Britain and Northern Ireland,GB-ENG,WTN
2511,EGYM,RAF Marham,medium_airport,52.648395,0.550692,GB,United Kingdom of Great Britain and Northern Ireland,GB-ENG,KNF
2512,EGYP,Mount Pleasant Airport / RAF Mount Pleasant,large_airport,-51.822642,-58.445777,FK,Falkland Islands (Malvinas),FK-U-A,MPN
2513,EHAM,Amsterdam Airport Schiphol,large_airport,52.308601,4.76389,NL,"Netherlands, Kingdom of the",NL-NH,AMS
2515,EHBK,Maastricht Aachen Airport,large_airport,50.911087,5.769401,NL,"Netherlands, Kingdom of the",NL-LI,MST
2518,EHEH,Eindhoven Airport,large_airport,51.4500999451,5.37452983856,NL,"Netherlands, Kingdom of the",NL-NB,EIN
2519,EHGG,Groningen Airport Eelde,large_airport,53.119107,6.577652,NL,"Netherlands, Kingdom of the",NL-DR,GRQ
2520,EHGR,Gilze Rijen Air Base,medium_airport,51.567402,4.93183,NL,"Netherlands, Kingdom of the",NL-NB,GLZ
2521,EHKD,De Kooy Airfield / Den Helder Naval Air Station,medium_airport,52.923401,4.78062,NL,"Netherlands, Kingdom of the",NL-NH,DHR
2522,EHLE,Lelystad Airport,medium_airport,52.453188,5.514622,NL,"Netherlands, Kingdom of the",NL-FL,LEY
2523,EHLW,Leeuwarden Air Base,medium_airport,53.22859954833984,5.760560035705566,NL,"Netherlands, Kingdom of the",NL-FR,LWR
2524,EHRD,Rotterdam The Hague Airport,large_airport,51.956902,4.43722,NL,"Netherlands, Kingdom of the",NL-ZH,RTM
2526,EHTW,Twente Airport,medium_airport,52.275833,6.889167,NL,"Netherlands, Kingdom of the",NL-OV,ENS
2528,EHVK,Volkel Air Base,medium_airport,51.657222,5.707778,NL,"Netherlands, Kingdom of the",NL-NB,UDE
2529,EHWO,Woensdrecht Air Base,medium_airport,51.4491,4.34203,NL,"Netherlands, Kingdom of the",NL-NB,WOE
2530,EICK,Cork International Airport,large_airport,51.841301,-8.49111,IE,Ireland,IE-CO,ORK
2532,EIDL,Donegal Airport,medium_airport,55.0442008972168,-8.340999603271484,IE,Ireland,IE-DL,CFN
2533,EIDW,Dublin Airport,large_airport,53.428713,-6.262121,IE,Ireland,IE-D,DUB
2534,EIKN,Ireland West Airport Knock,large_airport,53.910439,-8.817002,IE,Ireland,IE-MO,NOC
2535,EIKY,Kerry Airport,medium_airport,52.180901,-9.52378,IE,Ireland,IE-KY,KIR
2537,EINN,Shannon Airport,large_airport,52.702,-8.92482,IE,Ireland,IE-CE,SNN
2538,EISG,Sligo Airport,medium_airport,54.280200958252,-8.5992097854614,IE,Ireland,IE-SO,SXL
2539,EIWF,Waterford Airport,medium_airport,52.187199,-7.08696,IE,Ireland,IE-WD,WAT
2540,EKAH,Aarhus Airport,large_airport,56.303331,10.618286,DK,Denmark,DK-82,AAR
2541,EKBI,Billund Airport,large_airport,55.740335,9.157019,DK,Denmark,DK-83,BLL
2542,EKCH,Copenhagen Kastrup Airport,large_airport,55.617900848389,12.656000137329,DK,Denmark,DK-84,CPH
2543,EKEB,Esbjerg Airport,medium_airport,55.525902,8.5534,DK,Denmark,DK-83,EBJ
2546,EKKA,Midtjyllands Airport / Air Base Karup,medium_airport,56.297139,9.104311,DK,Denmark,DK-82,KRP
2548,EKMB,Lolland Falster Maribo Airport,medium_airport,54.699447,11.438163,DK,Denmark,DK-85,MRW
2549,EKOD,Odense Hans Christian Andersen Airport,large_airport,55.475307,10.327206,DK,Denmark,DK-83,ODE
2551,EKRK,Copenhagen Roskilde Airport,medium_airport,55.585602,12.1314,DK,Denmark,DK-85,RKE
2552,EKRN,Bornholm Airport,medium_airport,55.063301,14.7596,DK,Denmark,DK-84,RNN
2553,EKSB,Sønderborg Airport,medium_airport,54.96440124511719,9.791729927062988,DK,Denmark,DK-83,SGD
2554,EKSN,Sindal Airport,medium_airport,57.503502,10.2294,DK,Denmark,DK-81,CNL
2555,EKSP,Skrydstrup Air Base,medium_airport,55.221048,9.26702,DK,Denmark,DK-83,SKS
2556,EKSV,Skive Airport,medium_airport,56.550201,9.17298,DK,Denmark,DK-82,SQW
2557,EKTS,Thisted Airport,medium_airport,57.068802,8.70522,DK,Denmark,DK-81,TED
2559,EKVG,Vágar Airport,large_airport,62.063256,-7.275782,FO,Faroe Islands,FO-U-A,FAE
2561,EKVJ,Stauning Vestjylland  Airport,medium_airport,55.990101,8.35391,DK,Denmark,DK-82,STA
2562,EKYT,Aalborg Airport,large_airport,57.094763,9.84993,DK,Denmark,DK-81,AAL
2563,ELLX,Luxembourg-Findel International Airport,large_airport,49.626845,6.212134,LU,Luxembourg,LU-L,LUX
2564,ENAL,Ålesund Airport,large_airport,62.560443,6.110845,NO,Norway,NO-15,AES
2565,ENAN,"Andøya Airport, Andenes",medium_airport,69.295193,16.139379,NO,Norway,NO-18,ANX
2566,ENAT,Alta Airport,medium_airport,69.976097,23.3717,NO,Norway,NO-56,ALF
2568,ENBN,"Brønnøysund Airport, Brønnøy",medium_airport,65.461098,12.2175,NO,Norway,NO-18,BNN
2569,ENBO,Bodø Airport,large_airport,67.269203,14.3653,NO,Norway,NO-18,BOO
2570,ENBR,"Bergen Airport, Flesland",large_airport,60.2934,5.21814,NO,Norway,NO-46,BGO
2571,ENBS,Båtsfjord Airport,medium_airport,70.60025,29.692612,NO,Norway,NO-56,BJF
2572,ENCN,Kristiansand Airport,large_airport,58.204201,8.08537,NO,Norway,NO-42,KRS
2574,ENDU,Bardufoss Airport,medium_airport,69.055801,18.5404,NO,Norway,NO-55,BDU
2575,ENEV,Harstad/Narvik Airport,large_airport,68.491302,16.678101,NO,Norway,NO-18,EVE
2577,ENFL,Florø Airport,medium_airport,61.583599090576,5.0247201919556,NO,Norway,NO-46,FRO
2578,ENGM,Oslo-Gardermoen International Airport,large_airport,60.193901,11.1004,NO,Norway,NO-32,OSL
2579,ENHD,"Haugesund Airport, Karmøy",medium_airport,59.345299,5.20836,NO,Norway,NO-11,HAU
2581,ENKB,"Kristiansund Airport, Kvernberget",medium_airport,63.111801,7.82452,NO,Norway,NO-15,KSU
2583,ENKR,"Kirkenes Airport, Høybuktmoen",medium_airport,69.7258,29.8913,NO,Norway,NO-56,KKN
2585,ENML,"Molde Airport, Årø",medium_airport,62.744701,7.2625,NO,Norway,NO-15,MOL
2586,ENMS,"Mosjøen Airport, Kjærstad",medium_airport,65.783997,13.2149,NO,Norway,NO-18,MJF
2587,ENNA,"Lakselv Airport, Banak",medium_airport,70.068802,24.973499,NO,Norway,NO-56,LKL
2588,ENNO,Notodden Airport,medium_airport,59.565071,9.213152,NO,Norway,NO-40,NTB
2589,ENOL,Ørland Airport,medium_airport,63.69889831542969,9.604000091552734,NO,Norway,NO-50,OLA
2591,ENRO,Røros Airport,medium_airport,62.578399658203,11.342300415039,NO,Norway,NO-50,RRS
2593,ENSB,"Svalbard Airport, Longyear",medium_airport,78.246101,15.4656,NO,Norway,NO-21,LYR
2595,ENSO,"Stord Airport, Sørstokken",medium_airport,59.791901,5.34085,NO,Norway,NO-46,SRP
2596,ENSR,Sørkjosen Airport,medium_airport,69.786797,20.9594,NO,Norway,NO-55,SOJ
2597,ENSS,"Vardø Airport, Svartnes",medium_airport,70.3554,31.044901,NO,Norway,NO-56,VAW
2598,ENST,"Sandnessjøen Airport, Stokka",medium_airport,65.956802,12.4689,NO,Norway,NO-18,SSJ
2599,ENTC,Tromsø Airport,large_airport,69.683296,18.9189,NO,Norway,NO-55,TOS
2600,ENTO,"Sandefjord Airport, Torp",large_airport,59.186699,10.2586,NO,Norway,NO-39,TRF
2601,ENVA,"Trondheim Airport, Værnes",large_airport,63.457802,10.924,NO,Norway,NO-50,TRD
2602,ENZV,"Stavanger Airport, Sola",large_airport,58.876701,5.63778,NO,Norway,NO-11,SVG
2604,EPBY,Ignacy Jan Paderewski Bydgoszcz Airport,medium_airport,53.096802,17.977699,PL,Poland,PL-KP,BZG
2608,EPGD,Gdańsk Lech Wałęsa Airport,large_airport,54.377602,18.4662,PL,Poland,PL-PM,GDN
2609,EPKK,Kraków John Paul II International Airport,large_airport,50.077702,19.7848,PL,Poland,PL-MA,KRK
2613,EPKT,Katowice Wojciech Korfanty International Airport,large_airport,50.476015,19.080705,PL,Poland,PL-SL,KTW
2616,EPLL,Łódź Władysław Reymont Airport,large_airport,51.721901,19.3981,PL,Poland,PL-LD,LCJ
2622,EPMO,Warsaw Modlin Airport,large_airport,52.451099,20.6518,PL,Poland,PL-MZ,WMI
2625,EPPO,Poznań-Ławica Airport,large_airport,52.421598,16.823359,PL,Poland,PL-WP,POZ
2628,EPRA,Warsaw Radom Airport,medium_airport,51.38937,21.214742,PL,Poland,PL-MZ,RDO
2629,EPRZ,Rzeszów-Jasionka Airport,large_airport,50.109791,22.024155,PL,Poland,PL-PK,RZE
2630,EPSC,Solidarity Szczecin–Goleniów Airport,large_airport,53.584702,14.9022,PL,Poland,PL-ZP,SZZ
2635,EPSY,Olsztyn-Mazury Airport,medium_airport,53.481899,20.9377,PL,Poland,PL-WN,SZY
2637,EPWA,Warsaw Chopin Airport,large_airport,52.165699,20.9671,PL,Poland,PL-MZ,WAW
2638,EPWR,Copernicus Wrocław Airport,large_airport,51.103719,16.882096,PL,Poland,PL-DS,WRO
2639,EPZG,Zielona Góra-Babimost Airport,medium_airport,52.1385,15.7986,PL,Poland,PL-LB,IEG
2646,ESDF,Ronneby Airport,medium_airport,56.266701,15.265,SE,Sweden,SE-K,RNB
2648,ESGG,Göteborg Landvetter Airport,large_airport,57.6628,12.2798,SE,Sweden,SE-Q,GOT
2649,ESGJ,Jönköping Airport,medium_airport,57.757598876953125,14.068699836730955,SE,Sweden,SE-F,JKG
2652,ESGP,Säve Airport,medium_airport,57.7747,11.8704,SE,Sweden,SE-Q,GSE
2653,ESGR,Skövde Airport,medium_airport,58.456402,13.9727,SE,Sweden,SE-Q,KVB
2654,ESGT,Trollhättan-Vänersborg Airport,medium_airport,58.31809997558594,12.345000267028809,SE,Sweden,SE-Q,THN
2658,ESKK,Karlskoga Airport,medium_airport,59.345901,14.4959,SE,Sweden,SE-T,KSK
2659,ESKM,Mora Airport,medium_airport,60.957901,14.5114,SE,Sweden,SE-W,MXX
2660,ESKN,Stockholm Skavsta Airport,large_airport,58.789656,16.911479,SE,Sweden,SE-D,NYO
2664,ESMK,Kristianstad Airport,medium_airport,55.9217,14.0855,SE,Sweden,SE-M,KID
2668,ESMQ,Kalmar Airport,medium_airport,56.685501,16.2876,SE,Sweden,SE-H,KLR
2669,ESMS,Malmö Sturup Airport,large_airport,55.535564,13.376327,SE,Sweden,SE-M,MMX
2670,ESMT,Halmstad Airport,medium_airport,56.69110107421875,12.820199966430664,SE,Sweden,SE-N,HAD
2672,ESMX,Växjö Kronoberg Airport,medium_airport,56.929100036621094,14.727999687194824,SE,Sweden,SE-G,VXO
2676,ESNG,Gällivare Airport,medium_airport,67.13240051269531,20.814599990844727,SE,Sweden,SE-BD,GEV
2679,ESNK,Kramfors-Sollefteå Höga Kusten Airport,medium_airport,63.048599,17.7689,SE,Sweden,SE-Y,KRF
2680,ESNL,Lycksele Airport,medium_airport,64.548302,18.7162,SE,Sweden,SE-AC,LYC
2682,ESNN,Sundsvall-Härnösand Airport,medium_airport,62.528099060058594,17.443899154663086,SE,Sweden,SE-Y,SDL
2683,ESNO,Örnsköldsvik Airport,medium_airport,63.40829849243164,18.989999771118164,SE,Sweden,SE-Y,OER
2685,ESNQ,Kiruna Airport,large_airport,67.821999,20.3368,SE,Sweden,SE-BD,KRN
2687,ESNS,Skellefteå Airport,medium_airport,64.62480163574219,21.076900482177734,SE,Sweden,SE-AC,SFT
2689,ESNU,Umeå Airport,large_airport,63.791801,20.282801,SE,Sweden,SE-AC,UME
2690,ESNV,Vilhelmina South Lapland Airport,medium_airport,64.579102,16.833599,SE,Sweden,SE-AC,VHM
2691,ESNX,Arvidsjaur Airport,medium_airport,65.59030151367188,19.28190040588379,SE,Sweden,SE-BD,AJR
2692,ESNY,Söderhamn Airport,medium_airport,61.261501,17.0991,SE,Sweden,SE-X,SOO
2693,ESOE,Örebro Airport,medium_airport,59.22370147705078,15.038000106811523,SE,Sweden,SE-T,ORB
2695,ESOK,Karlstad Airport,medium_airport,59.444698,13.3374,SE,Sweden,SE-S,KSD
2696,ESOW,Stockholm Västerås Airport,large_airport,59.589401,16.6336,SE,Sweden,SE-U,VST
2697,ESPA,Luleå Airport,large_airport,65.5438,22.122,SE,Sweden,SE-BD,LLA
2701,ESSA,Stockholm-Arlanda Airport,large_airport,59.64849,17.928829,SE,Sweden,SE-AB,ARN
2702,ESSB,Stockholm-Bromma Airport,medium_airport,59.354401,17.9417,SE,Sweden,SE-AB,BMA
2703,ESSD,Dala Airport,medium_airport,60.422001,15.5152,SE,Sweden,SE-W,BLE
2705,ESSK,Gävle Sandviken Airport,medium_airport,60.5933,16.951401,SE,Sweden,SE-X,GVX
2706,ESSL,Linköping City Airport,large_airport,58.404909,15.684499,SE,Sweden,SE-E,LPI
2707,ESSP,Norrköping Airport,medium_airport,58.586299896240234,16.250600814819336,SE,Sweden,SE-E,NRK
2708,ESST,Torsby Airport,medium_airport,60.1576,12.9913,SE,Sweden,SE-S,TYF
2709,ESSU,Eskilstuna Airport,medium_airport,59.351101,16.708401,SE,Sweden,SE-D,EKT
2710,ESSV,Visby Airport,large_airport,57.6628,18.346201,SE,Sweden,SE-I,VBY
2711,ESTA,Ängelholm-Helsingborg Airport,medium_airport,56.29610061645508,12.847100257873535,SE,Sweden,SE-M,AGH
2713,ESUD,Storuman Airport,medium_airport,64.960899,17.6966,SE,Sweden,SE-AC,SQO
2717,ETAD,Spangdahlem Air Base,medium_airport,49.976507,6.698413,DE,Germany,DE-RP,SPM
2718,ETAR,Ramstein Air Base,medium_airport,49.436901,7.60028,DE,Germany,DE-RP,RMS
2724,ETHF,Fritzlar Army Airfield,medium_airport,51.1146,9.286,DE,Germany,DE-HE,FRZ
2734,ETMN,Sea-Airport Cuxhaven/Nordholz / Nordholz Naval Airbase,medium_airport,53.767689,8.659201,DE,Germany,DE-NI,FCN
2736,ETNG,Geilenkirchen Air Base,medium_airport,50.9608,6.04242,DE,Germany,DE-NW,GKE
2739,ETNL,Rostock-Laage Airport,medium_airport,53.918201,12.2783,DE,Germany,DE-MV,RLG
2741,ETNS,Schleswig Air Base,medium_airport,54.459301,9.51633,DE,Germany,DE-SH,WBG
2743,EDBN,Neubrandenburg Trollenhagen Airport,medium_airport,53.6022,13.306,DE,Germany,DE-MV,FNB
2747,ETOU,Wiesbaden Army Airfield,medium_airport,50.049800872802734,8.325400352478027,DE,Germany,DE-HE,WIE
2753,ETSI,Ingolstadt Manching Airport,medium_airport,48.7156982421875,11.534000396728516,DE,Germany,DE-BY,IGS
2757,EVLA,Liepāja International Airport,large_airport,56.517502,21.096901,LV,Latvia,LV-112,LPX
2758,EVRA,Riga International Airport,large_airport,56.920752,23.970711,LV,Latvia,LV-062,RIX
2760,EYKA,Kaunas International Airport,large_airport,54.963965,24.08582,LT,Lithuania,LT-KU,KUN
2762,EYPA,Palanga International Airport,large_airport,55.973202,21.093901,LT,Lithuania,LT-KL,PLQ
2763,EYPP,Panevėžys Air Base,medium_airport,55.729400634765625,24.46080017089844,LT,Lithuania,LT-PN,PNV
2764,EYSA,Šiauliai International Airport,medium_airport,55.89390182495117,23.395000457763672,LT,Lithuania,LT-SA,SQQ
2766,EYVI,Vilnius International Airport,large_airport,54.634102,25.285801,LT,Lithuania,LT-VL,VNO
2767,FAAB,Alexander Bay Airport,medium_airport,-28.575001,16.5333,ZA,South Africa,ZA-NC,ALJ
2768,FAAG,Aggeneys Airport,medium_airport,-29.281799,18.8139,ZA,South Africa,ZA-NC,AGZ
2771,FABE,Bisho Airport,medium_airport,-32.897099,27.2791,ZA,South Africa,ZA-EC,BIY
2772,FABL,Bram Fischer International Airport,large_airport,-29.092699,26.302401,ZA,South Africa,ZA-FS,BFN
2775,FACT,Cape Town International Airport,large_airport,-33.97403,18.604333,ZA,South Africa,ZA-WC,CPT
2779,FAEL,King Phalo Airport,large_airport,-33.035599,27.825899,ZA,South Africa,ZA-EC,ELS
2781,FAFB,Ficksburg Sentraoes Airport,medium_airport,-28.82309913635254,27.908899307250977,ZA,South Africa,ZA-FS,FCB
2782,FAGC,Grand Central Airport,medium_airport,-25.986299514799995,28.1401004791,ZA,South Africa,ZA-GT,GCJ
2783,FAGG,George Airport,large_airport,-34.0056,22.378902,ZA,South Africa,ZA-WC,GRJ
2784,FAGM,Rand Airport,medium_airport,-26.2425,28.151199,ZA,South Africa,ZA-GT,QRA
2789,FAHR,Harrismith Airport,medium_airport,-28.2351,29.106199,ZA,South Africa,ZA-FS,HRS
2793,FAKD,P C Pelser Airport,medium_airport,-26.871099,26.718,ZA,South Africa,ZA-NW,KXE
2794,FAKM,Kimberley Airport,large_airport,-28.805401,24.764872,ZA,South Africa,ZA-NC,KIM
2795,FAKN,Kruger Mpumalanga International Airport,large_airport,-25.383327,31.105325,ZA,South Africa,ZA-MP,MQP
2798,FAKU,Johan Pienaar Airport,medium_airport,-27.45669937133789,23.411399841308594,ZA,South Africa,ZA-NC,KMH
2799,FAKZ,Kleinsee Airport,medium_airport,-29.6884002686,17.093999862700002,ZA,South Africa,ZA-NC,KLZ
2800,FALA,Lanseria International Airport,large_airport,-25.938964,27.926642,ZA,South Africa,ZA-GT,HLA
2801,FALC,Lime Acres Finsch Mine Airport,medium_airport,-28.36009979248047,23.43910026550293,ZA,South Africa,ZA-NC,LMR
2805,FALW,Langebaanweg Airport,medium_airport,-32.968898773199996,18.1602993011,ZA,South Africa,ZA-WC,SDB
2806,FALY,Ladysmith Airport,medium_airport,-28.5816993713,29.7497005463,ZA,South Africa,ZA-NL,LAY
2808,FAMD,Malamala Airport,medium_airport,-24.816866,31.544085,ZA,South Africa,ZA-MP,AAM
2809,FAMG,Margate Airport,medium_airport,-30.8574008942,30.343000412,ZA,South Africa,ZA-NL,MGH
2812,FAMM,Mmabatho International Airport,medium_airport,-25.798400878900004,25.548000335699996,ZA,South Africa,ZA-NW,MBD
2815,FAMU,Mkuze Airport,medium_airport,-27.626101,32.0443,ZA,South Africa,ZA-NL,MZQ
2816,FANC,Newcastle Airport,medium_airport,-27.7705993652,29.976900100699996,ZA,South Africa,ZA-NL,NCS
2819,FAOH,Oudtshoorn Airport,medium_airport,-33.6069984436,22.188999176,ZA,South Africa,ZA-WC,OUH
2820,FAPE,Chief Dawid Stuurman International Airport,large_airport,-33.989715,25.617353,ZA,South Africa,ZA-EC,PLZ
2821,FAPG,Plettenberg Bay Airport,medium_airport,-34.08816,23.328723,ZA,South Africa,ZA-WC,PBZ
2822,FAPH,Hendrik Van Eck Airport,medium_airport,-23.9372005463,31.1553993225,ZA,South Africa,ZA-NP,PHW
2824,FAPJ,Port St Johns Airport,medium_airport,-31.60612,29.52175,ZA,South Africa,ZA-EC,JOH
2825,FAPM,Pietermaritzburg Airport,medium_airport,-29.649000167799997,30.3987007141,ZA,South Africa,ZA-NL,PZB
2826,FAPN,Pilanesberg International Airport,medium_airport,-25.333799,27.173401,ZA,South Africa,ZA-NW,NTY
2827,FAPP,Polokwane International Airport,large_airport,-23.845269,29.458615,ZA,South Africa,ZA-NP,PTG
2828,FAPS,Potchefstroom Airport,medium_airport,-26.670999527,27.0818996429,ZA,South Africa,ZA-NW,PCF
2830,FAQT,Queenstown Airport,medium_airport,-31.92020034790039,26.882200241088867,ZA,South Africa,ZA-EC,UTW
2831,FARB,Richards Bay Airport,medium_airport,-28.740999221800003,32.0920982361,ZA,South Africa,ZA-NL,RCB
2833,FARS,Robertson Airport,medium_airport,-33.812199,19.9028,ZA,South Africa,ZA-WC,ROD
2834,FASB,Springbok Airport,medium_airport,-29.689300537109375,17.939599990844727,ZA,South Africa,ZA-NC,SBU
2835,FASC,Secunda Airport,medium_airport,-26.52409935,29.170099258399997,ZA,South Africa,ZA-MP,ZEC
2839,FASS,Sishen Airport,medium_airport,-27.6486,22.9993,ZA,South Africa,ZA-NC,SIS
2841,FASZ,Skukuza Airport,medium_airport,-24.96085,31.588587,ZA,South Africa,ZA-MP,SZK
2845,FATZ,Tzaneen Airport,medium_airport,-23.8244,30.3293,ZA,South Africa,ZA-NP,LTA
2846,FAUL,Prince Mangosuthu Buthelezi Airport,medium_airport,-28.3206005096,31.4165000916,ZA,South Africa,ZA-NL,ULD
2847,FAUP,Upington Airport,medium_airport,-28.400246,21.263592,ZA,South Africa,ZA-NC,UTN
2848,FAUT,K. D. Matanzima Airport,medium_airport,-31.5463631849,28.6733551025,ZA,South Africa,ZA-EC,UTT
2849,FAVB,Vryburg Airport,medium_airport,-26.9824008942,24.7287998199,ZA,South Africa,ZA-NW,VRU
2850,FAVG,Virginia Airport,medium_airport,-29.770599,31.058399,ZA,South Africa,ZA-NL,VIR
2852,FAVR,Vredendal Airport,medium_airport,-31.641000747680664,18.5447998046875,ZA,South Africa,ZA-WC,VRE
2854,FAWB,Wonderboom Airport,medium_airport,-25.6539,28.224199,ZA,South Africa,ZA-GT,PRY
2856,FAWK,Waterkloof Air Force Base,medium_airport,-25.829999923699997,28.2224998474,ZA,South Africa,ZA-GT,WKF
2860,FBFT,Phillip Gaonwe Matante International Airport,large_airport,-21.159183,27.468826,BW,Botswana,BW-FR,FRW
2861,FBJW,Jwaneng Airport,medium_airport,-24.602301,24.691,BW,Botswana,BW-JW,JWA
2862,FBKE,Kasane International Airport,large_airport,-17.831653,25.166195,BW,Botswana,BW-CH,BBK
2863,FBMN,Maun International Airport,large_airport,-19.970491,23.431409,BW,Botswana,BW-NW,MUB
2864,FBSK,Sir Seretse Khama International Airport,large_airport,-24.555201,25.9182,BW,Botswana,BW-GA,GBE
2865,FBSN,Sua Pan Airport,medium_airport,-20.5534,26.115801,BW,Botswana,BW-ST,SXN
2866,FBSP,Selebi Phikwe Airport,medium_airport,-22.0583,27.8288,BW,Botswana,BW-SP,PKW
2868,FCBB,Maya-Maya International Airport,large_airport,-4.2517,15.253,CG,Congo,CG-12,BZV
2869,FCOO,Owando Airport,medium_airport,-0.524566,15.93782,CG,Congo,CG-8,FTX
2870,FCOU,Ouesso Airport,medium_airport,1.61599,16.037901,CG,Congo,CG-13,OUE
2871,FCPP,Antonio Agostinho-Neto International Airport,large_airport,-4.81603,11.8866,CG,Congo,CG-5,PNR
2872,FDMS,Matsapha International Airport,large_airport,-26.528919,31.307577,SZ,Eswatini,SZ-MA,MTS
2873,FEFF,Bangui M'Poko International Airport,large_airport,4.39848,18.518801,CF,Central African Republic,CF-MP,BGF
2874,FEFT,Berbérati Airport,medium_airport,4.2215800285339355,15.786399841308594,CF,Central African Republic,CF-HS,BBT
2875,FGBT,Bata International Airport,large_airport,1.90547,9.80568,GQ,Equatorial Guinea,GQ-LI,BSG
2876,FGSL,Malabo International Airport,large_airport,3.75527,8.70872,GQ,Equatorial Guinea,GQ-BN,SSG
2877,FHAW,RAF Ascension Island,medium_airport,-7.970179,-14.392744,SH,"Saint Helena, Ascension and Tristan da Cunha",SH-AC,ASI
2878,FIMP,Sir Seewoosagur Ramgoolam International Airport,large_airport,-20.430201,57.683601,MU,Mauritius,MU-GP,MRU
2879,FIMR,Sir Charles Gaetan Duval Airport,medium_airport,-19.756696,63.359326,MU,Mauritius,MU-RO,RRG
2880,FJDG,Naval Support Facility Diego Garcia,medium_airport,-7.31327,72.411102,IO,British Indian Ocean Territory,IO-U-A,NKW
2881,FKKC,Tiko Airport,medium_airport,4.08919000626,9.3605298996,CM,Cameroon,CM-SW,TKC
2882,FKKD,Douala International Airport,large_airport,4.00608,9.71948,CM,Cameroon,CM-LT,DLA
2883,FKKL,Salak Airport,medium_airport,10.45139980316162,14.257399559020996,CM,Cameroon,CM-EN,MVR
2884,FKKM,Foumban Nkounja Airport,medium_airport,5.63692,10.7508,CM,Cameroon,CM-OU,FOM
2885,FKKN,N'Gaoundéré Airport,medium_airport,7.357009887695312,13.559200286865234,CM,Cameroon,CM-AD,NGE
2886,FKKR,Garoua International Airport,large_airport,9.334785,13.372129,CM,Cameroon,CM-NO,GOU
2887,FKKU,Bafoussam Airport,medium_airport,5.536920070650001,10.3545999527,CM,Cameroon,CM-OU,BFX
2888,FKKV,Bamenda Airport,medium_airport,6.03924,10.1226,CM,Cameroon,CM-NW,BPC
2889,FKKY,Yaoundé Ville Airport,medium_airport,3.83604,11.5235,CM,Cameroon,CM-CE,YAO
2890,FKYS,Yaoundé Nsimalen International Airport,large_airport,3.72256,11.5533,CM,Cameroon,CM-CE,NSI
2891,FLKE,Kasompe Airport,medium_airport,-12.5728,27.8939,ZM,Zambia,ZM-08,CGJ
2893,FLLI,Harry Mwanga Nkumbula International Airport,large_airport,-17.821524,25.819642,ZM,Zambia,ZM-07,LVI
2894,FLLS,Kenneth Kaunda International Airport,large_airport,-15.330833,28.452722,ZM,Zambia,ZM-09,LUN
2895,FLMF,Mfuwe International Airport,large_airport,-13.2589,31.9366,ZM,Zambia,ZM-03,MFU
2896,FLMG,Mongu Airport,medium_airport,-15.2545,23.1623,ZM,Zambia,ZM-01,MNR
2898,FLSO,Southdowns Airport,medium_airport,-12.9005,28.1499,ZM,Zambia,ZM-08,KIW
2901,FMCH,Prince Said Ibrahim International Airport,large_airport,-11.5337,43.2719,KM,Comoros,KM-G,HAH
2902,FMCI,Mohéli Bandar Es Eslam Airport,medium_airport,-12.298096,43.766496,KM,Comoros,KM-M,NWA
2903,FMCV,Ouani Airport,medium_airport,-12.131047,44.430044,KM,Comoros,KM-A,AJN
2904,FMCZ,Dzaoudzi Pamandzi International Airport,large_airport,-12.809319,45.281815,YT,Mayotte,YT-U-A,DZA
2905,FMEE,Roland Garros Airport,large_airport,-20.890087,55.518894,RE,Réunion,RE-SD,RUN
2906,FMEP,Saint-Pierre Pierrefonds Airport,large_airport,-21.319362,55.422506,RE,Réunion,RE-SR,ZSE
2908,FMMI,Ivato International Airport,large_airport,-18.7969,47.478802,MG,Madagascar,MG-T,TNR
2909,FMMN,Miandrivazo Airport,medium_airport,-19.562799,45.450802,MG,Madagascar,MG-U,ZVA
2910,FMMS,Sainte Marie Airport,medium_airport,-17.093901,49.8158,MG,Madagascar,MG-A,SMS
2911,FMMT,Toamasina Ambalamanasy Airport,large_airport,-18.113537,49.392262,MG,Madagascar,MG-A,TMM
2912,FMMV,Morondava Airport,medium_airport,-20.2847,44.3176,MG,Madagascar,MG-U,MOQ
2913,FMNA,Arrachart Airport,medium_airport,-12.3494,49.291698,MG,Madagascar,MG-D,DIE
2914,FMNC,Mananara Nord Airport,medium_airport,-16.1639,49.7738,MG,Madagascar,MG-A,WMR
2915,FMND,Andapa Airport,medium_airport,-14.651700019836426,49.620601654052734,MG,Madagascar,MG-D,ZWA
2917,FMNH,Antsirabe Airport,medium_airport,-14.9994,50.320202,MG,Madagascar,MG-D,ANM
2918,FMNL,Analalava Airport,medium_airport,-14.629514,47.763555,MG,Madagascar,MG-M,HVA
2919,FMNM,Amborovy Airport,large_airport,-15.666842,46.351233,MG,Madagascar,MG-M,MJN
2920,FMNN,Nosy Be-Fascene International Airport,medium_airport,-13.3121,48.3148,MG,Madagascar,MG-D,NOS
2921,FMNQ,Besalampy Airport,medium_airport,-16.74453,44.482484,MG,Madagascar,MG-M,BPY
2922,FMNR,Maroantsetra Airport,medium_airport,-15.437742,49.689081,MG,Madagascar,MG-A,WMN
2923,FMNS,Sambava Airport,medium_airport,-14.2786,50.174702,MG,Madagascar,MG-D,SVB
2924,FMNV,Vohemar Airport,medium_airport,-13.3758,50.0028,MG,Madagascar,MG-D,VOH
2925,FMNW,Ambalabe Airport,medium_airport,-14.8988,47.9939,MG,Madagascar,MG-M,WAI
2927,FMSD,Tôlanaro Airport,medium_airport,-25.038099,46.9561,MG,Madagascar,MG-U,FTU
2928,FMSF,Fianarantsoa Airport,medium_airport,-21.441601,47.111698,MG,Madagascar,MG-F,WFI
2930,FMSK,Manakara Airport,medium_airport,-22.119699,48.021702,MG,Madagascar,MG-F,WVK
2931,FMSM,Mananjary Airport,medium_airport,-21.201799,48.358299,MG,Madagascar,MG-F,MNJ
2932,FMSR,Morombe Airport,medium_airport,-21.753837,43.374753,MG,Madagascar,MG-U,MXM
2933,FMST,Toliara Airport,medium_airport,-23.3834,43.7285,MG,Madagascar,MG-U,TLE
2934,FNBC,Mbanza Congo Airport,medium_airport,-6.269899845123291,14.246999740600586,AO,Angola,AO-ZAI,SSY
2935,FNBG,Benguela Airport,medium_airport,-12.609,13.4037,AO,Angola,AO-BGU,BUG
2936,FNCA,Cabinda Airport,medium_airport,-5.59839,12.188145,AO,Angola,AO-CAB,CAB
2937,FNDU,Dundo Airport,medium_airport,-7.400889873504639,20.818500518798828,AO,Angola,AO-LNO,DUE
2938,FNGI,Ngjiva Pereira Airport,medium_airport,-17.0435009003,15.683799743700002,AO,Angola,AO-CNN,VPE
2939,FNHU,Albano Machado Airport,medium_airport,-12.8089,15.7605,AO,Angola,AO-HUA,NOV
2940,FNKU,Kuito Airport,medium_airport,-12.404600143433,16.947399139404,AO,Angola,AO-BIE,SVP
2942,FNLU,Quatro de Fevereiro International Airport,large_airport,-8.85837,13.2312,AO,Angola,AO-LUA,LAD
2944,FNMA,Malanje Airport,medium_airport,-9.525090217590332,16.312400817871094,AO,Angola,AO-MAL,MEG
2945,FNME,Menongue Airport,medium_airport,-14.657600402832031,17.71980094909668,AO,Angola,AO-CCU,SPP
2946,FNMO,Welwitschia Mirabilis International Airport,medium_airport,-15.2612,12.1468,AO,Angola,AO-NAM,MSZ
2947,FNNG,Negage Airport,medium_airport,-7.754509925842285,15.287699699401855,AO,Angola,AO-UIG,GXG
2948,FNPA,Porto Amboim Airport,medium_airport,-10.722,13.7655,AO,Angola,AO-CUS,PBN
2949,FNSA,Saurimo Airport,medium_airport,-9.68907,20.4319,AO,Angola,AO-LSU,VHC
2950,FNSO,Soyo Airport,medium_airport,-6.141089916229248,12.371800422668455,AO,Angola,AO-ZAI,SZA
2951,FNSU,Sumbe Airport,medium_airport,-11.1679,13.8475,AO,Angola,AO-CUS,NDD
2952,FNUB,Lubango Mukanka International Airport,medium_airport,-14.924839,13.576653,AO,Angola,AO-HUI,SDD
2953,FNUE,Luena Airport,medium_airport,-11.7681,19.897699,AO,Angola,AO-MOX,LUO
2954,FNUG,Uige Airport,medium_airport,-7.60307,15.0278,AO,Angola,AO-UIG,UGO
2955,FNXA,Xangongo Airport,medium_airport,-16.755399703979492,14.965299606323242,AO,Angola,AO-CNN,XGN
2957,FOGK,Koulamoutou Mabimbi Airport,medium_airport,-1.18461,12.4413,GA,Gabon,GA-7,KOU
2958,FOGM,Mouilla Ville Airport,medium_airport,-1.84514,11.0567,GA,Gabon,GA-4,MJL
2959,FOGO,Oyem Airport,medium_airport,1.5431100130081177,11.58139991760254,GA,Gabon,GA-9,OYE
2960,FOGQ,Okondja Airport,medium_airport,-0.665214,13.6731,GA,Gabon,GA-2,OKN
2961,FOGR,Lambarene Airport,medium_airport,-0.704389,10.2457,GA,Gabon,GA-3,LBQ
2962,FOOB,Bitam Airport,medium_airport,2.07564,11.4932,GA,Gabon,GA-9,BMM
2963,FOOG,Port Gentil International Airport,large_airport,-0.711739,8.75438,GA,Gabon,GA-8,POG
2964,FOOH,Omboue Hospital Airport,medium_airport,-1.57473,9.26269,GA,Gabon,GA-8,OMB
2965,FOOK,Makokou Airport,medium_airport,0.5792109966278076,12.890899658203123,GA,Gabon,GA-6,MKU
2966,FOOL,Libreville Leon M'ba International Airport,large_airport,0.458951,9.41214,GA,Gabon,GA-1,LBV
2967,FOON,M'Vengue El Hadj Omar Bongo Ondimba International Airport,large_airport,-1.65616,13.438,GA,Gabon,GA-2,MVB
2968,FPPR,Principe Airport,medium_airport,1.661155,7.411081,ST,Sao Tome and Principe,ST-P,PCP
2969,FPST,São Tomé International Airport,large_airport,0.378175,6.71215,ST,Sao Tome and Principe,ST-01,TMS
2970,FQBR,Beira International Airport,large_airport,-19.7964,34.9076,MZ,Mozambique,MZ-S,BEW
2971,FQCH,Chimoio Airport,medium_airport,-19.15130043029785,33.42900085449219,MZ,Mozambique,MZ-B,VPY
2972,FQIN,Inhambane Airport,medium_airport,-23.8764,35.408501,MZ,Mozambique,MZ-I,INH
2973,FQLC,Lichinga Airport,medium_airport,-13.274,35.2663,MZ,Mozambique,MZ-A,VXC
2975,FQMA,Maputo Airport,large_airport,-25.920799,32.572601,MZ,Mozambique,MZ-MPM,MPM
2976,FQMD,Mueda Airport,medium_airport,-11.6729,39.563099,MZ,Mozambique,MZ-P,MUD
2977,FQMP,Mocímboa da Praia Airport,medium_airport,-11.3618,40.3549,MZ,Mozambique,MZ-P,MZB
2979,FQNC,Nacala International Airport,medium_airport,-14.4882,40.7122,MZ,Mozambique,MZ-N,MNC
2980,FQNP,Nampula Airport,large_airport,-15.1056,39.281799,MZ,Mozambique,MZ-N,APL
2981,FQPB,Pemba Airport,medium_airport,-12.993302,40.524867,MZ,Mozambique,MZ-P,POL
2982,FQQL,Quelimane Airport,medium_airport,-17.855499267578125,36.86909866333008,MZ,Mozambique,MZ-Q,UEL
2984,FQTT,Tete Airport,large_airport,-16.104799,33.640202,MZ,Mozambique,MZ-T,TET
2986,FQVL,Vilankulo Airport,medium_airport,-22.018400192260746,35.31330108642578,MZ,Mozambique,MZ-I,VNX
2993,FSIA,Seychelles International Airport,large_airport,-4.67434,55.521801,SC,Seychelles,SC-20,SEZ
2994,FSPP,Praslin Island Airport,medium_airport,-4.319256,55.691561,SC,Seychelles,SC-14,PRI
2996,FTTC,Abeche Airport,medium_airport,13.847,20.844299,TD,Chad,TD-OD,AEH
2997,FTTD,Moundou Airport,medium_airport,8.628503,16.074241,TD,Chad,TD-LO,MQQ
2998,FTTJ,N'Djamena International Airport,large_airport,12.1337,15.034,TD,Chad,TD-ND,NDJ
2999,FTTY,Faya-Largeau Airport,medium_airport,17.917101,19.111099,TD,Chad,TD-BO,FYT
3000,FVBU,Joshua Mqabuko Nkomo International Airport,large_airport,-20.016284,28.622897,ZW,Zimbabwe,ZW-BU,BUQ
3003,FVCZ,Buffalo Range Airport,medium_airport,-21.008101,31.5786,ZW,Zimbabwe,ZW-MV,BFO
3004,FVFA,Victoria Falls International Airport,large_airport,-18.097437,25.836867,ZW,Zimbabwe,ZW-MN,VFA
3005,FVHA,Robert Gabriel Mugabe International Airport,large_airport,-17.931801,31.0928,ZW,Zimbabwe,ZW-HA,HRE
3006,FVKB,Kariba Airport,medium_airport,-16.5198,28.885,ZW,Zimbabwe,ZW-MW,KAB
3010,FVMV,Masvingo International Airport,medium_airport,-20.0553,30.8591,ZW,Zimbabwe,ZW-MV,MVZ
3013,FVTL,Josiah Tungamirai Air Force Base,medium_airport,-19.436718,29.861945,ZW,Zimbabwe,ZW-MI,GWE
3014,FVWN,Hwange National Park Airport,medium_airport,-18.6299,27.021,ZW,Zimbabwe,ZW-MN,HWN
3015,FWCL,Chileka International Airport,large_airport,-15.677189,34.972319,MW,Malawi,MW-BL,BLZ
3016,FWKA,Karonga Airport,medium_airport,-9.953571,33.893264,MW,Malawi,MW-KR,KGJ
3018,FWKI,Kamuzu International Airport,large_airport,-13.7894,33.780998,MW,Malawi,MW-LI,LLW
3020,FWUU,Mzuzu Airport,medium_airport,-11.4447,34.011799,MW,Malawi,MW-MZ,ZZU
3022,FXMM,Moshoeshoe I International Airport,large_airport,-29.456277,27.554456,LS,Lesotho,LS-A,MSU
3024,FYAR,Arandis Airport,medium_airport,-22.461875,14.979322,NA,,NA-ER,ADI
3026,FYGF,Grootfontein Airport,medium_airport,-19.6022,18.1227,NA,,NA-OD,GFY
3027,FYKM,Katima Mulilo Airport,medium_airport,-17.634258,24.176688,NA,,NA-CA,MPA
3028,FYKT,Keetmanshoop Airport,medium_airport,-26.539801,18.111401,NA,,NA-KA,KMP
3029,FYLZ,Luderitz Airport,medium_airport,-26.687400817871097,15.242899894714355,NA,,NA-KA,LUD
3031,FYOA,Ondangwa Airport,medium_airport,-17.878201,15.9526,NA,,NA-ON,OND
3032,FYOG,Oranjemund Airport,medium_airport,-28.5847,16.446699,NA,,NA-KA,OMD
3035,FYRU,Rundu Airport,medium_airport,-17.956499,19.7194,NA,,NA-KE,NDU
3036,FYTM,Tsumeb Airport,medium_airport,-19.262079,17.732509,NA,,NA-OT,TSB
3037,FYWB,Walvis Bay International Airport,large_airport,-22.979332,14.647102,NA,,NA-ER,WVB
3038,FYWE,Eros Airport,medium_airport,-22.60492,17.079002,NA,,NA-KH,ERS
3039,FYWH,Hosea Kutako International Airport,large_airport,-22.4799,17.4709,NA,,NA-KH,WDH
3040,FZAA,Ndjili International Airport,large_airport,-4.38575,15.4446,CD,"Congo, Democratic Republic of the",CD-KN,FIH
3041,FZAB,Ndolo Airport,medium_airport,-4.32666015625,15.327500343323,CD,"Congo, Democratic Republic of the",CD-KN,NLO
3044,FZBO,Bandundu Airport,medium_airport,-3.31132,17.381701,CD,"Congo, Democratic Republic of the",CD-KL,FDU
3045,FZCA,Kikwit Airport,medium_airport,-5.03577,18.785601,CD,"Congo, Democratic Republic of the",CD-KL,KKW
3046,FZEA,Mbandaka Airport,medium_airport,0.0226000007242,18.2887001038,CD,"Congo, Democratic Republic of the",CD-EQ,MDK
3047,FZFD,Gbadolite Airport,medium_airport,4.252745,20.975271,CD,"Congo, Democratic Republic of the",CD-NU,BDT
3048,FZFK,Gemena Airport,medium_airport,3.23537,19.771299,CD,"Congo, Democratic Republic of the",CD-SU,GMA
3050,FZGA,Lisala Airport,medium_airport,2.17066,21.496901,CD,"Congo, Democratic Republic of the",CD-MO,LIQ
3052,FZIC,Bangoka International Airport,large_airport,0.481639,25.337999,CD,"Congo, Democratic Republic of the",CD-TO,FKI
3053,FZJH,Matari Airport,medium_airport,2.82761,27.588301,CD,"Congo, Democratic Republic of the",CD-HU,IRP
3054,FZKA,Bunia Airport,medium_airport,1.565743,30.220685,CD,"Congo, Democratic Republic of the",CD-IT,BUX
3055,FZKJ,Buta Zega Airport,medium_airport,2.818058,24.793997,CD,"Congo, Democratic Republic of the",CD-BU,BZU
3056,FZMA,Bukavu Kavumu Airport,medium_airport,-2.30898,28.8088,CD,"Congo, Democratic Republic of the",CD-SK,BKY
3057,FZNA,Goma International Airport,large_airport,-1.666758,29.238037,CD,"Congo, Democratic Republic of the",CD-NK,GOM
3058,FZOA,Kindu Airport,medium_airport,-2.91917991638,25.915399551399997,CD,"Congo, Democratic Republic of the",CD-MA,KND
3059,FZQA,Lubumbashi International Airport,large_airport,-11.591494,27.530753,CD,"Congo, Democratic Republic of the",CD-HK,FBM
3060,FZQM,Kolwezi Airport,medium_airport,-10.7659,25.505699,CD,"Congo, Democratic Republic of the",CD-LU,KWZ
3061,FZRF,Kalemie Airport,medium_airport,-5.87556,29.25,CD,"Congo, Democratic Republic of the",CD-TA,FMI
3063,FZUA,Kananga Airport,medium_airport,-5.90005,22.4692,CD,"Congo, Democratic Republic of the",CD-KC,KGA
3064,FZWA,Mbuji Mayi Airport,medium_airport,-6.121240139010001,23.569000244099996,CD,"Congo, Democratic Republic of the",CD-KE,MJM
3066,GABS,Modibo Keita International Airport,large_airport,12.5335,-7.94994,ML,Mali,ML-2,BKO
3067,GAGO,Gao International Airport,medium_airport,16.248466,-0.005389,ML,Mali,ML-7,GAQ
3068,GAKY,Kayes Dag Dag Airport,medium_airport,14.482521,-11.399335,ML,Mali,ML-1,KYS
3069,GAMB,Mopti Airport,medium_airport,14.5128,-4.07956,ML,Mali,ML-5,MZI
3071,GATB,Tombouktou Airport,large_airport,16.730499,-3.00758,ML,Mali,ML-7,TOM
3076,GBYD,Banjul International Airport,large_airport,13.338,-16.652201,GM,Gambia,GM-W,BJL
3077,GCFV,Fuerteventura Airport,large_airport,28.4527,-13.8638,ES,Spain,ES-CN,FUE
3079,GCHI,El Hierro Airport,medium_airport,27.8148,-17.8871,ES,Spain,ES-CN,VDE
3080,GCLA,La Palma Airport,medium_airport,28.626499,-17.7556,ES,Spain,ES-CN,SPC
3081,GCLP,Gran Canaria Airport,large_airport,27.9319,-15.3866,ES,Spain,ES-CN,LPA
3082,GCRR,César Manrique-Lanzarote Airport,large_airport,28.945499,-13.6052,ES,Spain,ES-CN,ACE
3083,GCTS,Tenerife Sur Airport,large_airport,28.0445,-16.5725,ES,Spain,ES-CN,TFS
3084,GCXO,Tenerife Norte-Ciudad de La Laguna Airport,large_airport,28.482752,-16.341707,ES,Spain,ES-CN,TFN
3092,UGSS,Vladislav Ardzinba Sukhum International Airport,medium_airport,42.8582,41.128101,GE,Georgia,GE-AB,SUI
3093,GEML,Melilla Airport,medium_airport,35.2798,-2.95626,ES,Spain,ES-ML,MLN
3095,GFLL,Lungi International Airport,large_airport,8.61644,-13.1955,SL,Sierra Leone,SL-N,FNA
3097,GGOV,Osvaldo Vieira International Airport,large_airport,11.894262,-15.653596,GW,Guinea-Bissau,GW-BS,OXB
3098,GLMR,Spriggs Payne Airport,medium_airport,6.28906,-10.7587,LR,Liberia,LR-MO,MLW
3099,GLRB,Roberts International Airport,large_airport,6.23379,-10.3623,LR,Liberia,LR-MG,ROB
3101,GMAD,Al Massira Airport,large_airport,30.322478,-9.412003,MA,Morocco,MA-09,AGA
3102,GMAT,Tan Tan Airport,medium_airport,28.447563,-11.161749,MA,Morocco,MA-10,TTA
3103,GMFF,Fes Saïss International Airport,large_airport,33.927299,-4.97796,MA,Morocco,MA-03,FEZ
3105,GMFK,Moulay Ali Cherif Airport,medium_airport,31.9475002289,-4.39833021164,MA,Morocco,MA-08,ERH
3106,GMFM,Bassatine Airport,medium_airport,33.879101,-5.51512,MA,Morocco,MA-03,MEK
3107,GMFO,Oujda Angads Airport,large_airport,34.789558,-1.926041,MA,Morocco,MA-02,OUD
3108,GMMA,Smara Airport,large_airport,26.731987,-11.683655,EH,Western Sahara,EH-U-A,SMW
3109,GMME,Rabat-Salé Airport,large_airport,34.051498,-6.75152,MA,Morocco,MA-04,RBA
3110,GMMH,Dakhla Airport,large_airport,23.7183,-15.932,EH,Western Sahara,EH-U-A,VIL
3111,GMMI,Essaouira-Mogador Airport,medium_airport,31.397499,-9.68167,MA,Morocco,MA-07,ESU
3112,GMML,Laayoune Hassan I International Airport,large_airport,27.142467,-13.224947,EH,Western Sahara,EH-U-A,EUN
3113,GMMN,Mohammed V International Airport,large_airport,33.3675,-7.58997,MA,Morocco,MA-06,CMN
3114,GMMW,Nador Al Aaroui International Airport,large_airport,34.9888,-3.02821,MA,Morocco,MA-02,NDR
3115,GMMX,Marrakesh Menara Airport,large_airport,31.604807,-8.035788,MA,Morocco,MA-07,RAK
3116,GMMY,Kenitra Air Base,medium_airport,34.298901,-6.59588,MA,Morocco,MA-04,NNA
3117,GMMZ,Ouarzazate International Airport,large_airport,30.9391,-6.90943,MA,Morocco,MA-08,OZZ
3119,GMTA,Cherif Al Idrissi Airport,medium_airport,35.177101,-3.83952,MA,Morocco,MA-01,AHU
3120,GMTN,Sania Ramel Airport,large_airport,35.594299,-5.32002,MA,Morocco,MA-01,TTU
3121,GMTT,Tangier Ibn Battuta Airport,large_airport,35.731741,-5.921459,MA,Morocco,MA-01,TNG
3122,GOGG,Ziguinchor Airport,medium_airport,12.55559,-16.283298,SN,Senegal,SN-ZG,ZIG
3123,GOGS,Cap Skirring Airport,medium_airport,12.39533,-16.748,SN,Senegal,SN-ZG,CSK
3124,GOOK,Kaolack Airport,medium_airport,14.146900177001951,-16.051300048828125,SN,Senegal,SN-FK,KLC
3125,GOOY,Léopold Sédar Senghor International Airport,large_airport,14.742337,-17.479222,SN,Senegal,SN-DK,DKR
3126,GOSS,Saint Louis Airport,medium_airport,16.049814,-16.461039,SN,Senegal,SN-SL,XLS
3127,GOTB,Bakel Airport,medium_airport,14.847299575805664,-12.468299865722656,SN,Senegal,SN-TC,BXE
3128,GOTK,Kédougou Airport,medium_airport,12.57229995727539,-12.22029972076416,SN,Senegal,SN-TC,KGG
3129,GOTT,Tambacounda Airport,medium_airport,13.7368,-13.6531,SN,Senegal,SN-TC,TUD
3137,GQPA,Atar International Airport,large_airport,20.505823,-13.043744,MR,Mauritania,MR-07,ATR
3138,GQPP,Nouadhibou International Airport,large_airport,20.932404,-17.030199,MR,Mauritania,MR-08,NDB
3146,GUCY,Ahmed Sékou Touré International Airport,large_airport,9.57689,-13.612,GN,Guinea,GN-C,CKY
3150,GVAC,Amílcar Cabral International Airport,large_airport,16.7414,-22.9494,CV,Cabo Verde,CV-B,SID
3151,GVBA,Aristides Pereira International Airport,large_airport,16.136499,-22.888901,CV,Cabo Verde,CV-B,BVC
3152,GVMA,Maio Airport,medium_airport,15.15590000152588,-23.213699340820312,CV,Cabo Verde,CV-S,MMO
3153,GVNP,Nelson Mandela International Airport,large_airport,14.941126,-23.484728,CV,Cabo Verde,CV-S,RAI
3154,GVSN,Preguiça Airport,medium_airport,16.588852,-24.284132,CV,Cabo Verde,CV-B,SNE
3155,GVSV,Cesaria Evora International Airport,large_airport,16.833363,-25.055308,CV,Cabo Verde,CV-B,VXE
3157,HAAB,Addis Ababa Bole International Airport,large_airport,8.97789,38.799301,ET,Ethiopia,ET-AA,ADD
3159,HAAM,Arba Minch Airport,medium_airport,6.03939,37.5905,ET,Ethiopia,ET-SN,AMH
3160,HAAX,Axum Airport,medium_airport,14.1468,38.7728,ET,Ethiopia,ET-TI,AXU
3161,HABD,Bahir Dar Airport,medium_airport,11.6081,37.321602,ET,Ethiopia,ET-AM,BJR
3162,HADR,Aba Tenna Dejazmach Yilma International Airport,large_airport,9.623549,41.855027,ET,Ethiopia,ET-DD,DIR
3163,HAGM,Gambela Airport,medium_airport,8.12876,34.563099,ET,Ethiopia,ET-GA,GMB
3164,HAGN,Gondar Airport,medium_airport,12.5199,37.433998,ET,Ethiopia,ET-AM,GDQ
3165,HAGO,Gode Airport,medium_airport,5.93513011932,43.5786018372,ET,Ethiopia,ET-SO,GDE
3166,HAJM,Jimma Airport,medium_airport,7.66609001159668,36.81660079956055,ET,Ethiopia,ET-OR,JIM
3168,HAMK,Mekele Alula Aba Nega Airport,medium_airport,13.4674,39.533501,ET,Ethiopia,ET-TI,MQX
3169,HASO,Asosa Airport,medium_airport,10.018500328063965,34.586299896240234,ET,Ethiopia,ET-BE,ASO
3170,HBBA,Bujumbura Melchior Ndadaye International Airport,large_airport,-3.32402,29.318501,BI,Burundi,BI-BM,BJM
3171,HCMH,Egal International Airport,large_airport,9.514082,44.083469,SO,Somalia,SO-WO,HGA
3172,HCMI,Berbera Airport,medium_airport,10.385035,44.936723,SO,Somalia,SO-WO,BBO
3173,HCMK,Kismayo Airport,medium_airport,-0.377353,42.459202,SO,Somalia,SO-JH,KMU
3174,HDAM,Djibouti-Ambouli Airport,large_airport,11.5473,43.1595,DJ,Djibouti,DJ-DJ,JIB
3175,HEAL,El Alamein International Airport,large_airport,30.924324,28.46161,EG,Egypt,EG-MT,DBB
3176,HEAR,El Arish International Airport,large_airport,31.055324,33.827964,EG,Egypt,EG-SIN,AAC
3177,HEAT,Asyut International Airport,large_airport,27.045962,31.01276,EG,Egypt,EG-AST,ATZ
3180,HEBA,Alexandria International Airport,large_airport,30.93249,29.696437,EG,Egypt,EG-ALX,HBE
3181,HEBL,Abu Simbel Airport,medium_airport,22.375924,31.611734,EG,Egypt,EG-ASN,ABS
3183,HECA,Cairo International Airport,large_airport,30.111534,31.396694,EG,Egypt,EG-C,CAI
3186,HEGN,Hurghada International Airport,large_airport,27.176776,33.796692,EG,Egypt,EG-BA,HRG
3188,HEGR,El Jora Airport,medium_airport,31.078138,34.153131,EG,Egypt,EG-SIN,EGH
3191,HELX,Luxor International Airport,large_airport,25.671018,32.706446,EG,Egypt,EG-LX,LXR
3192,HEMA,Marsa Alam International Airport,large_airport,25.555548,34.59245,EG,Egypt,EG-BA,RMF
3193,HEMM,Mersa Matruh International Airport,large_airport,31.324313,27.22227,EG,Egypt,EG-MT,MUH
3196,HEPS,Port Said International Airport,large_airport,31.279285,32.240582,EG,Egypt,EG-PTS,PSD
3197,HESC,Saint Catherine International Airport,large_airport,28.684292,34.064409,EG,Egypt,EG-JS,SKV
3198,HESH,Sharm El Sheikh International Airport,large_airport,27.977272,34.394717,EG,Egypt,EG-JS,SSH
3199,HESN,Aswan International Airport,large_airport,23.961075,32.820382,EG,Egypt,EG-ASN,ASW
3200,HETB,Taba International Airport,large_airport,29.594496,34.775752,EG,Egypt,EG-JS,TCP
3202,HHAS,Asmara International Airport,large_airport,15.2919,38.910702,ER,Eritrea,ER-SK,ASM
3203,HHMS,Massawa International Airport,medium_airport,15.67,39.370098,ER,Eritrea,ER-SK,MSW
3204,HHSB,Assab International Airport,medium_airport,13.0718,42.645,ER,Eritrea,ER-DK,ASA
3205,HKEL,Eldoret International Airport,large_airport,0.404458,35.238899,KE,Kenya,KE-700,EDL
3206,HKJK,Jomo Kenyatta International Airport,large_airport,-1.318886,36.928233,KE,Kenya,KE-110,NBO
3208,HKKI,Kisumu International Airport,large_airport,-0.086139,34.728901,KE,Kenya,KE-600,KIS
3209,HKKT,Kitale Airport,medium_airport,0.971989,34.958599,KE,Kenya,KE-700,KTL
3210,HKLK,Lokichogio Airport,medium_airport,4.20412,34.348202,KE,Kenya,KE-700,LKG
3211,HKLO,Lodwar Airport,medium_airport,3.12197,35.6087,KE,Kenya,KE-700,LOK
3212,HKLU,Manda Airport,medium_airport,-2.252431,40.912892,KE,Kenya,KE-300,LAU
3213,HKMO,Moi International Airport,large_airport,-4.03483,39.5942,KE,Kenya,KE-300,MBA
3215,HKNW,Nairobi Wilson Airport,medium_airport,-1.321720004081726,36.81480026245117,KE,Kenya,KE-110,WIL
3217,HKWJ,Wajir Airport,medium_airport,1.73324,40.091599,KE,Kenya,KE-500,WJR
3219,HLGD,Sirt International Airport / Ghardabiya Airbase,large_airport,31.058578,16.597095,LY,Libya,LY-SR,SRX
3221,HLGT,Ghat Airport,medium_airport,25.1455993652,10.1426000595,LY,Libya,LY-GT,GHT
3222,HLKF,Kufra Airport,medium_airport,24.178699493408203,23.31399917602539,LY,Libya,LY-KF,AKF
3223,HLLB,Benina International Airport,large_airport,32.096802,20.269501,LY,Libya,LY-BA,BEN
3224,HLLM,Mitiga International Airport,large_airport,32.89177,13.287878,LY,Libya,LY-TB,MJI
3225,HLLQ,Al Abraq International Airport,large_airport,32.789036,21.954864,LY,Libya,LY-JA,LAQ
3226,HLLS,Sabha Airport,medium_airport,26.992452,14.466162,LY,Libya,LY-SB,SEB
3228,HLMB,Marsa al Brega Airport,medium_airport,30.378099,19.576401,LY,Libya,LY-WA,LMQ
3232,HLTD,Ghadames Airport,medium_airport,30.145484,9.702095,LY,Libya,LY-NL,LTD
3236,HRYG,Gisenyi Airport,medium_airport,-1.6771999597549438,29.258899688720703,RW,Rwanda,RW-04,GYI
3237,HRYR,Kigali International Airport,large_airport,-1.96863,30.1395,RW,Rwanda,RW-01,KGL
3238,HRZA,Kamembe Airport,medium_airport,-2.462239980697632,28.907899856567383,RW,Rwanda,RW-04,KME
3239,HSDN,Dongola Airport,medium_airport,19.153666,30.430069,SD,Sudan,SD-01,DOG
3241,HSFS,El Fasher Airport,medium_airport,13.61489963531494,25.32460021972656,SD,Sudan,SD-02,ELF
3242,HSKA,Kassala Airport,medium_airport,15.387499809265137,36.328800201416016,SD,Sudan,SD-05,KSL
3244,HSNN,Nyala Airport,medium_airport,12.0535,24.9562,SD,Sudan,SD-11,UYL
3245,HSOB,El-Obeid Airport,medium_airport,13.1532,30.2327,SD,Sudan,SD-09,EBD
3246,HSPN,Port Sudan New International Airport,large_airport,19.434558,37.234125,SD,Sudan,SD-26,PZU
3247,HJJJ,Juba International Airport,large_airport,4.87201,31.601101,SS,South Sudan,SS-EC,JUB
3248,HSSM,Malakal International Airport,medium_airport,9.558739,31.651937,SS,South Sudan,SS-NU,MAK
3249,HSSK,Khartoum International Airport,large_airport,15.5895,32.5532,SD,Sudan,SD-03,KRT
3250,HTAR,Arusha Airport,medium_airport,-3.3677899837493896,36.63330078125,TZ,"Tanzania, United Republic of",TZ-01,ARK
3251,HTDA,Julius Nyerere International Airport,large_airport,-6.873499,39.207288,TZ,"Tanzania, United Republic of",TZ-02,DAR
3252,HTDO,Dodoma Airport,medium_airport,-6.17044,35.752602,TZ,"Tanzania, United Republic of",TZ-03,DOD
3253,HTIR,Iringa Airport,medium_airport,-7.66863,35.752102,TZ,"Tanzania, United Republic of",TZ-04,IRI
3254,HTKJ,Kilimanjaro International Airport,large_airport,-3.427049,37.07353,TZ,"Tanzania, United Republic of",TZ-01,JRO
3255,HTLM,Lake Manyara Airport,medium_airport,-3.37631,35.818298,TZ,"Tanzania, United Republic of",TZ-26,LKY
3256,HTMT,Mtwara Airport,medium_airport,-10.336204,40.181997,TZ,"Tanzania, United Republic of",TZ-17,MYW
3257,HTMW,Mwanza International Airport,large_airport,-2.446563,32.936049,TZ,"Tanzania, United Republic of",TZ-18,MWZ
3258,HTPE,Pemba Airport,medium_airport,-5.25726,39.811401,TZ,"Tanzania, United Republic of",TZ-25,PMA
3259,HTTG,Tanga Airport,medium_airport,-5.09236,39.071201,TZ,"Tanzania, United Republic of",TZ-25,TGT
3260,HTZA,Abeid Amani Karume International Airport,large_airport,-6.22202,39.224899,TZ,"Tanzania, United Republic of",TZ-07,ZNZ
3263,HUEN,Entebbe International Airport,large_airport,0.042386,32.443501,UG,Uganda,UG-C,EBB
3264,HUGU,Gulu Airport,medium_airport,2.8055601119995117,32.27180099487305,UG,Uganda,UG-N,ULU
3265,HUSO,Soroti Airport,medium_airport,1.7276899814605713,33.622798919677734,UG,Uganda,UG-E,SRT
3288,VA1G,"Rewa Airport, Chorhata, REWA",medium_airport,24.503401,81.220299,IN,India,IN-MP,REW
3299,VA2C,Gondia Airport,medium_airport,21.526817,80.290347,IN,India,IN-MM,GDB
3301,VAOZ,Nashik International Airport,large_airport,20.119101,73.912903,IN,India,IN-MM,ISK
3319,VEDH,Darbhanga Airport,medium_airport,26.192801,85.916901,IN,India,IN-BR,DBR
3341,VALT,Murod Kond Airport,medium_airport,18.411501,76.464699,IN,India,IN-MM,LTU
3356,KABE,Lehigh Valley International Airport,medium_airport,40.651773,-75.442797,US,United States of America,US-PA,ABE
3357,KABI,Abilene Regional Airport,medium_airport,32.4113006592,-99.6819000244,US,United States of America,US-TX,ABI
3358,KABR,Aberdeen Regional Airport,medium_airport,45.449100494384766,-98.42179870605467,US,United States of America,US-SD,ABR
3359,KABY,Southwest Georgia Regional Airport,medium_airport,31.532946,-84.196215,US,United States of America,US-GA,ABY
3360,KACK,Nantucket Memorial Airport,medium_airport,41.25310135,-70.06020355,US,United States of America,US-MA,ACK
3361,KACT,Waco Regional Airport,medium_airport,31.611299514770508,-97.23049926757812,US,United States of America,US-TX,ACT
3362,KACV,California Redwood Coast-Humboldt County Airport,medium_airport,40.978101,-124.109,US,United States of America,US-CA,ACV
3363,KACY,Atlantic City International Airport,medium_airport,39.456201,-74.577511,US,United States of America,US-NJ,ACY
3364,KADW,Joint Base Andrews,medium_airport,38.810799,-76.866997,US,United States of America,US-MD,ADW
3365,KAEX,Alexandria International Airport,medium_airport,31.325828,-92.546702,US,United States of America,US-LA,AEX
3366,KAFW,Perot Field/Fort Worth Alliance Airport,medium_airport,32.99044,-97.31947,US,United States of America,US-TX,AFW
3367,KAGC,Allegheny County Airport,medium_airport,40.354401,-79.930199,US,United States of America,US-PA,AGC
3368,KAGS,Augusta Regional At Bush Field,medium_airport,33.3699,-81.9645,US,United States of America,US-GA,AGS
3369,KAHN,Athens Ben Epps Airport,medium_airport,33.948842,-83.325634,US,United States of America,US-GA,AHN
3370,KAKR,Akron Fulton International Airport,medium_airport,41.037355,-81.46784,US,United States of America,US-OH,AKC
3371,KALB,Albany International Airport,large_airport,42.748299,-73.801697,US,United States of America,US-NY,ALB
3372,KALI,Alice International Airport,medium_airport,27.7409,-98.026901,US,United States of America,US-TX,ALI
3373,KALM,Alamogordo White Sands Regional Airport,medium_airport,32.837818,-105.993149,US,United States of America,US-NM,ALM
3374,KALN,St Louis Regional Airport,medium_airport,38.89030075069999,-90.0459976196,US,United States of America,US-IL,ALN
3375,KALO,Waterloo Regional Airport,medium_airport,42.557098388671875,-92.40029907226562,US,United States of America,US-IA,ALO
3376,KALW,Walla Walla Regional Airport,medium_airport,46.09489822,-118.288002,US,United States of America,US-WA,ALW
3377,KAMA,Rick Husband Amarillo International Airport,medium_airport,35.217857,-101.706444,US,United States of America,US-TX,AMA
3378,KANB,Anniston Regional Airport,medium_airport,33.5882,-85.8581,US,United States of America,US-AL,ANB
3379,KAND,Anderson Regional Airport,medium_airport,34.4945983887,-82.70939636230001,US,United States of America,US-SC,AND
3380,KAOO,Altoona Blair County Airport,medium_airport,40.296398,-78.32,US,United States of America,US-PA,AOO
3381,KAPG,Phillips Army Air Field,medium_airport,39.466202,-76.1688,US,United States of America,US-MD,APG
3382,KAPN,Alpena County Regional Airport,medium_airport,45.0780983,-83.56030273,US,United States of America,US-MI,APN
3383,KART,Watertown International Airport,medium_airport,43.991901,-76.021698,US,United States of America,US-NY,ART
3384,KATL,Hartsfield Jackson Atlanta International Airport,large_airport,33.6367,-84.428101,US,United States of America,US-GA,ATL
3385,KATY,Watertown Regional Airport,medium_airport,44.91400146,-97.15470123,US,United States of America,US-SD,ATY
3386,KAUS,Austin Bergstrom International Airport,large_airport,30.197535,-97.662015,US,United States of America,US-TX,AUS
3387,KAVL,Asheville Regional Airport,medium_airport,35.435488,-82.541853,US,United States of America,US-NC,AVL
3388,KAVP,Wilkes-Barre/Scranton International Airport,medium_airport,41.337064,-75.724232,US,United States of America,US-PA,AVP
3389,KAXN,Chandler Field,medium_airport,45.866299,-95.394699,US,United States of America,US-MN,AXN
3390,KAZO,Kalamazoo/Battle Creek International Airport,medium_airport,42.232105,-85.549637,US,United States of America,US-MI,AZO
3391,KBAB,Beale Air Force Base,medium_airport,39.136101,-121.436996,US,United States of America,US-CA,BAB
3392,KBAD,Barksdale Air Force Base,medium_airport,32.501801,-93.662697,US,United States of America,US-LA,BAD
3393,KBAF,Westfield-Barnes Regional Airport,medium_airport,42.157799,-72.715599,US,United States of America,US-MA,BAF
3394,KBAK,Columbus Municipal Airport,medium_airport,39.262386,-85.895576,US,United States of America,US-IN,CLU
3395,KBDE,Baudette International Airport,medium_airport,48.728401,-94.612198,US,United States of America,US-MN,BDE
3396,KBDL,Bradley International Airport,large_airport,41.938555,-72.688016,US,United States of America,US-CT,BDL
3397,KBDR,Igor I Sikorsky Memorial Airport,medium_airport,41.163502,-73.126198,US,United States of America,US-CT,BDR
3398,KBED,Laurence G Hanscom Field,medium_airport,42.470001,-71.289001,US,United States of America,US-MA,BED
3399,KBFD,Bradford Regional Airport,medium_airport,41.8031005859375,-78.64009857177734,US,United States of America,US-PA,BFD
3400,KBFF,Western Neb. Rgnl/William B. Heilig Airport,medium_airport,41.87400055,-103.5960007,US,United States of America,US-NE,BFF
3401,KBFI,King County International Airport - Boeing Field,medium_airport,47.527042,-122.29995,US,United States of America,US-WA,BFI
3402,KBFL,Meadows Field,medium_airport,35.433601,-119.056999,US,United States of America,US-CA,BFL
3403,KBFM,Mobile Downtown Airport,medium_airport,30.626800537100003,-88.06809997559999,US,United States of America,US-AL,BFM
3404,KBGM,Greater Binghamton/Edwin A Link field,medium_airport,42.20869827,-75.97979736,US,United States of America,US-NY,BGM
3405,KBGR,Bangor International Airport,medium_airport,44.806364,-68.826668,US,United States of America,US-ME,BGR
3406,KBHM,Birmingham-Shuttlesworth International Airport,large_airport,33.562877,-86.750712,US,United States of America,US-AL,BHM
3407,KBIF,Biggs Army Air Field (Fort Bliss),medium_airport,31.84950066,-106.3799973,US,United States of America,US-TX,BIF
3408,KBIL,Billings Logan International Airport,medium_airport,45.808932,-108.541242,US,United States of America,US-MT,BIL
3409,KBIS,Bismarck Municipal Airport,medium_airport,46.772734,-100.746874,US,United States of America,US-ND,BIS
3410,KBIX,Keesler Air Force Base,medium_airport,30.4104003906,-88.92440032959999,US,United States of America,US-MS,BIX
3411,KBJC,Rocky Mountain Metropolitan Airport,medium_airport,39.908798,-105.116997,US,United States of America,US-CO,BJC
3412,KBKE,Baker City Municipal Airport,medium_airport,44.8372993469,-117.808998108,US,United States of America,US-OR,BKE
3413,KBKF,Buckley Space Force Base,medium_airport,39.701698,-104.751999,US,United States of America,US-CO,BFK
3414,KBKL,Burke Lakefront Airport,medium_airport,41.51750183105469,-81.68329620361328,US,United States of America,US-OH,BKL
3415,KBKW,Raleigh County Memorial Airport,medium_airport,37.7873,-81.124199,US,United States of America,US-WV,BKW
3416,KBLI,Bellingham International Airport,medium_airport,48.79280090332031,-122.53800201416016,US,United States of America,US-WA,BLI
3417,KBLV,Scott AFB/Midamerica Airport,medium_airport,38.5452,-89.835197,US,United States of America,US-IL,BLV
3418,KBMG,Monroe County Airport,medium_airport,39.145999908447266,-86.61669921875,US,United States of America,US-IN,BMG
3419,KBMI,Central Illinois Regional Airport at Bloomington-Normal,medium_airport,40.4771,-88.915901,US,United States of America,US-IL,BMI
3420,KBNA,Nashville International Airport,large_airport,36.1245,-86.6782,US,United States of America,US-TN,BNA
3421,KBOI,Boise Air Terminal/Gowen Field,large_airport,43.5644,-116.223,US,United States of America,US-ID,BOI
3422,KBOS,Boston Logan International Airport,large_airport,42.36197,-71.0079,US,United States of America,US-MA,BOS
3423,KBPT,Jack Brooks Regional Airport,medium_airport,29.9508,-94.020699,US,United States of America,US-TX,BPT
3424,KBQK,Brunswick Golden Isles Airport,medium_airport,31.258801,-81.466499,US,United States of America,US-GA,BQK
3425,KBRL,Southeast Iowa Regional Airport,medium_airport,40.783199310302734,-91.12550354003906,US,United States of America,US-IA,BRL
3426,KBRO,Brownsville South Padre Island International Airport,medium_airport,25.907238,-97.425235,US,United States of America,US-TX,BRO
3427,KBTL,Battle Creek Executive Airport at Kellogg Field,medium_airport,42.307301,-85.251503,US,United States of America,US-MI,BTL
3428,KBTM,Bert Mooney Airport,medium_airport,45.95479965209961,-112.49700164794922,US,United States of America,US-MT,BTM
3429,KBTR,Baton Rouge Metropolitan Airport,medium_airport,30.533199,-91.149597,US,United States of America,US-LA,BTR
3430,KBTV,Patrick Leahy Burlington International Airport,medium_airport,44.471901,-73.153297,US,United States of America,US-VT,BTV
3431,KBUF,Buffalo Niagara International Airport,large_airport,42.940498,-78.732201,US,United States of America,US-NY,BUF
3432,KBUR,Hollywood Burbank Airport,large_airport,34.202834,-118.35805,US,United States of America,US-CA,BUR
3433,KBVY,Beverly Regional Airport,medium_airport,42.584202,-70.916496,US,United States of America,US-MA,BVY
3434,KBWG,Bowling Green Warren County Regional Airport,medium_airport,36.964500427199994,-86.41970062259999,US,United States of America,US-KY,BWG
3435,KBWI,Baltimore/Washington International Thurgood Marshall Airport,large_airport,39.1754,-76.668297,US,United States of America,US-MD,BWI
3436,KBYH,Arkansas International Airport,medium_airport,35.9642982483,-89.94400024410001,US,United States of America,US-AR,BYH
3437,KBZN,Bozeman Yellowstone International Airport,medium_airport,45.778853,-111.153711,US,United States of America,US-MT,BZN
3438,KCAE,Columbia Metropolitan Airport,medium_airport,33.938172,-81.123022,US,United States of America,US-SC,CAE
3439,KCAK,Akron Canton Regional Airport,medium_airport,40.91609954833984,-81.44219970703125,US,United States of America,US-OH,CAK
3440,KCAR,Caribou Municipal Airport,medium_airport,46.871498,-68.017899,US,United States of America,US-ME,CAR
3441,KCBM,Columbus Air Force Base,medium_airport,33.643799,-88.443802,US,United States of America,US-MS,CBM
3442,KCDC,Cedar City Regional Airport,medium_airport,37.70100021362305,-113.0989990234375,US,United States of America,US-UT,CDC
3443,KCEC,Jack Mc Namara Field Airport,medium_airport,41.778929,-124.236403,US,United States of America,US-CA,CEC
3444,KCEF,Westover Metropolitan Airport / Westover Air Reserve Base,medium_airport,42.194,-72.534798,US,United States of America,US-MA,CEF
3445,KCEW,Bob Sikes Airport,medium_airport,30.778799057,-86.522102356,US,United States of America,US-FL,CEW
3446,KCGF,Cuyahoga County Airport,medium_airport,41.5651016235,-81.4863967896,US,United States of America,US-OH,CGF
3447,KCGI,Cape Girardeau Regional Airport,medium_airport,37.2253,-89.570801,US,United States of America,US-MO,CGI
3448,KCHA,Chattanooga Metropolitan Airport (Lovell Field),medium_airport,35.035301,-85.203796,US,United States of America,US-TN,CHA
3449,KCHO,Charlottesville Albemarle Airport,medium_airport,38.13859939575195,-78.4529037475586,US,United States of America,US-VA,CHO
3450,KCHS,Charleston International Airport,large_airport,32.896159,-80.038151,US,United States of America,US-SC,CHS
3451,KCID,The Eastern Iowa Airport,medium_airport,41.884701,-91.7108,US,United States of America,US-IA,CID
3452,KCIU,Chippewa County International Airport,medium_airport,46.242038,-84.462082,US,United States of America,US-MI,CIU
3453,KCKB,North Central West Virginia Airport,medium_airport,39.2966,-80.228104,US,United States of America,US-WV,CKB
3454,KCLE,Cleveland Hopkins International Airport,large_airport,41.411701,-81.8498,US,United States of America,US-OH,CLE
3455,KCLL,Easterwood Field,medium_airport,30.5886,-96.3638,US,United States of America,US-TX,CLL
3456,KCLM,William R Fairchild International Airport,medium_airport,48.120201,-123.5,US,United States of America,US-WA,CLM
3457,KCLT,Charlotte Douglas International Airport,large_airport,35.2140007019043,-80.94309997558594,US,United States of America,US-NC,CLT
3458,KCMH,John Glenn Columbus International Airport,large_airport,39.998001,-82.891899,US,United States of America,US-OH,CMH
3459,KCMI,University of Illinois Willard Airport,medium_airport,40.039819,-88.276249,US,United States of America,US-IL,CMI
3460,KCMX,Houghton County Memorial Airport,medium_airport,47.168399810791016,-88.48909759521484,US,United States of America,US-MI,CMX
3461,KCNM,Cavern City Air Terminal,medium_airport,32.337501525878906,-104.26300048828124,US,United States of America,US-NM,CNM
3462,KCOF,Patrick Space Force Base,medium_airport,28.2349,-80.6101,US,United States of America,US-FL,COF
3463,KCOS,City of Colorado Springs Municipal Airport,large_airport,38.805801,-104.700996,US,United States of America,US-CO,COS
3464,KCOU,Columbia Regional Airport,medium_airport,38.8181,-92.219597,US,United States of America,US-MO,COU
3465,KCPR,Casper-Natrona County International Airport,medium_airport,42.907381,-106.461609,US,United States of America,US-WY,CPR
3466,KCRP,Corpus Christi International Airport,medium_airport,27.770399,-97.501198,US,United States of America,US-TX,CRP
3467,KCRW,Yeager Airport,medium_airport,38.3731,-81.593201,US,United States of America,US-WV,CRW
3468,KCSG,Columbus Airport,medium_airport,32.516415,-84.939602,US,United States of America,US-GA,CSG
3469,KCSV,Crossville Memorial Airport Whitson Field,medium_airport,35.95131,-85.08499,US,United States of America,US-TN,CSV
3470,KCTB,Cut Bank International Airport,medium_airport,48.608657,-112.378183,US,United States of America,US-MT,CTB
3471,KCVG,Cincinnati Northern Kentucky International Airport,large_airport,39.048801,-84.667801,US,United States of America,US-KY,CVG
3472,KCVO,Corvallis Municipal Airport,medium_airport,44.49720001,-123.2900009,US,United States of America,US-OR,CVO
3473,KCVS,Cannon Air Force Base,medium_airport,34.382801,-103.321999,US,United States of America,US-NM,CVS
3475,KCXO,Conroe-North Houston Regional Airport,medium_airport,30.351801,-95.414497,US,United States of America,US-TX,CXO
3476,KCYS,Cheyenne Regional Jerry Olson Field,medium_airport,41.155701,-104.811997,US,United States of America,US-WY,CYS
3477,KDAA,Davison Army Air Field,medium_airport,38.715000152600005,-77.1809997559,US,United States of America,US-VA,DAA
3478,KDAB,Daytona Beach International Airport,medium_airport,29.18255,-81.059464,US,United States of America,US-FL,DAB
3479,KDAL,Dallas Love Field,large_airport,32.844776,-96.847653,US,United States of America,US-TX,DAL
3480,KDAN,Danville Regional Airport,medium_airport,36.572899,-79.336098,US,United States of America,US-VA,DAN
3481,KDAY,James M. Cox Dayton International Airport,medium_airport,39.902401,-84.219398,US,United States of America,US-OH,DAY
3482,KDBQ,Dubuque Regional Airport,medium_airport,42.402,-90.709503,US,United States of America,US-IA,DBQ
3483,KDCA,Ronald Reagan Washington National Airport,large_airport,38.8521,-77.037697,US,United States of America,US-DC,DCA
3484,KDDC,Dodge City Regional Airport,medium_airport,37.76340103149414,-99.9655990600586,US,United States of America,US-KS,DDC
3485,KDEC,Decatur Airport,medium_airport,39.834598541259766,-88.8656997680664,US,United States of America,US-IL,DEC
3486,KDEN,Denver International Airport,large_airport,39.860027,-104.673792,US,United States of America,US-CO,DEN
3487,KDET,Coleman A. Young Municipal Airport,medium_airport,42.40919876,-83.00990295,US,United States of America,US-MI,DET
3488,KDFW,Dallas Fort Worth International Airport,large_airport,32.896801,-97.038002,US,United States of America,US-TX,DFW
3489,KDHN,Dothan Regional Airport,medium_airport,31.321300506591797,-85.44960021972656,US,United States of America,US-AL,DHN
3490,KDLF,Laughlin Air Force Base,medium_airport,29.359501,-100.778002,US,United States of America,US-TX,DLF
3491,KDLH,Duluth International Airport,medium_airport,46.841873,-92.198746,US,United States of America,US-MN,DLH
3492,KDMA,Davis Monthan Air Force Base,medium_airport,32.1665000916,-110.883003235,US,United States of America,US-AZ,DMA
3493,KDMN,Deming Municipal Airport,medium_airport,32.262298584,-107.721000671,US,United States of America,US-NM,DMN
3494,KDOV,Dover Civil Air Terminal/Dover Air Force Base,medium_airport,39.129501,-75.466003,US,United States of America,US-DE,DOV
3495,KDRI,Beauregard Regional Airport,medium_airport,30.831699,-93.339897,US,United States of America,US-LA,DRI
3496,KDSM,Des Moines International Airport,large_airport,41.534027,-93.656719,US,United States of America,US-IA,DSM
3497,KDTW,Detroit Metropolitan Wayne County Airport,large_airport,42.21377,-83.353786,US,United States of America,US-MI,DTW
3498,KDUJ,DuBois Regional Airport,medium_airport,41.17829895,-78.8986969,US,United States of America,US-PA,DUJ
3499,KDYS,Dyess Air Force Base,medium_airport,32.420799,-99.854599,US,United States of America,US-TX,DYS
3501,KEAU,Chippewa Valley Regional Airport,medium_airport,44.86579895019531,-91.48429870605467,US,United States of America,US-WI,EAU
3502,KECG,Elizabeth City Regional Airport & Coast Guard Air Station,medium_airport,36.260601,-76.174599,US,United States of America,US-NC,ECG
3503,KEDW,Edwards Air Force Base,medium_airport,34.910781,-117.886391,US,United States of America,US-CA,EDW
3504,KEEN,Dillant Hopkins Airport,medium_airport,42.898399,-72.270798,US,United States of America,US-NH,EEN
3505,KEGE,Eagle County Regional Airport,medium_airport,39.64260101,-106.9179993,US,United States of America,US-CO,EGE
3506,KEKA,Murray Field,medium_airport,40.803398,-124.112999,US,United States of America,US-CA,EKA
3507,KEKN,Elkins-Randolph County Regional Airport,medium_airport,38.889759,-79.857651,US,United States of America,US-WV,EKN
3508,KEKO,Elko Regional Airport,medium_airport,40.82490158081055,-115.79199981689452,US,United States of America,US-NV,EKO
3509,KELD,South Arkansas Regional Airport at Goodwin Field,medium_airport,33.221001,-92.813301,US,United States of America,US-AR,ELD
3510,KELM,Elmira Corning Regional Airport,medium_airport,42.1599006652832,-76.8916015625,US,United States of America,US-NY,ELM
3511,KELO,Ely Municipal Airport,medium_airport,47.82450104,-91.83070374,US,United States of America,US-MN,LYU
3512,KELP,El Paso International Airport,large_airport,31.809908,-106.375607,US,United States of America,US-TX,ELP
3513,KEND,Vance Air Force Base,medium_airport,36.339199,-97.916496,US,United States of America,US-OK,END
3514,KENW,Kenosha Regional Airport,medium_airport,42.59569931,-87.92780304,US,United States of America,US-WI,ENW
3515,KERI,Erie International Tom Ridge Field,medium_airport,42.083127,-80.173867,US,United States of America,US-PA,ERI
3516,KESF,Esler Army Airfield / Esler Regional Airport,medium_airport,31.394266,-92.294082,US,United States of America,US-LA,ESF
3517,KEUG,Eugene Airport,medium_airport,44.124599,-123.211998,US,United States of America,US-OR,EUG
3518,KEVV,Evansville Regional Airport,medium_airport,38.0369987488,-87.5324020386,US,United States of America,US-IN,EVV
3519,KEWB,New Bedford Regional Airport,medium_airport,41.67610168457031,-70.95690155029297,US,United States of America,US-MA,EWB
3520,KEWN,Coastal Carolina Regional Airport,medium_airport,35.0730018616,-77.04290008539999,US,United States of America,US-NC,EWN
3521,KEWR,Newark Liberty International Airport,large_airport,40.6894,-74.170545,US,United States of America,US-NJ,EWR
3522,KEYW,Key West International Airport,medium_airport,24.556119,-81.759579,US,United States of America,US-FL,EYW
3523,KFAR,Hector International Airport,medium_airport,46.9207,-96.815804,US,United States of America,US-ND,FAR
3524,KFAT,Fresno Yosemite International Airport,large_airport,36.775767,-119.718018,US,United States of America,US-CA,FAT
3525,KFAY,Fayetteville Regional Airport - Grannis Field,medium_airport,34.991199,-78.880302,US,United States of America,US-NC,FAY
3526,KFBG,Simmons Army Air Field,medium_airport,35.13180161,-78.93669891,US,United States of America,US-NC,FBG
3527,KGPI,Glacier Park International Airport,medium_airport,48.310501,-114.255997,US,United States of America,US-MT,FCA
3528,KFFO,Wright-Patterson Air Force Base,medium_airport,39.826099,-84.048302,US,United States of America,US-OH,FFO
3529,KFHU,Sierra Vista Municipal Airport / Libby Army Air Field,medium_airport,31.587383,-110.348225,US,United States of America,US-AZ,FHU
3530,KFLG,Flagstaff Pulliam Airport,medium_airport,35.139757,-111.669826,US,United States of America,US-AZ,FLG
3531,KFLL,Fort Lauderdale Hollywood International Airport,large_airport,26.072599,-80.152702,US,United States of America,US-FL,FLL
3532,KFLO,Florence Regional Airport,medium_airport,34.18539810180664,-79.7238998413086,US,United States of America,US-SC,FLO
3534,KFME,Fort Meade Executive Airport,medium_airport,39.0854,-76.759399,US,United States of America,US-MD,FME
3535,KFNT,Bishop International Airport,medium_airport,42.969294,-83.743355,US,United States of America,US-MI,FNT
3536,KFOD,Fort Dodge Regional Airport,medium_airport,42.552624,-94.191237,US,United States of America,US-IA,FOD
3537,KFOE,Topeka Regional Airport,medium_airport,38.950901,-95.663597,US,United States of America,US-KS,FOE
3538,KFPR,Treasure Coast International Airport,medium_airport,27.4951,-80.368301,US,United States of America,US-FL,FPR
3539,KFRG,Republic Airport,medium_airport,40.728576,-73.414267,US,United States of America,US-NY,FRG
3540,KFRI,Marshall Army Air Field,medium_airport,39.053021,-96.764202,US,United States of America,US-KS,FRI
3541,KFSD,Sioux Falls Regional Airport,medium_airport,43.585463,-96.741152,US,United States of America,US-SD,FSD
3542,KFSI,Henry Post Army Air Field,medium_airport,34.649799,-98.402199,US,United States of America,US-OK,FSI
3543,KFSM,Fort Smith Regional Airport,medium_airport,35.336601,-94.367401,US,United States of America,US-AR,FSM
3544,KFTK,Godman Army Air Field,medium_airport,37.9071006775,-85.9720993042,US,United States of America,US-KY,FTK
3545,KFTW,Fort Worth Meacham International Airport,medium_airport,32.819919,-97.360818,US,United States of America,US-TX,FTW
3546,KFTY,Fulton County Airport Brown Field,medium_airport,33.7790985107,-84.5214004517,US,United States of America,US-GA,FTY
3547,KFWA,Fort Wayne International Airport,medium_airport,40.978896,-85.194465,US,United States of America,US-IN,FWA
3548,KFYV,Drake Field,medium_airport,36.00510025024414,-94.17009735107422,US,United States of America,US-AR,FYV
3550,KGCK,Garden City Regional Airport,medium_airport,37.9275016785,-100.723999023,US,United States of America,US-KS,GCK
3551,KGCN,Grand Canyon National Park Airport,medium_airport,35.9524,-112.147003,US,United States of America,US-AZ,GCN
3552,KGEG,Spokane International Airport,large_airport,47.6199,-117.533997,US,United States of America,US-WA,GEG
3553,KGFK,Grand Forks International Airport,medium_airport,47.949299,-97.176102,US,United States of America,US-ND,GFK
3554,KGFL,Floyd Bennett Memorial Airport,medium_airport,43.3412017822,-73.6102981567,US,United States of America,US-NY,GFL
3555,KGGG,East Texas Regional Airport,medium_airport,32.38399887084961,-94.71150207519533,US,United States of America,US-TX,GGG
3556,KGGW,Glasgow Valley County Airport Wokal Field,medium_airport,48.212502,-106.614998,US,United States of America,US-MT,GGW
3557,KGJT,Grand Junction Regional Airport,medium_airport,39.126663,-108.529387,US,United States of America,US-CO,GJT
3558,KGLS,Scholes International At Galveston Airport,medium_airport,29.265301,-94.860397,US,United States of America,US-TX,GLS
3559,KGNV,Gainesville Regional Airport,medium_airport,29.6900997162,-82.2717971802,US,United States of America,US-FL,GNV
3560,KGON,Groton New London Airport,medium_airport,41.330101,-72.045097,US,United States of America,US-CT,GON
3561,KGPT,Gulfport Biloxi International Airport,medium_airport,30.405582,-89.069836,US,United States of America,US-MS,GPT
3562,KGRB,Austin Straubel International Airport,medium_airport,44.483459,-88.130805,US,United States of America,US-WI,GRB
3563,KGRF,Gray Army Air Field,medium_airport,47.07920074,-122.5810013,US,United States of America,US-WA,GRF
3564,KGRI,Central Nebraska Regional Airport,medium_airport,40.967498779296875,-98.30960083007812,US,United States of America,US-NE,GRI
3565,KGRK,Killeen Regional Airport / Robert Gray Army Airfield,medium_airport,31.0672,-97.828903,US,United States of America,US-TX,GRK
3566,KGRR,Gerald R. Ford International Airport,large_airport,42.880798,-85.522797,US,United States of America,US-MI,GRR
3567,KGSB,Seymour Johnson Air Force Base,medium_airport,35.339401,-77.960602,US,United States of America,US-NC,GSB
3568,KGSO,Piedmont Triad International Airport,large_airport,36.09937,-79.937262,US,United States of America,US-NC,GSO
3569,KGSP,Greenville-Spartanburg International Airport,medium_airport,34.895699,-82.218903,US,United States of America,US-SC,GSP
3571,KGTF,Great Falls International Airport,medium_airport,47.481998,-111.371002,US,United States of America,US-MT,GTF
3572,KGUP,Gallup Municipal Airport,medium_airport,35.511653,-108.788166,US,United States of America,US-NM,GUP
3573,KGUS,Grissom Air Reserve Base,medium_airport,40.648102,-86.1521,US,United States of America,US-IN,GUS
3574,KGWO,Greenwood–Leflore Airport,medium_airport,33.495025,-90.088204,US,United States of America,US-MS,GWO
3575,KGYY,Gary/Chicago International Airport,medium_airport,41.617087,-87.413206,US,United States of America,US-IN,GYY
3576,KHFD,Hartford Brainard Airport,medium_airport,41.736698150635,-72.649398803711,US,United States of America,US-CT,HFD
3577,KHGR,Hagerstown Regional Richard A Henson Field,medium_airport,39.708771,-77.728014,US,United States of America,US-MD,HGR
3578,KHHR,Jack Northrop Field Hawthorne Municipal Airport,medium_airport,33.922798,-118.334999,US,United States of America,US-CA,HHR
3579,KHIB,Range Regional Airport,medium_airport,47.384831,-92.836905,US,United States of America,US-MN,HIB
3580,KHIF,Hill Air Force Base,medium_airport,41.12403,-111.973086,US,United States of America,US-UT,HIF
3581,KHKY,Hickory Regional Airport,medium_airport,35.74110031,-81.38950348,US,United States of America,US-NC,HKY
3582,KHLN,Helena Regional Airport,medium_airport,46.6068,-111.983002,US,United States of America,US-MT,HLN
3584,KHMN,Holloman Air Force Base,medium_airport,32.852501,-106.107002,US,United States of America,US-NM,HMN
3585,KHON,Huron Regional Airport,medium_airport,44.385201,-98.2285,US,United States of America,US-SD,HON
3586,KHOP,Campbell Army Airfield (Fort Campbell),medium_airport,36.674154,-87.48974,US,United States of America,US-KY,HOP
3587,KHOT,Memorial Field Airport,medium_airport,34.4788,-93.096262,US,United States of America,US-AR,HOT
3588,KHOU,William P. Hobby Airport,large_airport,29.645336,-95.276812,US,United States of America,US-TX,HOU
3589,KHPN,Westchester County Airport,medium_airport,41.06700134277344,-73.70760345458984,US,United States of America,US-NY,HPN
3590,KHQM,Bowerman Airport,medium_airport,46.971199035599994,-123.93699646,US,United States of America,US-WA,HQM
3591,KHRL,Valley International Airport,medium_airport,26.228500366210938,-97.65440368652344,US,United States of America,US-TX,HRL
3592,KHRO,Boone County Airport,medium_airport,36.26150131225586,-93.15470123291016,US,United States of America,US-AR,HRO
3593,KHST,Homestead Air Reserve Base,medium_airport,25.4886,-80.383598,US,United States of America,US-FL,HST
3594,KHSV,Huntsville International Airport,medium_airport,34.636244,-86.774378,US,United States of America,US-AL,HSV
3595,KHTS,Tri-State Airport / Milton J. Ferguson Field,medium_airport,38.366699,-82.557999,US,United States of America,US-WV,HTS
3596,KHUA,Redstone Army Air Field,medium_airport,34.67869949,-86.68479919,US,United States of America,US-AL,HUA
3597,KHUF,"Terre Haute Regional Airport, Hulman Field",medium_airport,39.4515,-87.307602,US,United States of America,US-IN,HUF
3598,KHUT,Hutchinson Municipal Airport,medium_airport,38.0654983521,-97.86060333250002,US,United States of America,US-KS,HUT
3599,KHVN,Tweed New Haven Airport,medium_airport,41.262869,-72.887694,US,United States of America,US-CT,HVN
3600,KHYA,Cape Cod Gateway Airport,medium_airport,41.6693,-70.280403,US,United States of America,US-MA,HYA
3601,KIAB,McConnell Air Force Base,medium_airport,37.621899,-97.268204,US,United States of America,US-KS,IAB
3602,KIAD,Washington Dulles International Airport,large_airport,38.9445,-77.455803,US,United States of America,US-VA,IAD
3603,KIAG,Niagara Falls International Airport,medium_airport,43.1073,-78.946198,US,United States of America,US-NY,IAG
3604,KIAH,George Bush Intercontinental Airport,large_airport,29.9844,-95.3414,US,United States of America,US-TX,IAH
3605,KICT,Wichita Dwight D. Eisenhower National Airport,medium_airport,37.650314,-97.428583,US,United States of America,US-KS,ICT
3606,KIDA,Idaho Falls Regional Airport,medium_airport,43.514599,-112.070999,US,United States of America,US-ID,IDA
3607,KIKK,Greater Kankakee Airport,medium_airport,41.07139968869999,-87.8462982178,US,United States of America,US-IL,IKK
3608,KILG,Wilmington Airport,medium_airport,39.678699,-75.606499,US,United States of America,US-DE,ILG
3609,KILM,Wilmington International Airport,medium_airport,34.272345,-77.905117,US,United States of America,US-NC,ILM
3610,KIND,Indianapolis International Airport,large_airport,39.7173,-86.294403,US,United States of America,US-IN,IND
3611,KINK,Winkler County Airport,medium_airport,31.779600143399996,-103.200996399,US,United States of America,US-TX,INK
3612,KINL,Falls International Airport,medium_airport,48.566200256347656,-93.4030990600586,US,United States of America,US-MN,INL
3613,KINT,Smith Reynolds Airport,medium_airport,36.13370132446289,-80.22200012207031,US,United States of America,US-NC,INT
3614,KIPT,Williamsport Regional Airport,medium_airport,41.242126,-76.92245,US,United States of America,US-PA,IPT
3615,KIRK,Kirksville Regional Airport,medium_airport,40.09349822998047,-92.5448989868164,US,United States of America,US-MO,IRK
3616,KISP,Long Island MacArthur Airport,medium_airport,40.796324,-73.101703,US,United States of America,US-NY,ISP
3617,KIWA,Mesa Gateway Airport,medium_airport,33.3078,-111.654999,US,United States of America,US-AZ,AZA
3618,KJAC,Jackson Hole Airport,medium_airport,43.6073,-110.737999,US,United States of America,US-WY,JAC
3619,KJAN,Jackson-Medgar Wiley Evers International Airport,medium_airport,32.311199,-90.075897,US,United States of America,US-MS,JAN
3620,KJAX,Jacksonville International Airport,large_airport,30.492469,-81.687813,US,United States of America,US-FL,JAX
3621,KJBR,Jonesboro Municipal Airport,medium_airport,35.83169937133789,-90.64640045166016,US,United States of America,US-AR,JBR
3622,KJFK,John F. Kennedy International Airport,large_airport,40.639447,-73.779317,US,United States of America,US-NY,JFK
3623,KJLN,Joplin Regional Airport,medium_airport,37.151798,-94.498299,US,United States of America,US-MO,JLN
3624,KJMS,Jamestown Regional Airport,medium_airport,46.92969894,-98.67819977,US,United States of America,US-ND,JMS
3625,KJST,John Murtha Johnstown Cambria County Airport,medium_airport,40.31610107421875,-78.83390045166016,US,United States of America,US-PA,JST
3626,KJXN,Jackson County Airport/Reynolds Field,medium_airport,42.260509,-84.463019,US,United States of America,US-MI,JXN
3627,KLAF,Purdue University Airport,medium_airport,40.412875,-86.939363,US,United States of America,US-IN,LAF
3628,KLAL,Lakeland Linder International Airport,medium_airport,27.989267,-82.020715,US,United States of America,US-FL,LAL
3629,KLAN,Capital Region International Airport,medium_airport,42.777582,-84.585721,US,United States of America,US-MI,LAN
3630,KLAR,Laramie Regional Airport,medium_airport,41.31209945678711,-105.6750030517578,US,United States of America,US-WY,LAR
3631,KLAS,Harry Reid International Airport,large_airport,36.083361,-115.151817,US,United States of America,US-NV,LAS
3632,KLAX,Los Angeles International Airport,large_airport,33.942501,-118.407997,US,United States of America,US-CA,LAX
3633,KLBB,Lubbock Preston Smith International Airport,medium_airport,33.663601,-101.822998,US,United States of America,US-TX,LBB
3634,KLBE,Arnold Palmer Regional Airport,medium_airport,40.275902,-79.4048,US,United States of America,US-PA,LBE
3635,KLBF,North Platte Regional Airport Lee Bird Field,medium_airport,41.12620163,-100.6839981,US,United States of America,US-NE,LBF
3636,KLBL,Liberal Mid-America Regional Airport,medium_airport,37.0442009,-100.9599991,US,United States of America,US-KS,LBL
3637,KLCH,Lake Charles Regional Airport,medium_airport,30.126100540161133,-93.22329711914062,US,United States of America,US-LA,LCH
3638,KLCK,Rickenbacker International Airport,medium_airport,39.813801,-82.927803,US,United States of America,US-OH,LCK
3639,KLEB,Lebanon Municipal Airport,medium_airport,43.626098632799994,-72.30419921880001,US,United States of America,US-NH,LEB
3640,KLEX,Blue Grass Airport,medium_airport,38.035066,-84.606738,US,United States of America,US-KY,LEX
3641,KLFI,Langley Air Force Base,medium_airport,37.082901,-76.360497,US,United States of America,US-VA,LFI
3642,KLFT,Lafayette Regional Airport,medium_airport,30.205299,-91.987602,US,United States of America,US-LA,LFT
3643,KLGA,LaGuardia Airport,large_airport,40.777199,-73.872597,US,United States of America,US-NY,LGA
3644,KLGB,Long Beach International Airport,large_airport,33.816523,-118.149891,US,United States of America,US-CA,LGB
3645,KLIT,Bill & Hillary Clinton National Airport/Adams Field,medium_airport,34.729222,-92.223591,US,United States of America,US-AR,LIT
3646,KLMT,Crater Lake-Klamath Regional Airport,medium_airport,42.156101,-121.733002,US,United States of America,US-OR,LMT
3647,KLNK,Lincoln Airport,medium_airport,40.844882,-96.76178,US,United States of America,US-NE,LNK
3648,KLNS,Lancaster Airport,medium_airport,40.121700286865234,-76.29609680175781,US,United States of America,US-PA,LNS
3649,KLOU,Bowman Field,medium_airport,38.2280006409,-85.6636962891,US,United States of America,US-KY,LOU
3650,KLOZ,London-Corbin Airport/Magee Field,medium_airport,37.0821990967,-84.08489990230001,US,United States of America,US-KY,LOZ
3651,KLRD,Laredo International Airport,medium_airport,27.5438,-99.461601,US,United States of America,US-TX,LRD
3652,KLRF,Little Rock Air Force Base,medium_airport,34.916900634799994,-92.14969635010002,US,United States of America,US-AR,LRF
3653,KLRU,Las Cruces International Airport,medium_airport,32.289398,-106.921997,US,United States of America,US-NM,LRU
3654,KLSE,La Crosse Regional Airport,medium_airport,43.879002,-91.256699,US,United States of America,US-WI,LSE
3655,KLSF,Lawson Army Air Field,medium_airport,32.332546,-84.988003,US,United States of America,US-GA,LSF
3656,KLSV,Nellis Air Force Base,medium_airport,36.2361984253,-115.033996582,US,United States of America,US-NV,LSV
3657,KLTS,Altus Air Force Base,medium_airport,34.667099,-99.266701,US,United States of America,US-OK,LTS
3658,KLUF,Luke Air Force Base,medium_airport,33.535,-112.383003,US,United States of America,US-AZ,LUF
3659,KLUK,Cincinnati Municipal Airport Lunken Field,medium_airport,39.102357,-84.418945,US,United States of America,US-OH,LUK
3660,KLWM,Lawrence Municipal Airport,medium_airport,42.717201232899995,-71.1233978271,US,United States of America,US-MA,LWM
3661,KLWT,Lewistown Municipal Airport,medium_airport,47.048429,-109.466143,US,United States of America,US-MT,LWT
3662,KLYH,Lynchburg Regional Airport - Preston Glenn Field,medium_airport,37.326698,-79.200401,US,United States of America,US-VA,LYH
3663,KMAF,Midland International Air and Space Port,medium_airport,31.942499,-102.202003,US,United States of America,US-TX,MAF
3664,KMBS,MBS International Airport,medium_airport,43.533181,-84.083104,US,United States of America,US-MI,MBS
3665,KMCB,McComb-Pike County Airport / John E Lewis Field,medium_airport,31.178499,-90.471901,US,United States of America,US-MS,MCB
3666,KMCC,McClellan Airfield,medium_airport,38.667599,-121.401001,US,United States of America,US-CA,MCC
3667,KMCF,MacDill Air Force Base,medium_airport,27.8493,-82.521202,US,United States of America,US-FL,MCF
3668,KMCI,Kansas City International Airport,large_airport,39.301699,-94.713893,US,United States of America,US-MO,MCI
3669,KMCN,Middle Georgia Regional Airport,medium_airport,32.69279861450195,-83.64920043945312,US,United States of America,US-GA,MCN
3670,KMCO,Orlando International Airport,large_airport,28.429399490356445,-81.30899810791016,US,United States of America,US-FL,MCO
3671,KMDH,Southern Illinois Airport,medium_airport,37.778099,-89.251999,US,United States of America,US-IL,MDH
3672,KMDT,Harrisburg International Airport,medium_airport,40.192838,-76.762333,US,United States of America,US-PA,MDT
3673,KMDW,Chicago Midway International Airport,large_airport,41.785999,-87.752403,US,United States of America,US-IL,MDW
3674,KMEI,Key Field / Meridian Regional Airport,medium_airport,32.3326,-88.7519,US,United States of America,US-MS,MEI
3675,KMEM,Memphis International Airport,large_airport,35.043845,-89.97634,US,United States of America,US-TN,MEM
3676,KMER,Castle Airport,medium_airport,37.38050079,-120.5680008,US,United States of America,US-CA,MER
3677,KMFD,Mansfield Lahm Regional Airport,medium_airport,40.82139968869999,-82.5166015625,US,United States of America,US-OH,MFD
3678,KMFE,McAllen Miller International Airport,medium_airport,26.176141,-98.237965,US,United States of America,US-TX,MFE
3679,KMFR,Rogue Valley International-Medford Airport,medium_airport,42.374199,-122.873001,US,United States of America,US-OR,MFR
3680,KMGE,Dobbins Air Reserve Base,medium_airport,33.915401,-84.516296,US,United States of America,US-GA,MGE
3681,KMGM,Montgomery Regional (Dannelly Field) Airport,medium_airport,32.300598,-86.393997,US,United States of America,US-AL,MGM
3682,KMGW,Morgantown Municipal Airport Walter L. (Bill) Hart Field,medium_airport,39.643305,-79.917598,US,United States of America,US-WV,MGW
3683,KMHK,Manhattan Regional Airport,medium_airport,39.14099884033203,-96.6707992553711,US,United States of America,US-KS,MHK
3684,KMHT,Manchester-Boston Regional Airport,medium_airport,42.932598,-71.435699,US,United States of America,US-NH,MHT
3685,KMIA,Miami International Airport,large_airport,25.796011,-80.289751,US,United States of America,US-FL,MIA
3686,KMIB,Minot Air Force Base,medium_airport,48.4156,-101.358002,US,United States of America,US-ND,MIB
3687,KMIE,Delaware County Johnson Field,medium_airport,40.242298,-85.395897,US,United States of America,US-IN,MIE
3688,KMIV,Millville Municipal Airport,medium_airport,39.367802,-75.072197,US,United States of America,US-NJ,MIV
3689,KMKC,Charles B. Wheeler Downtown Airport,medium_airport,39.123199,-94.592796,US,United States of America,US-MO,MKC
3690,KMKE,General Mitchell International Airport,large_airport,42.947201,-87.896599,US,United States of America,US-WI,MKE
3691,KMKG,Muskegon County Airport,medium_airport,43.169498,-86.238197,US,United States of America,US-MI,MKG
3692,KMKL,McKellar-Sipes Regional Airport,medium_airport,35.599899,-88.915604,US,United States of America,US-TN,MKL
3693,KMLB,Melbourne Orlando International Airport,medium_airport,28.102009,-80.641088,US,United States of America,US-FL,MLB
3694,KMLC,Mc Alester Regional Airport,medium_airport,34.882401,-95.783501,US,United States of America,US-OK,MLC
3695,KMLI,Quad City International Airport,medium_airport,41.448502,-90.5075,US,United States of America,US-IL,MLI
3696,KMLS,Miles City Airport - Frank Wiley Field,medium_airport,46.427268,-105.885372,US,United States of America,US-MT,MLS
3697,KMLU,Monroe Regional Airport,medium_airport,32.510899,-92.037697,US,United States of America,US-LA,MLU
3698,KMMU,Morristown Municipal Airport,medium_airport,40.799062,-74.414949,US,United States of America,US-NJ,MMU
3700,KMOB,Mobile Regional Airport,medium_airport,30.6912,-88.242798,US,United States of America,US-AL,MOB
3701,KMOD,Modesto City Co-Harry Sham Field,medium_airport,37.625801,-120.954002,US,United States of America,US-CA,MOD
3702,KMOT,Minot International Airport,medium_airport,48.25801,-101.279123,US,United States of America,US-ND,MOT
3703,KMQY,Smyrna Airport,medium_airport,36.0089988708,-86.5201034546,US,United States of America,US-TN,MQY
3704,KMRB,Eastern WV Regional Airport/Shepherd Field,medium_airport,39.40190125,-77.98459625,US,United States of America,US-WV,MRB
3705,KMRY,Monterey Regional Airport,medium_airport,36.586777,-121.844183,US,United States of America,US-CA,MRY
3706,KMSL,Northwest Alabama Regional Airport,medium_airport,34.745123,-87.612981,US,United States of America,US-AL,MSL
3707,KMSN,Dane County Regional Truax Field,medium_airport,43.1399,-89.337502,US,United States of America,US-WI,MSN
3708,KMSO,Missoula Montana Airport,medium_airport,46.915816,-114.091107,US,United States of America,US-MT,MSO
3709,KMSP,Minneapolis–Saint Paul International Airport / Wold–Chamberlain Field,large_airport,44.880081,-93.221741,US,United States of America,US-MN,MSP
3710,KMSS,Massena International Airport Richards Field,medium_airport,44.936157,-74.844304,US,United States of America,US-NY,MSS
3711,KMSY,Louis Armstrong New Orleans International Airport,large_airport,29.993401,-90.264673,US,United States of America,US-LA,MSY
3712,KMTC,Selfridge Air National Guard Base Airport,medium_airport,42.613463,-82.836919,US,United States of America,US-MI,MTC
3713,KMTN,Martin State Airport,medium_airport,39.325699,-76.413803,US,United States of America,US-MD,MTN
3714,KMUI,Muir Army Air Field (Fort Indiantown Gap) Airport,medium_airport,40.435214,-76.568661,US,United States of America,US-PA,MUI
3715,KMUO,Mountain Home Air Force Base,medium_airport,43.043598,-115.872002,US,United States of America,US-ID,MUO
3716,KMXF,Maxwell Air Force Base,medium_airport,32.3829,-86.365799,US,United States of America,US-AL,MXF
3717,KMYR,Myrtle Beach International Airport,large_airport,33.679699,-78.928299,US,United States of America,US-SC,MYR
3718,KMYV,Yuba County Airport,medium_airport,39.09780121,-121.5699997,US,United States of America,US-CA,MYV
3720,KNBG,New Orleans NAS JRB/Alvin Callender Field,medium_airport,29.82530022,-90.03500366,US,United States of America,US-LA,NBG
3722,KNEL,Lakehurst Maxfield Field Airport,medium_airport,40.03329849,-74.353302,US,United States of America,US-NJ,NEL
3723,KNEW,Lakefront Airport,medium_airport,30.042400360107,-90.028297424316,US,United States of America,US-LA,NEW
3725,KNFL,Fallon Naval Air Station,medium_airport,39.41659927,-118.7009964,US,United States of America,US-NV,NFL
3726,KNGP,Naval Air Station Corpus Christi Truax Field,medium_airport,27.6926,-97.2911,US,United States of America,US-TX,NGP
3727,KNGU,Norfolk Naval Station (Chambers Field),medium_airport,36.937599,-76.289299,US,United States of America,US-VA,NGU
3728,KNHK,Patuxent River Naval Air Station (Trapnell Field),medium_airport,38.285999,-76.411797,US,United States of America,US-MD,NHK
3729,KBXM,Brunswick Executive Airport,medium_airport,43.89220047,-69.93859863,US,United States of America,US-ME,NHZ
3730,KNIP,Jacksonville Naval Air Station (Towers Field),medium_airport,30.2358,-81.680603,US,United States of America,US-FL,NIP
3731,KNJK,El Centro NAF Airport (Vraciu Field),medium_airport,32.829201,-115.671996,US,United States of America,US-CA,NJK
3733,KNKX,Miramar Marine Corps Air Station - Mitscher Field,medium_airport,32.86840057,-117.1429977,US,United States of America,US-CA,NKX
3735,KNPA,Naval Air Station Pensacola Forrest Sherman Field,medium_airport,30.352699,-87.318604,US,United States of America,US-FL,NPA
3736,KNQA,Millington-Memphis Airport,medium_airport,35.356701,-89.8703,US,United States of America,US-TN,NQA
3737,KNQI,Kingsville Naval Air Station,medium_airport,27.5072002411,-97.8097000122,US,United States of America,US-TX,NQI
3738,KNQX,Naval Air Station Key West/Boca Chica Field,medium_airport,24.57579994,-81.68890381,US,United States of America,US-FL,NQX
3739,KNTD,Point Mugu Naval Air Station (Naval Base Ventura Co),medium_airport,34.120300293,-119.121002197,US,United States of America,US-CA,NTD
3740,KNTU,Oceana Naval Air Station,medium_airport,36.820702,-76.033501,US,United States of America,US-VA,NTU
3741,KNUQ,Moffett Federal Airfield,medium_airport,37.4161,-122.049004,US,United States of America,US-CA,NUQ
3743,KNZY,North Island Naval Air Station-Halsey Field,medium_airport,32.69919968,-117.2149963,US,United States of America,US-CA,NZY
3744,KOAK,San Francisco Bay Oakland International Airport,large_airport,37.720085,-122.221184,US,United States of America,US-CA,OAK
3745,KOFF,Offutt Air Force Base,medium_airport,41.119307,-95.90851,US,United States of America,US-NE,OFF
3746,KOGD,Ogden Hinckley Airport,medium_airport,41.195899963379,-112.0120010376,US,United States of America,US-UT,OGD
3747,KOKC,OKC Will Rogers World Airport,large_airport,35.393388,-97.598248,US,United States of America,US-OK,OKC
3749,KOLM,Olympia Regional Airport,medium_airport,46.969399,-122.903,US,United States of America,US-WA,OLM
3750,KOLU,Columbus Municipal Airport,medium_airport,41.448145,-97.340174,US,United States of America,US-NE,OLU
3751,KOMA,Eppley Airfield,large_airport,41.3032,-95.894096,US,United States of America,US-NE,OMA
3752,KONT,Ontario International Airport,large_airport,34.056,-117.600998,US,United States of America,US-CA,ONT
3753,KOQU,Quonset State Airport,medium_airport,41.597099304199,-71.412101745605,US,United States of America,US-RI,NCO
3754,KORD,Chicago O'Hare International Airport,large_airport,41.9786,-87.9048,US,United States of America,US-IL,ORD
3755,KORF,Norfolk International Airport,large_airport,36.895341,-76.201,US,United States of America,US-VA,ORF
3756,KORH,Worcester Regional Airport,medium_airport,42.2673,-71.875702,US,United States of America,US-MA,ORH
3757,KOSH,Wittman Regional Airport,medium_airport,43.98440170288086,-88.55699920654297,US,United States of America,US-WI,OSH
3758,KOSU,The Ohio State University Airport - Don Scott Field,medium_airport,40.0798,-83.072998,US,United States of America,US-OH,OSU
3759,KOTH,Southwest Oregon Regional Airport,medium_airport,43.41709899902344,-124.24600219726562,US,United States of America,US-OR,OTH
3760,KOTM,Ottumwa Regional Airport,medium_airport,41.106368,-92.449837,US,United States of America,US-IA,OTM
3761,KOWB,Owensboro Daviess County Airport,medium_airport,37.74010086,-87.16680145,US,United States of America,US-KY,OWB
3762,KOZR,Cairns AAF (Fort Rucker) Air Field,medium_airport,31.27569962,-85.71340179,US,United States of America,US-AL,OZR
3763,KPAE,Seattle Paine Field International Airport,medium_airport,47.9063,-122.281998,US,United States of America,US-WA,PAE
3764,KPAH,Barkley Regional Airport,medium_airport,37.06079864501953,-88.7738037109375,US,United States of America,US-KY,PAH
3765,KPAM,Tyndall Air Force Base,medium_airport,30.069599,-85.575401,US,United States of America,US-FL,PAM
3766,KPBI,Palm Beach International Airport,large_airport,26.683201,-80.095596,US,United States of America,US-FL,PBI
3767,KPDK,DeKalb Peachtree Airport,medium_airport,33.87633,-84.30213,US,United States of America,US-GA,PDK
3768,KPDX,Portland International Airport,large_airport,45.588699,-122.598,US,United States of America,US-OR,PDX
3770,KPHF,Newport News Williamsburg International Airport,medium_airport,37.131901,-76.492996,US,United States of America,US-VA,PHF
3771,KPHL,Philadelphia International Airport,large_airport,39.871899,-75.241096,US,United States of America,US-PA,PHL
3772,KPHX,Phoenix Sky Harbor International Airport,large_airport,33.435302,-112.005905,US,United States of America,US-AZ,PHX
3773,KPIA,General Wayne A. Downing Peoria International Airport,medium_airport,40.663841,-89.692631,US,United States of America,US-IL,PIA
3774,KPIB,Hattiesburg Laurel Regional Airport,medium_airport,31.4671,-89.337097,US,United States of America,US-MS,PIB
3775,KPIE,St. Petersburg Clearwater International Airport,large_airport,27.9102,-82.687401,US,United States of America,US-FL,PIE
3776,KPIH,Pocatello Regional Airport,medium_airport,42.9098014831543,-112.59600067138672,US,United States of America,US-ID,PIH
3777,KPIR,Pierre Regional Airport,medium_airport,44.38270187,-100.2860031,US,United States of America,US-SD,PIR
3778,KPIT,Pittsburgh International Airport,large_airport,40.491501,-80.232903,US,United States of America,US-PA,PIT
3779,KPKB,Mid Ohio Valley Regional Airport,medium_airport,39.3451,-81.439201,US,United States of America,US-WV,PKB
3781,KPLN,Pellston Regional Airport of Emmet County Airport,medium_airport,45.57089996,-84.79669952,US,United States of America,US-MI,PLN
3782,KPMD,Palmdale Regional Airport / USAF Plant 42 Airport,medium_airport,34.629398,-118.084999,US,United States of America,US-CA,PMD
3783,KPNS,Pensacola International Airport,large_airport,30.472718,-87.186639,US,United States of America,US-FL,PNS
3784,KPOB,Pope Field,medium_airport,35.170898,-79.014503,US,United States of America,US-NC,POB
3785,KPOE,Polk Army Air Field,medium_airport,31.0447998,-93.1917038,US,United States of America,US-LA,POE
3786,KPOU,Dutchess County Airport,medium_airport,41.6265983581543,-73.88420104980469,US,United States of America,US-NY,POU
3787,KPQI,Presque Isle International Airport,medium_airport,46.688999,-68.0448,US,United States of America,US-ME,PQI
3788,KPRB,Paso Robles Municipal Airport,medium_airport,35.67290115,-120.6269989,US,United States of America,US-CA,PRB
3789,KPRC,Prescott Regional Airport - Ernest A. Love Field,medium_airport,34.653502,-112.419883,US,United States of America,US-AZ,PRC
3790,KPRX,Cox Field,medium_airport,33.636600494385,-95.450798034668,US,United States of America,US-TX,PRX
3791,KPSM,Portsmouth International Airport at Pease,medium_airport,43.0779,-70.823303,US,United States of America,US-NH,PSM
3792,KPSP,Palm Springs International Airport,large_airport,33.8297,-116.507004,US,United States of America,US-CA,PSP
3793,KPTK,Oakland County International Airport,medium_airport,42.665500640869,-83.420097351074,US,United States of America,US-MI,PTK
3794,KPUB,Pueblo Memorial Airport,medium_airport,38.289101,-104.497002,US,United States of America,US-CO,PUB
3795,KPVD,Rhode Island T. F. Green International Airport,large_airport,41.725038,-71.425668,US,United States of America,US-RI,PVD
3796,KPWM,Portland International Jetport,large_airport,43.646198,-70.309303,US,United States of America,US-ME,PWM
3797,KPWT,Bremerton National Airport,medium_airport,47.490200042725,-122.76499938965,US,United States of America,US-WA,PWT
3837,KRAL,Riverside Municipal Airport,medium_airport,33.9519,-117.445,US,United States of America,US-CA,RAL
3838,KRAP,Rapid City Regional Airport,medium_airport,44.0452995300293,-103.05699920654295,US,United States of America,US-SD,RAP
3839,KRBL,Red Bluff Municipal Airport,medium_airport,40.1506996155,-122.251998901,US,United States of America,US-CA,RBL
3840,KRCA,Ellsworth Air Force Base,medium_airport,44.14500046,-103.1039963,US,United States of America,US-SD,RCA
3841,KRDD,Redding Municipal Airport,medium_airport,40.50899887,-122.2929993,US,United States of America,US-CA,RDD
3842,KRDG,Reading Regional Airport (Carl A Spaatz Field),medium_airport,40.378502,-75.965202,US,United States of America,US-PA,RDG
3843,KRDM,Roberts Field,medium_airport,44.254101,-121.150002,US,United States of America,US-OR,RDM
3844,KRDU,Raleigh-Durham International Airport,large_airport,35.878659,-78.7873,US,United States of America,US-NC,RDU
3845,KRFD,Chicago Rockford International Airport,medium_airport,42.1954,-89.097198,US,United States of America,US-IL,RFD
3846,KRHI,Rhinelander Oneida County Airport,medium_airport,45.63119888305664,-89.46749877929688,US,United States of America,US-WI,RHI
3847,KRIC,Richmond International Airport,large_airport,37.505199,-77.319702,US,United States of America,US-VA,RIC
3849,KRIV,March Air Reserve Base,medium_airport,33.880699,-117.259003,US,United States of America,US-CA,RIV
3850,KRKS,Southwest Wyoming Regional Airport,medium_airport,41.5942,-109.065001,US,United States of America,US-WY,RKS
3851,KRMG,Richard B Russell Airport,medium_airport,34.3506011963,-85.15799713130001,US,United States of America,US-GA,RMG
3852,KRND,Randolph Air Force Base,medium_airport,29.529699,-98.2789,US,United States of America,US-TX,RND
3853,KRNO,Reno Tahoe International Airport,large_airport,39.4991,-119.767998,US,United States of America,US-NV,RNO
3854,KROA,Roanoke–Blacksburg Regional Airport,medium_airport,37.3255,-79.975403,US,United States of America,US-VA,ROA
3855,KROC,Frederick Douglass Greater Rochester International Airport,large_airport,43.1189,-77.672401,US,United States of America,US-NY,ROC
3856,KROW,Roswell Air Center Airport,medium_airport,33.301601,-104.530998,US,United States of America,US-NM,ROW
3857,KRST,Rochester International Airport,medium_airport,43.908298,-92.5,US,United States of America,US-MN,RST
3858,KRSW,Southwest Florida International Airport,large_airport,26.534685,-81.752816,US,United States of America,US-FL,RSW
3859,KRUT,Rutland - Southern Vermont Regional Airport,medium_airport,43.5294,-72.9496,US,United States of America,US-VT,RUT
3860,KRWI,Rocky Mount Wilson Regional Airport,medium_airport,35.8563,-77.891899,US,United States of America,US-NC,RWI
3861,KSAC,Sacramento Executive Airport,medium_airport,38.5125007629,-121.492996216,US,United States of America,US-CA,SAC
3862,KSAN,San Diego International Airport,large_airport,32.733601,-117.190002,US,United States of America,US-CA,SAN
3863,KSAT,San Antonio International Airport,large_airport,29.533701,-98.469803,US,United States of America,US-TX,SAT
3864,KSAV,Savannah Hilton Head International Airport,large_airport,32.126591,-81.19998,US,United States of America,US-GA,SAV
3865,KSAW,Marquette/Sawyer International Airport,medium_airport,46.351498,-87.395884,US,United States of America,US-MI,MQT
3866,KSBA,Santa Barbara Municipal Airport,medium_airport,34.426201,-119.839996,US,United States of America,US-CA,SBA
3867,KSBD,San Bernardino International Airport,large_airport,34.096717,-117.236596,US,United States of America,US-CA,SBD
3868,KSBN,South Bend International Airport,medium_airport,41.708304,-86.316922,US,United States of America,US-IN,SBN
3869,KSBP,San Luis County Regional Airport,medium_airport,35.236801147499996,-120.641998291,US,United States of America,US-CA,SBP
3870,KSBY,Salisbury Ocean City Wicomico Regional Airport,medium_airport,38.34049987792969,-75.51029968261719,US,United States of America,US-MD,SBY
3871,KSCH,Schenectady County Airport,medium_airport,42.852500915527,-73.928901672363,US,United States of America,US-NY,SCH
3872,KSCK,Stockton Metropolitan Airport,medium_airport,37.893279,-121.238079,US,United States of America,US-CA,SCK
3873,KSDF,Louisville Muhammad Ali International Airport,large_airport,38.1706,-85.735076,US,United States of America,US-KY,SDF
3874,KSDM,Brown Field Municipal Airport,medium_airport,32.572639,-116.980019,US,United States of America,US-CA,SDM
3875,KSEA,Seattle–Tacoma International Airport,large_airport,47.447943,-122.310276,US,United States of America,US-WA,SEA
3876,KSFB,Orlando Sanford International Airport,large_airport,28.774277,-81.234626,US,United States of America,US-FL,SFB
3877,KSFF,Felts Field,medium_airport,47.682899,-117.321925,US,United States of America,US-WA,SFF
3878,KSFO,San Francisco International Airport,large_airport,37.619806,-122.374821,US,United States of America,US-CA,SFO
3879,KSGF,Springfield Branson National Airport,medium_airport,37.245047,-93.388596,US,United States of America,US-MO,SGF
3880,KSGH,Springfield-Beckley Municipal Airport,medium_airport,39.840301513672,-83.840202331543,US,United States of America,US-OH,SGH
3881,KSHR,Sheridan County Airport,medium_airport,44.76919937133789,-106.9800033569336,US,United States of America,US-WY,SHR
3882,KSHV,Shreveport Regional Airport,medium_airport,32.446602,-93.8256,US,United States of America,US-LA,SHV
3883,KSJC,Norman Y. Mineta San Jose International Airport,large_airport,37.362452,-121.929188,US,United States of America,US-CA,SJC
3884,KSJT,San Angelo Regional Mathis Field,medium_airport,31.35770034790039,-100.49600219726562,US,United States of America,US-TX,SJT
3885,KSKA,Fairchild Air Force Base,medium_airport,47.615101,-117.655998,US,United States of America,US-WA,SKA
3886,KSKF,Lackland Air Force Base,medium_airport,29.38419914,-98.58110046,US,United States of America,US-TX,SKF
3887,KSLC,Salt Lake City International Airport,large_airport,40.78886,-111.979866,US,United States of America,US-UT,SLC
3888,KSLE,Salem-Willamette Valley Airport/McNary Field,medium_airport,44.9095,-123.002998,US,United States of America,US-OR,SLE
3890,KSLK,Adirondack Regional Airport,medium_airport,44.38691,-74.204629,US,United States of America,US-NY,SLK
3891,KSLN,Salina Municipal Airport,medium_airport,38.79100036621094,-97.6521987915039,US,United States of America,US-KS,SLN
3892,KSMF,Sacramento International Airport,large_airport,38.6954,-121.591003,US,United States of America,US-CA,SMF
3893,KSMX,Santa Maria Public Airport Captain G Allan Hancock Field,medium_airport,34.898899,-120.457001,US,United States of America,US-CA,SMX
3894,KSNA,John Wayne Orange County International Airport,large_airport,33.675063,-117.869281,US,United States of America,US-CA,SNA
3895,KSNS,Salinas Municipal Airport,medium_airport,36.662799835205,-121.60600280762,US,United States of America,US-CA,SNS
3897,KSPI,Abraham Lincoln Capital Airport,medium_airport,39.844101,-89.677902,US,United States of America,US-IL,SPI
3898,KSPS,Wichita Falls Municipal Airport / Sheppard Air Force Base,medium_airport,33.9888,-98.491898,US,United States of America,US-TX,SPS
3899,KSRQ,Sarasota Bradenton International Airport,large_airport,27.394631,-82.554359,US,United States of America,US-FL,SRQ
3900,KSRR,Sierra Blanca Regional Airport,medium_airport,33.462799,-105.535004,US,United States of America,US-NM,RUI
3901,KSSC,Shaw Air Force Base,medium_airport,33.972698,-80.470596,US,United States of America,US-SC,SSC
3902,KSSI,St Simons Island Airport,medium_airport,31.1518,-81.391296,US,United States of America,US-GA,SSI
3903,KSTC,Saint Cloud Regional Airport,medium_airport,45.5466,-94.059898,US,United States of America,US-MN,STC
3904,KSTJ,Rosecrans Memorial Airport,medium_airport,39.771900177002,-94.909698486328,US,United States of America,US-MO,STJ
3905,KSTL,St. Louis Lambert International Airport,large_airport,38.748697,-90.370003,US,United States of America,US-MO,STL
3906,KSTP,Saint Paul Downtown Holman Field,medium_airport,44.93479,-93.060036,US,United States of America,US-MN,STP
3907,KSUS,Spirit of St Louis Airport,medium_airport,38.662102,-90.652,US,United States of America,US-MO,SUS
3908,KSUU,Travis Air Force Base,medium_airport,38.262699,-121.927002,US,United States of America,US-CA,SUU
3909,KSUX,Sioux Gateway Airport / Brigadier General Bud Day Field,medium_airport,42.397605,-96.382237,US,United States of America,US-IA,SUX
3910,KSVN,Hunter Army Air Field,medium_airport,32.00999832,-81.14569855,US,United States of America,US-GA,SVN
3911,KSWF,New York Stewart International Airport,medium_airport,41.50421,-74.108901,US,United States of America,US-NY,SWF
3912,KSWO,Stillwater Regional Airport,medium_airport,36.162132,-97.085581,US,United States of America,US-OK,SWO
3913,KSYR,Syracuse Hancock International Airport,large_airport,43.11119842529297,-76.1063003540039,US,United States of America,US-NY,SYR
3914,KSZL,Whiteman Air Force Base,medium_airport,38.730301,-93.547897,US,United States of America,US-MO,SZL
3915,KTBN,Waynesville-St. Robert Regional Airport-Forney Field,medium_airport,37.7416,-92.140701,US,United States of America,US-MO,TBN
3916,KTCC,Tucumcari Municipal Airport,medium_airport,35.182800293,-103.602996826,US,United States of America,US-NM,TCC
3917,KTCL,Tuscaloosa National Airport,medium_airport,33.2206,-87.611397,US,United States of America,US-AL,TCL
3918,KTCM,McChord Air Force Base,medium_airport,47.137699,-122.475998,US,United States of America,US-WA,TCM
3919,KTCS,Truth or Consequences Municipal Airport,medium_airport,33.2369,-107.272003,US,United States of America,US-NM,TCS
3920,KTEB,Teterboro Airport,medium_airport,40.850101,-74.060799,US,United States of America,US-NJ,TEB
3921,KTIK,Tinker Air Force Base,medium_airport,35.4147,-97.386597,US,United States of America,US-OK,TIK
3922,KTIW,Tacoma Narrows Airport,medium_airport,47.267407,-122.577295,US,United States of America,US-WA,TIW
3923,KTIX,Space Coast Regional Airport,medium_airport,28.514799118042,-80.799201965332,US,United States of America,US-FL,TIX
3924,KTLH,Tallahassee International Airport,medium_airport,30.401209,-84.35433,US,United States of America,US-FL,TLH
3925,KTOL,Eugene F. Kranz Toledo Express Airport,medium_airport,41.5868,-83.8078,US,United States of America,US-OH,TOL
3926,KTPA,Tampa International Airport,large_airport,27.9755,-82.533203,US,United States of America,US-FL,TPA
3927,KTPL,Draughon Miller Central Texas Regional Airport,medium_airport,31.1525,-97.407799,US,United States of America,US-TX,TPL
3928,KTRI,Tri-Cities Regional TN/VA Airport,medium_airport,36.475201,-82.407401,US,United States of America,US-TN,TRI
3929,KTTN,Trenton Mercer Airport,medium_airport,40.276699,-74.813499,US,United States of America,US-NJ,TTN
3930,KTUL,Tulsa International Airport,large_airport,36.197084,-95.886225,US,United States of America,US-OK,TUL
3931,KTUP,Tupelo Regional Airport,medium_airport,34.26810073852539,-88.7698974609375,US,United States of America,US-MS,TUP
3932,KTUS,Tucson International Airport,large_airport,32.115004,-110.938053,US,United States of America,US-AZ,TUS
3933,KTVC,Cherry Capital Airport,medium_airport,44.741402,-85.582199,US,United States of America,US-MI,TVC
3934,KTVL,Lake Tahoe Airport,medium_airport,38.89390182495117,-119.99500274658205,US,United States of America,US-CA,TVL
3935,KTWF,Joslin Field Magic Valley Regional Airport,medium_airport,42.4818,-114.487999,US,United States of America,US-ID,TWF
3936,KTXK,Texarkana Regional Airport (Webb Field),medium_airport,33.453701,-93.990997,US,United States of America,US-AR,TXK
3937,KTYR,Tyler Pounds Regional Airport,medium_airport,32.35409927368164,-95.40239715576172,US,United States of America,US-TX,TYR
3938,KTYS,McGhee Tyson Airport,large_airport,35.811001,-83.994003,US,United States of America,US-TN,TYS
3940,KUIN,Quincy Regional Airport Baldwin Field,medium_airport,39.942699,-91.194603,US,United States of America,US-IL,UIN
3941,KUKI,Ukiah Municipal Airport,medium_airport,39.125999,-123.200996,US,United States of America,US-CA,UKI
3942,KUOX,University Oxford Airport,medium_airport,34.384300231934,-89.536796569824,US,United States of America,US-MS,UOX
3943,KVAD,Moody Air Force Base,medium_airport,30.9678001404,-83.1930007935,US,United States of America,US-GA,VAD
3944,KVBG,Vandenberg Space Force Base,medium_airport,34.737301,-120.584,US,United States of America,US-CA,VBG
3945,KVCT,Victoria Regional Airport,medium_airport,28.85260009765625,-96.9185028076172,US,United States of America,US-TX,VCT
3946,KVLD,Valdosta Regional Airport,medium_airport,30.782499313354492,-83.27670288085938,US,United States of America,US-GA,VLD
3947,KVOK,Volk Field,medium_airport,43.938999,-90.253403,US,United States of America,US-WI,VOK
3948,KVPS,Destin-Fort Walton Beach Airport,medium_airport,30.481315,-86.515839,US,United States of America,US-FL,VPS
3949,KVPZ,Porter County Municipal Airport,medium_airport,41.45399857,-87.00710297,US,United States of America,US-IN,VPZ
3950,KVRB,Vero Beach Regional Airport,medium_airport,27.6556,-80.417901,US,United States of America,US-FL,VRB
3951,KWRB,Robins Air Force Base,medium_airport,32.640099,-83.591904,US,United States of America,US-GA,WRB
3952,KWRI,Mc Guire Air Force Base,medium_airport,40.0155983,-74.59169769,US,United States of America,US-NJ,WRI
3953,KWRL,Worland Municipal Airport,medium_airport,43.965698,-107.950996,US,United States of America,US-WY,WRL
3954,KWWD,Cape May County Airport,medium_airport,39.0084991455,-74.9083023071,US,United States of America,US-NJ,WWD
3955,KWYS,Yellowstone Airport,medium_airport,44.6884,-111.117996,US,United States of America,US-MT,WYS
3957,KYIP,Willow Run Airport,medium_airport,42.2379,-83.530403,US,United States of America,US-MI,YIP
3958,KYKM,Yakima Air Terminal McAllister Field,medium_airport,46.56819916,-120.5439987,US,United States of America,US-WA,YKM
3959,KYKN,Chan Gurney Municipal Airport,medium_airport,42.916698455811,-97.385902404785,US,United States of America,US-SD,YKN
3960,KYNG,Youngstown Warren Regional Airport,medium_airport,41.26070023,-80.67910004,US,United States of America,US-OH,YNG
3961,KNYL,Yuma International Airport / Marine Corps Air Station Yuma,medium_airport,32.650938,-114.609375,US,United States of America,US-AZ,YUM
3967,KZZV,Zanesville Municipal Airport,medium_airport,39.9444007874,-81.89209747310001,US,United States of America,US-OH,ZZV
3972,LATI,Tirana International Airport Mother Teresa,large_airport,41.4147,19.7206,AL,Albania,AL-02,TIA
3974,LBBG,Burgas Airport,large_airport,42.569917,27.515173,BG,Bulgaria,BG-02,BOJ
3975,LBGO,Gorna Oryahovitsa Airport,medium_airport,43.151402,25.7129,BG,Bulgaria,BG-04,GOZ
3976,LBPD,Plovdiv International Airport,large_airport,42.067799,24.8508,BG,Bulgaria,BG-16,PDV
3977,LBSF,Sofia Airport,large_airport,42.696357,23.417671,BG,Bulgaria,BG-22,SOF
3979,LBWN,Varna Airport,large_airport,43.232101,27.8251,BG,Bulgaria,BG-03,VAR
3980,LCLK,Larnaca International Airport,large_airport,34.875099,33.624901,CY,Cyprus,CY-04,LCA
3981,LCPH,Paphos International Airport,large_airport,34.717999,32.485699,CY,Cyprus,CY-06,PFO
3982,LCRA,RAF Akrotiri,medium_airport,34.590401,32.9879,CY,Cyprus,CY-XX,AKT
3984,LDDU,Dubrovnik Ruđer Bošković Airport,large_airport,42.562247,18.265543,HR,Croatia,HR-19,DBV
3986,LDOS,Osijek Airport,medium_airport,45.462355,18.811278,HR,Croatia,HR-14,OSI
3987,LDPL,Pula Airport,large_airport,44.893501,13.9222,HR,Croatia,HR-18,PUY
3989,LDRI,Rijeka Airport,large_airport,45.216376,14.57085,HR,Croatia,HR-08,RJK
3990,LDSB,Brač Airport,medium_airport,43.284454,16.678362,HR,Croatia,HR-17,BWK
3991,LDSP,Split Saint Jerome Airport,large_airport,43.538898,16.298,HR,Croatia,HR-17,SPU
3993,LDZA,Zagreb Franjo Tuđman International Airport,large_airport,45.742901,16.0688,HR,Croatia,HR-01,ZAG
3994,LDZD,Zadar Airport,large_airport,44.096986,15.353565,HR,Croatia,HR-13,ZAD
3996,LEAB,Albacete Airport / Los Llanos Air Base,medium_airport,38.948502,-1.86352,ES,Spain,ES-CM,ABC
3997,LEAL,Alicante-Elche Miguel Hernández Airport,large_airport,38.2822,-0.558156,ES,Spain,ES-VC,ALC
3998,LEAM,Almería Airport,medium_airport,36.843899,-2.3701,ES,Spain,ES-AN,LEI
3999,LEAS,Asturias Airport,large_airport,43.563599,-6.03462,ES,Spain,ES-AS,OVD
4000,LEBA,Córdoba Airport,medium_airport,37.841999,-4.84888,ES,Spain,ES-AN,ODB
4001,LEBB,Bilbao Airport,large_airport,43.301102,-2.91061,ES,Spain,ES-PV,BIO
4003,LEBG,Burgos Airport,medium_airport,42.357601,-3.62076,ES,Spain,ES-CL,RGS
4004,LEBL,Josep Tarradellas Barcelona-El Prat Airport,large_airport,41.2971,2.07846,ES,Spain,ES-CT,BCN
4005,LEBZ,Badajoz Airport,medium_airport,38.8913,-6.82133,ES,Spain,ES-EX,BJZ
4007,LECO,A Coruña Airport,medium_airport,43.302101,-8.37726,ES,Spain,ES-GA,LCG
4010,LEGE,Girona-Costa Brava Airport,large_airport,41.904639,2.761774,ES,Spain,ES-CT,GRO
4011,LEGR,F.G.L. Airport Granada-Jaén Airport,medium_airport,37.188702,-3.77736,ES,Spain,ES-AN,GRX
4013,LEIB,Ibiza Airport,large_airport,38.872898,1.37312,ES,Spain,ES-IB,IBZ
4015,LEJR,Jerez Airport,medium_airport,36.744598,-6.06011,ES,Spain,ES-AN,XRY
4018,LELN,León Int'l Airport,large_airport,42.590709,-5.653406,ES,Spain,ES-CL,LEN
4019,LEMD,Adolfo Suárez Madrid–Barajas Airport,large_airport,40.493407,-3.572249,ES,Spain,ES-MD,MAD
4020,LEMG,Málaga-Costa del Sol Airport,large_airport,36.6749,-4.49911,ES,Spain,ES-AN,AGP
4021,LEMH,Menorca Airport,large_airport,39.862598,4.21865,ES,Spain,ES-IB,MAH
4022,LEMO,Moron Air Base,medium_airport,37.17490005493164,-5.615940093994141,ES,Spain,ES-AN,OZP
4025,LEPP,Pamplona Airport,medium_airport,42.77,-1.64633,ES,Spain,ES-NC,PNA
4031,LERS,Reus Airport,large_airport,41.147509,1.168354,ES,Spain,ES-CT,REU
4032,LERT,Rota Naval Station Airport,medium_airport,36.645198822,-6.34946012497,ES,Spain,ES-AN,ROZ
4033,LESA,Salamanca Airport,medium_airport,40.952099,-5.50199,ES,Spain,ES-CL,SLM
4035,LEPA,Palma de Mallorca Airport,large_airport,39.551701,2.73881,ES,Spain,ES-IB,PMI
4037,LESO,San Sebastián Airport,medium_airport,43.356499,-1.79061,ES,Spain,ES-PV,EAS
4038,LEST,Santiago-Rosalía de Castro Airport,large_airport,42.896301,-8.41514,ES,Spain,ES-GA,SCQ
4039,LESU,Pirineus - la Seu d'Urgel Airport,medium_airport,42.3386,1.40917,ES,Spain,ES-CT,LEU
4041,LETO,Madrid–Torrejón Airport / Torrejón Air Base,medium_airport,40.487875,-3.456808,ES,Spain,ES-MD,TOJ
4042,LEVC,Valencia Airport,large_airport,39.489162,-0.480961,ES,Spain,ES-VC,VLC
4043,LEVD,Valladolid Airport,medium_airport,41.7061,-4.85194,ES,Spain,ES-CL,VLL
4045,LEVT,Vitoria Airport,medium_airport,42.882801,-2.72447,ES,Spain,ES-PV,VIT
4046,LEVX,Vigo Airport,medium_airport,42.2318,-8.62677,ES,Spain,ES-GA,VGO
4047,LEXJ,Seve Ballesteros-Santander Airport,medium_airport,43.427101,-3.82001,ES,Spain,ES-CB,SDR
4048,LEZG,Zaragoza Airport,large_airport,41.666199,-1.04155,ES,Spain,ES-AR,ZAZ
4049,LEZL,Seville Airport,large_airport,37.417999,-5.89311,ES,Spain,ES-AN,SVQ
4050,LFAC,Calais Marck Airport,medium_airport,50.962101,1.95476,FR,France,FR-HDF,CQF
4055,LFAT,Le Touquet-Côte d'Opale Airport,medium_airport,50.518284,1.621656,FR,France,FR-HDF,LTQ
4058,LFBA,Agen La Garenne airport,medium_airport,44.174171,0.59309,FR,France,FR-NAQ,AGF
4060,LFBD,Bordeaux–Mérignac Airport,large_airport,44.82865,-0.715356,FR,France,FR-NAQ,BOD
4061,LFBE,Bergerac Dordogne-Périgord airport,medium_airport,44.825298,0.518611,FR,France,FR-NAQ,EGC
4063,LFBG,Cognac-Châteaubernard (BA 709) Air Base,medium_airport,45.658298,-0.3175,FR,France,FR-NAQ,CNG
4064,LFBH,La Rochelle Île de Ré Airport,medium_airport,46.179199,-1.19528,FR,France,FR-NAQ,LRH
4065,LFBI,Poitiers-Biard Airport,medium_airport,46.5877,0.306666,FR,France,FR-NAQ,PIS
4066,LFBK,Montluçon-Guéret Airport,medium_airport,46.222599,2.36396,FR,France,FR-NAQ,MCU
4067,LFBL,Limoges Airport,medium_airport,45.862801,1.17944,FR,France,FR-NAQ,LIG
4069,LFBN,Niort - Marais Poitevin Airport,medium_airport,46.313477,-0.394529,FR,France,FR-NAQ,NIT
4070,LFBO,Toulouse-Blagnac Airport,large_airport,43.629101,1.36382,FR,France,FR-OCC,TLS
4071,LFBP,Pau Pyrénées Airport,medium_airport,43.380001,-0.418611,FR,France,FR-NAQ,PUF
4073,LFBT,Tarbes-Lourdes-Pyrénées Airport,medium_airport,43.178699,-0.006439,FR,France,FR-OCC,LDE
4074,LFBU,Angoulême Brie-Champniers airport,medium_airport,45.729198,0.221456,FR,France,FR-NAQ,ANG
4076,LFBX,Périgueux-Bassillac Airport,medium_airport,45.198101,0.815556,FR,France,FR-NAQ,PGX
4077,LFBZ,Biarritz Pays Basque airport,medium_airport,43.468372,-1.523223,FR,France,FR-NAQ,BIQ
4078,LFCC,Cahors Lalbenque airport,medium_airport,44.351398,1.47528,FR,France,FR-OCC,ZAO
4081,LFCI,Albi Le Sequestre airport,medium_airport,43.913898,2.11306,FR,France,FR-OCC,LBI
4082,LFCK,Castres Mazamet Airport,medium_airport,43.556301,2.28918,FR,France,FR-OCC,DCM
4086,LFCR,Rodez–Aveyron Airport,medium_airport,44.407902,2.48267,FR,France,FR-OCC,RDZ
4089,LFCY,Royan-Médis Airport,medium_airport,45.628101,-0.9725,FR,France,FR-NAQ,RYN
4097,LFDN,Rochefort-Saint-Agnant (BA 721) Airport,medium_airport,45.887798,-0.983056,FR,France,FR-NAQ,RCO
4104,LFGA,Colmar Houssen airport,medium_airport,48.109901,7.35901,FR,France,FR-GES,CMR
4107,LFGJ,Dole Tavaux Airport,medium_airport,47.038955,5.427589,FR,France,FR-BFC,DLE
4110,LFHO,Aubenas-South Ardèche Airport,medium_airport,44.544367,4.372194,FR,France,FR-ARA,OBS
4120,LFJL,Metz-Nancy-Lorraine Airport,medium_airport,48.982101,6.25132,FR,France,FR-GES,ETZ
4121,LFJR,Angers Marcé airport,medium_airport,47.560299,-0.312222,FR,France,FR-PDL,ANE
4123,LFKB,Bastia-Poretta International airport,large_airport,42.5527,9.48373,FR,France,FR-COR,BIA
4124,LFKC,Calvi Sainte Catherine Airport,medium_airport,42.530422,8.792984,FR,France,FR-COR,CLY
4125,LFKF,Figari Sud-Corse Airport,large_airport,41.50185,9.097092,FR,France,FR-COR,FSC
4126,LFKJ,Ajaccio Napoléon Bonaparte airport,medium_airport,41.923599,8.80292,FR,France,FR-COR,AJA
4128,LFKS,Solenzara (BA 126) Air Base,medium_airport,41.9244,9.406,FR,France,FR-COR,SOZ
4130,LFLA,Auxerre Branches airport,medium_airport,47.850201,3.49711,FR,France,FR-BFC,AUF
4131,LFLB,Chambéry Aix les Bains airport,medium_airport,45.6381,5.88023,FR,France,FR-ARA,CMF
4132,LFLC,Clermont-Ferrand Auvergne airport,large_airport,45.786701,3.16917,FR,France,FR-ARA,CFE
4133,LFLD,Bourges airport,medium_airport,47.060158,2.369633,FR,France,FR-CVL,BOU
4137,LFLL,Lyon Saint-Exupéry Airport,large_airport,45.725996,5.090139,FR,France,FR-ARA,LYS
4139,LFLN,Saint-Yan Airport,medium_airport,46.414019,4.014177,FR,France,FR-BFC,SYT
4140,LFLO,Roanne-Renaison Airport,medium_airport,46.053818,3.999023,FR,France,FR-ARA,RNE
4141,LFLP,Annecy Meythet airport,medium_airport,45.928947,6.0987,FR,France,FR-ARA,NCY
4142,LFLS,Grenoble Alpes Isère Airport,medium_airport,45.3629,5.32937,FR,France,FR-ARA,GNB
4144,LFLU,Valence-Chabeuil Airport,medium_airport,44.9216,4.9699,FR,France,FR-ARA,VAF
4145,LFLV,Vichy-Charmeil Airport,medium_airport,46.16969,3.403637,FR,France,FR-ARA,VHY
4146,LFLW,Aurillac airport,medium_airport,44.891399,2.42194,FR,France,FR-ARA,AUR
4147,LFLX,Châteauroux Déols airport,medium_airport,46.860221,1.728326,FR,France,FR-CVL,CHR
4148,LFLY,Lyon Bron Airport,medium_airport,45.727947,4.943991,FR,France,FR-ARA,LYN
4151,LFMD,Cannes Mandelieu Airport,medium_airport,43.547998,6.955176,FR,France,FR-PAC,CEQ
4152,LFMH,Saint-Étienne-Bouthéon Airport,medium_airport,45.5406,4.29639,FR,France,FR-ARA,EBU
4154,LFMK,Carcassonne Salvaza Airport,medium_airport,43.216,2.30632,FR,France,FR-OCC,CCF
4155,LFML,Marseille Provence Airport,large_airport,43.438088,5.2125,FR,France,FR-PAC,MRS
4156,LFMN,Nice-Côte d'Azur Airport,large_airport,43.658401,7.21587,FR,France,FR-PAC,NCE
4158,LFMP,Perpignan-Rivesaltes (Llabanère) Airport,medium_airport,42.740398,2.87067,FR,France,FR-OCC,PGF
4159,LFMQ,Le Castellet Airport,medium_airport,43.252499,5.78519,FR,France,FR-PAC,CTT
4161,LFMT,Montpellier-Méditerranée Airport,large_airport,43.576199,3.96301,FR,France,FR-OCC,MPL
4162,LFMU,Béziers Vias airport,medium_airport,43.323502,3.3539,FR,France,FR-OCC,BZR
4163,LFMV,Avignon Caumont airport,medium_airport,43.907299,4.90183,FR,France,FR-PAC,AVN
4166,LFNB,Mende-Brenoux Airfield,medium_airport,44.502102,3.53282,FR,France,FR-OCC,MEN
4169,LFOB,Beauvais-Tillé airport,large_airport,49.454399,2.11278,FR,France,FR-HDF,BVA
4172,LFOE,Évreux-Fauville (BA 105) Air Base,medium_airport,49.028702,1.21986,FR,France,FR-NOR,EVX
4173,LFOH,Le Havre-Octeville Airport,medium_airport,49.534038,0.088406,FR,France,FR-NOR,LEH
4176,LFOK,Chalons Vatry airport,medium_airport,48.77333,4.20611,FR,France,FR-GES,XCR
4177,LFOP,Rouen Vallée de Seine Airport,medium_airport,49.384887,1.179142,FR,France,FR-NOR,URO
4179,LFOT,Tours Val de Loire Airport,medium_airport,47.432201,0.727606,FR,France,FR-CVL,TUF
4181,LFOV,Laval-Entrammes Airport,medium_airport,48.032208,-0.743999,FR,France,FR-PDL,LVA
4183,LFPB,Paris-Le Bourget International Airport,large_airport,48.962276,2.436539,FR,France,FR-IDF,LBG
4184,LFPC,Creil Air Base,medium_airport,49.253502,2.51914,FR,France,FR-HDF,CSF
4185,LFPG,Charles de Gaulle International Airport,large_airport,49.00896,2.554117,FR,France,FR-IDF,CDG
4188,LFPN,Toussus-le-Noble Airport,medium_airport,48.7519,2.10619,FR,France,FR-IDF,TNF
4189,LFPO,Paris-Orly Airport,large_airport,48.72333,2.37944,FR,France,FR-IDF,ORY
4190,LFPT,Pontoise-Cormeilles Aerodrome,medium_airport,49.096064,2.035543,FR,France,FR-IDF,POX
4191,LFPV,Vélizy-Villacoublay Air Base,medium_airport,48.774406,2.203102,FR,France,FR-IDF,VIY
4197,LFQG,Nevers-Fourchambault Airport,medium_airport,47.002913,3.113114,FR,France,FR-BFC,NVS
4202,LFQQ,Lille Airport,large_airport,50.566564,3.102429,FR,France,FR-HDF,LIL
4203,LFQT,Merville-Calonne Airport,medium_airport,50.618401,2.64224,FR,France,FR-HDF,HZB
4206,LFRB,Brest Bretagne airport,large_airport,48.447899,-4.41854,FR,France,FR-BRE,BES
4207,LFRC,Cherbourg Manche airport,medium_airport,49.650101,-1.47028,FR,France,FR-NOR,CER
4208,LFRD,Dinard Pleurtuit Saint-Malo airport,medium_airport,48.5877,-2.07996,FR,France,FR-BRE,DNR
4209,LFRE,La Baule-Escoublac Airport,medium_airport,47.289398,-2.34639,FR,France,FR-PDL,LBY
4210,LFRF,Granville Airport,medium_airport,48.883099,-1.56417,FR,France,FR-NOR,GFR
4211,LFRG,Deauville Normandie airport,medium_airport,49.365237,0.154481,FR,France,FR-NOR,DOL
4212,LFRH,Lorient South Brittany (Bretagne Sud) Airport,medium_airport,47.760601,-3.44,FR,France,FR-BRE,LRT
4213,LFRI,La Roche-sur-Yon Les Ajoncs Airport,medium_airport,46.7019,-1.37863,FR,France,FR-PDL,EDM
4214,LFRJ,Landivisiau Air Base,medium_airport,48.5303,-4.15164,FR,France,FR-BRE,LDV
4215,LFRK,Caen Carpiquet airport,medium_airport,49.17678,-0.454883,FR,France,FR-NOR,CFR
4217,LFRM,Le Mans-Arnage Airport,medium_airport,47.948604,0.201702,FR,France,FR-PDL,LME
4218,LFRN,Rennes-Saint-Jacques Airport,medium_airport,48.0695,-1.73479,FR,France,FR-BRE,RNS
4219,LFRO,Lannion Airport,medium_airport,48.754398,-3.47166,FR,France,FR-BRE,LAI
4220,LFRQ,Quimper-Cornouaille Airport,medium_airport,47.973031,-4.169655,FR,France,FR-BRE,UIP
4221,LFRS,Nantes Atlantique Airport,medium_airport,47.153198,-1.61073,FR,France,FR-PDL,NTE
4222,LFRT,Saint-Brieuc-Armor Airport,medium_airport,48.538628,-2.853518,FR,France,FR-BRE,SBK
4223,LFRU,Morlaix-Ploujean Airport,medium_airport,48.6031990051,-3.81577992439,FR,France,FR-BRE,MXN
4224,LFRV,Vannes-Meucon Airport,medium_airport,47.723301,-2.71856,FR,France,FR-BRE,VNE
4225,LFRZ,Saint-Nazaire-Montoir Airport,medium_airport,47.31142,-2.152634,FR,France,FR-PDL,SNR
4226,LFSB,EuroAirport Basel–Mulhouse–Freiburg,large_airport,47.60068,7.521117,FR,France,FR-GES,BSL
4228,LFSD,Dijon Longvic airport,medium_airport,47.268902,5.09,FR,France,FR-BFC,DIJ
4230,LFSG,Épinal Mirecourt Airport,medium_airport,48.325001,6.06998,FR,France,FR-GES,EPL
4234,LFSN,Nancy-Essey Airport,medium_airport,48.692101,6.23046,FR,France,FR-GES,ENC
4238,LFST,Strasbourg Airport,large_airport,48.5383,7.62823,FR,France,FR-GES,SXB
4241,LFTH,Toulon-Hyères Airport,medium_airport,43.097301,6.14603,FR,France,FR-PAC,TLN
4242,LFTW,Nîmes-Arles-Camargue Airport,medium_airport,43.757401,4.41635,FR,France,FR-OCC,FNI
4245,LFVP,Saint-Pierre Pointe-Blanche Airport,medium_airport,46.762651,-56.17499,PM,Saint Pierre and Miquelon,PM-SP,FSP
4248,LGAD,Andravida Air Base,medium_airport,37.9207,21.292601,GR,Greece,GR-G,PYR
4250,LGAL,Alexandroupoli Democritus Airport,medium_airport,40.8559,25.956301,GR,Greece,GR-A,AXD
4251,LGAV,Athens Eleftherios Venizelos International Airport,large_airport,37.936401,23.9445,GR,Greece,GR-I,ATH
4253,LGBL,Nea Anchialos National Airport,medium_airport,39.219601,22.7943,GR,Greece,GR-E,VOL
4255,LGHI,Chios Island National Airport,medium_airport,38.34320068359375,26.140600204467773,GR,Greece,GR-K,JKH
4257,LGIO,Ioannina King Pyrrhus National Airport,medium_airport,39.6964,20.8225,GR,Greece,GR-D,IOA
4258,LGIR,Heraklion International Nikos Kazantzakis Airport,large_airport,35.339699,25.1803,GR,Greece,GR-M,HER
4261,LGKF,Kefallinia Airport,medium_airport,38.12009811401367,20.500499725341797,GR,Greece,GR-F,EFL
4262,LGKL,Kalamata Airport,medium_airport,37.06829833984375,22.02549934387207,GR,Greece,GR-J,KLX
4264,LGKO,"Kos International Airport ""Ippokratis""",large_airport,36.794523,27.09115,GR,Greece,GR-L,KGS
4265,LGKP,Karpathos Airport,medium_airport,35.421398,27.146,GR,Greece,GR-L,AOK
4266,LGKR,Corfu Ioannis Kapodistrias International Airport,large_airport,39.60145,19.912179,GR,Greece,GR-F,CFU
4268,LGKV,Kavala Alexander the Great International Airport,large_airport,40.9133,24.6192,GR,Greece,GR-A,KVA
4269,LGKZ,Kozani National Airport Filippos,medium_airport,40.286098,21.840799,GR,Greece,GR-C,KZI
4274,LGMK,Mykonos Island National Airport,medium_airport,37.435101,25.348101,GR,Greece,GR-L,JMK
4275,LGMT,Mytilene International Airport,medium_airport,39.057406,26.598629,GR,Greece,GR-K,MJT
4277,LGPZ,Aktion National Airport,medium_airport,38.925499,20.765301,GR,Greece,GR-D,PVK
4279,LGRP,"Rhodes International Airport ""Diagoras""",large_airport,36.405399,28.086201,GR,Greece,GR-L,RHO
4280,LGRX,Patras Araxos Agamemnon Airport,medium_airport,38.1511,21.4256,GR,Greece,GR-G,GPA
4281,LGSA,Chania International Airport,large_airport,35.531207,24.150673,GR,Greece,GR-M,CHQ
4282,LGSK,Skiathos Island National Airport,medium_airport,39.177101,23.5037,GR,Greece,GR-E,JSI
4283,LGSM,Samos Airport,medium_airport,37.689999,26.911699,GR,Greece,GR-K,SMI
4286,LGSR,Santorini International Airport,large_airport,36.400045,25.478638,GR,Greece,GR-L,JTR
4287,LGST,Sitia Airport,medium_airport,35.21609878540039,26.101299285888672,GR,Greece,GR-M,JSH
4293,LGTS,Thessaloniki Macedonia International Airport,large_airport,40.51928,22.970009,GR,Greece,GR-B,SKG
4295,LGZA,Zakynthos International Airport Dionysios Solomos,medium_airport,37.7509,20.8843,GR,Greece,GR-F,ZTH
4296,LHBP,Budapest Liszt Ferenc International Airport,large_airport,47.43018,19.262393,HU,Hungary,HU-BU,BUD
4297,LHDC,Debrecen International Airport,large_airport,47.489469,21.616278,HU,Hungary,HU-HB,DEB
4302,LHPP,Pécs-Pogány International Airport,large_airport,45.988891,18.242044,HU,Hungary,HU-BA,PEV
4303,LHPR,Győr-Pér Airport,medium_airport,47.628436,17.804718,HU,Hungary,HU-GS,QGY
4305,LHSM,Hévíz–Balaton Airport,medium_airport,46.686391,17.159084,HU,Hungary,HU-ZA,SOB
4309,LIBC,Crotone Sant'Anna Pythagoras Airport,medium_airport,38.9972,17.0802,IT,Italy,IT-78,CRV
4310,LIBD,Bari Karol Wojtyła International Airport,large_airport,41.138901,16.760599,IT,Italy,IT-75,BRI
4311,LIBF,Foggia Gino Lisa Airport,medium_airport,41.433596,15.534566,IT,Italy,IT-75,FOG
4312,LIBG,Taranto-Grottaglie Marcello Arlotta Airport,medium_airport,40.517502,17.4032,IT,Italy,IT-75,TAR
4313,LIBN,Lecce Galatina Air Base / Galatina Fortunato Cesari Airport,medium_airport,40.239201,18.133301,IT,Italy,IT-75,LCC
4314,LIBP,Abruzzo Airport,large_airport,42.431079,14.182981,IT,Italy,IT-65,PSR
4315,LIBR,Brindisi Airport,large_airport,40.6576,17.947001,IT,Italy,IT-75,BDS
4317,LICA,Lamezia Terme Sant'Eufemia International Airport,large_airport,38.906214,16.246007,IT,Italy,IT-78,SUF
4318,LICC,Catania-Fontanarossa Airport,large_airport,37.466801,15.0664,IT,Italy,IT-82,CTA
4319,LICD,Lampedusa Airport,medium_airport,35.497898,12.6181,IT,Italy,IT-82,LMP
4320,LICG,Pantelleria Airport,medium_airport,36.816502,11.9689,IT,Italy,IT-82,PNL
4321,LICJ,Falcone–Borsellino Airport,large_airport,38.175999,13.091,IT,Italy,IT-82,PMO
4323,LICR,Reggio Calabria Airport,medium_airport,38.071201,15.6516,IT,Italy,IT-78,REG
4324,LICT,Vincenzo Florio Airport Trapani-Birgi,medium_airport,37.9114,12.488,IT,Italy,IT-82,TPS
4330,LIEA,Alghero-Fertilia Airport,medium_airport,40.632099,8.29077,IT,Italy,IT-88,AHO
4331,LIED,Decimomannu Air Base,medium_airport,39.354198,8.97248,IT,Italy,IT-88,DCI
4332,LIEE,Cagliari Elmas Airport,large_airport,39.251499,9.05428,IT,Italy,IT-88,CAG
4333,LIEO,Olbia Costa Smeralda Airport,large_airport,40.898953,9.518457,IT,Italy,IT-88,OLB
4340,LIMC,Milan Malpensa International Airport,large_airport,45.6306,8.72811,IT,Italy,IT-25,MXP
4341,LIME,Il Caravaggio International Airport,large_airport,45.669362,9.708851,IT,Italy,IT-25,BGY
4342,LIMF,Turin Airport,large_airport,45.200802,7.64963,IT,Italy,IT-21,TRN
4344,LIMJ,Genoa Cristoforo Colombo Airport,large_airport,44.412039,8.840732,IT,Italy,IT-42,GOA
4345,LIML,Milano Linate Airport,large_airport,45.445099,9.27674,IT,Italy,IT-25,LIN
4347,LIMP,Parma Airport,medium_airport,44.826351,10.29705,IT,Italy,IT-45,PMF
4349,LIMW,Aosta Corrado Gex Airport,medium_airport,45.738552,7.3683,IT,Italy,IT-23,AOT
4350,LIMZ,Cuneo International Airport,medium_airport,44.547458,7.623045,IT,Italy,IT-21,CUF
4352,LIPB,Bolzano Airport,medium_airport,46.459245,11.326125,IT,Italy,IT-32,BZO
4354,LIPE,Bologna Guglielmo Marconi Airport,large_airport,44.5354,11.2887,IT,Italy,IT-45,BLQ
4355,LIPH,Treviso Airport,large_airport,45.648399,12.1944,IT,Italy,IT-34,TSF
4357,LIPK,Forlì-Luigi Ridolfi International Airport,medium_airport,44.194801,12.0701,IT,Italy,IT-45,FRL
4360,LIPO,Brescia Gabriele d'Annunzio Airport,medium_airport,45.428902,10.3306,IT,Italy,IT-25,VBS
4361,LIPQ,Trieste Airport,large_airport,45.827499,13.4722,IT,Italy,IT-36,TRS
4362,LIPR,Federico Fellini International Airport,large_airport,44.020024,12.612198,IT,Italy,IT-45,RMI
4366,LIPX,Verona Villafranca Valerio Catullo Airport,large_airport,45.394955,10.887303,IT,Italy,IT-34,VRN
4367,LIPY,Marche Airport,medium_airport,43.616299,13.3623,IT,Italy,IT-57,AOI
4368,LIPZ,Venice Marco Polo Airport,large_airport,45.505299,12.3519,IT,Italy,IT-34,VCE
4370,LIRA,Ciampino–G. B. Pastine International Airport,large_airport,41.798769,12.595331,IT,Italy,IT-62,CIA
4372,LIRF,Rome–Fiumicino Leonardo da Vinci International Airport,large_airport,41.804532,12.251998,IT,Italy,IT-62,FCO
4374,LIRI,Salerno Costa d'Amalfi Airport,medium_airport,40.620399,14.9113,IT,Italy,IT-72,QSR
4375,LIRJ,Marina di Campo Airport,medium_airport,42.760871,10.239811,IT,Italy,IT-52,EBA
4378,LIRN,Naples International Airport,large_airport,40.886002,14.2908,IT,Italy,IT-72,NAP
4379,LIRP,Pisa International Airport,large_airport,43.683899,10.3927,IT,Italy,IT-52,PSA
4380,LIRQ,"Florence Airport, Peretola",large_airport,43.808558,11.202822,IT,Italy,IT-52,FLR
4381,LIRS,Grosseto Corrado Baccarini Air Base / Grosseto Airport,medium_airport,42.759701,11.0719,IT,Italy,IT-52,GRS
4384,LIRZ,Perugia San Francesco d'Assisi – Umbria International Airport,large_airport,43.095901,12.5132,IT,Italy,IT-55,PEG
4386,LJLJ,Ljubljana Jože Pučnik Airport,large_airport,46.223701,14.4576,SI,Slovenia,SI-012,LJU
4387,LJMB,Maribor Edvard Rusjan Airport,medium_airport,46.4799,15.6861,SI,Slovenia,SI-160,MBX
4388,LJPZ,Portorož Airport,medium_airport,45.47201,13.615951,SI,Slovenia,SI-090,POW
4393,LKCS,České Budějovice South Bohemian Airport,large_airport,48.948171,14.42832,CZ,Czechia,CZ-JC,JCL
4398,LKKU,Kunovice Airport,medium_airport,49.0294,17.439699,CZ,Czechia,CZ-ZL,UHE
4399,LKKV,Karlovy Vary Airport,large_airport,50.202999,12.915,CZ,Czechia,CZ-KA,KLV
4402,LKMT,Leoš Janáček Airport Ostrava,large_airport,49.696301,18.111099,CZ,Czechia,CZ-MO,OSR
4405,LKPD,Pardubice Airport,large_airport,50.015049,15.73981,CZ,Czechia,CZ-PA,PED
4407,LKPO,Přerov Air Base,medium_airport,49.4258,17.404699,CZ,Czechia,CZ-OL,PRV
4408,LKPR,Václav Havel Airport Prague,large_airport,50.100874,14.259911,CZ,Czechia,CZ-PR,PRG
4409,LKTB,Brno-Tuřany Airport,medium_airport,49.151276,16.693972,CZ,Czechia,CZ-JM,BRQ
4410,LKVO,Vodochody Airport,medium_airport,50.216599,14.3958,CZ,Czechia,CZ-ST,VOD
4411,LLBG,Ben Gurion International Airport,large_airport,32.011398,34.8867,IL,Israel,IL-M,TLV
4417,LLHA,Uri Michaeli Haifa International Airport,medium_airport,32.810219,35.043719,IL,Israel,IL-HA,HFA
4419,LLIB,Rosh Pina Airport,medium_airport,32.980999,35.571899,IL,Israel,IL-Z,RPN
4421,LLMZ,Bar Yehuda Airfield,medium_airport,31.328199,35.388599,IL,Israel,IL-D,MTZ
4422,LLNV,Nevatim Air Base,medium_airport,31.208299636799996,35.012298584,IL,Israel,IL-D,VTM
4427,LMML,Malta International Airport,large_airport,35.845932,14.491546,MT,Malta,MT-25,MLA
4430,LOWG,Graz Airport,large_airport,46.9911,15.4396,AT,Austria,AT-6,GRZ
4431,LOWI,Innsbruck Airport,large_airport,47.260201,11.344,AT,Austria,AT-7,INN
4432,LOWL,Linz-Hörsching Airport,large_airport,48.235362,14.188128,AT,Austria,AT-4,LNZ
4433,LOWS,Salzburg Airport,large_airport,47.793301,13.0043,AT,Austria,AT-5,SZG
4434,LOWW,Vienna International Airport,large_airport,48.110298,16.5697,AT,Austria,AT-9,VIE
4435,LOWK,Klagenfurt Airport,large_airport,46.642502,14.3377,AT,Austria,AT-2,KLU
4439,LPAZ,Santa Maria Airport,medium_airport,36.97140121459961,-25.17060089111328,PT,Portugal,PT-20,SMA
4440,LPBG,Bragança Airport,medium_airport,41.8578,-6.70713,PT,Portugal,PT-04,BGC
4441,LPBJ,Beja Airport / Airbase,medium_airport,38.078899,-7.9324,PT,Portugal,PT-02,BYJ
4444,LPCS,Cascais Airport,medium_airport,38.724998,-9.35523,PT,Portugal,PT-11,CAT
4447,LPFL,Flores Airport,medium_airport,39.455299377441406,-31.13139915466309,PT,Portugal,PT-20,FLW
4448,LPFR,Faro - Gago Coutinho International Airport,large_airport,37.015909,-7.970939,PT,Portugal,PT-08,FAO
4449,LPGR,Graciosa Airport,medium_airport,39.09220123291016,-28.029800415039062,PT,Portugal,PT-20,GRW
4450,LPHR,Horta Airport,medium_airport,38.519901275634766,-28.715900421142575,PT,Portugal,PT-20,HOR
4451,LPLA,Lajes Airport,medium_airport,38.761799,-27.090799,PT,Portugal,PT-20,TER
4452,LPMA,Cristiano Ronaldo International Airport,large_airport,32.697812,-16.774613,PT,Portugal,PT-30,FNC
4456,LPPD,João Paulo II Airport,large_airport,37.7411994934,-25.6979007721,PT,Portugal,PT-20,PDL
4457,LPPI,Pico Airport,medium_airport,38.554298,-28.441299,PT,Portugal,PT-20,PIX
4458,LPPM,Portimão Airport,medium_airport,37.1493,-8.58396,PT,Portugal,PT-08,PRM
4459,LPPR,Francisco de Sá Carneiro Airport,large_airport,41.2481002808,-8.68138980865,PT,Portugal,PT-13,OPO
4460,LPPS,Porto Santo Airport,medium_airport,33.0733985901,-16.3500003815,PT,Portugal,PT-30,PXO
4461,LPPT,Lisbon Humberto Delgado Airport,large_airport,38.7813,-9.13592,PT,Portugal,PT-11,LIS
4462,LPSJ,São Jorge Airport,medium_airport,38.665501,-28.1758,PT,Portugal,PT-20,SJZ
4465,LPVR,Vila Real Airport,medium_airport,41.2743,-7.72047,PT,Portugal,PT-17,VRL
4466,LPVZ,Aerodromo Goncalves Lobato (Viseu Airport),medium_airport,40.725498,-7.88899,PT,Portugal,PT-18,VSE
4467,LQBK,Banja Luka International Airport,large_airport,44.941399,17.297501,BA,Bosnia and Herzegovina,BA-SRP,BNX
4468,LQMO,Mostar International Airport,large_airport,43.282489,17.846101,BA,Bosnia and Herzegovina,BA-BIH,OMO
4469,LQSA,Sarajevo International Airport,large_airport,43.8246,18.331499,BA,Bosnia and Herzegovina,BA-BIH,SJJ
4470,LQTZ,Tuzla International Airport,large_airport,44.459858,18.723627,BA,Bosnia and Herzegovina,BA-BIH,TZL
4471,LRAR,Arad International Airport,medium_airport,46.176136,21.264322,RO,Romania,RO-AR,ARW
4472,LRBC,Bacău George Enescu International  Airport,large_airport,46.5219,26.910299,RO,Romania,RO-BC,BCM
4473,LRBM,Maramureș International Airport,medium_airport,47.658444,23.464445,RO,Romania,RO-MM,BAY
4474,LRBS,Bucharest Băneasa Aurel Vlaicu International Airport,large_airport,44.503133,26.102944,RO,Romania,RO-B,BBU
4475,LRCK,Mihail Kogălniceanu International Airport,large_airport,44.362202,28.4883,RO,Romania,RO-CT,CND
4476,LRCL,Avram Iancu Cluj International Airport,large_airport,46.786042,23.685733,RO,Romania,RO-CJ,CLJ
4477,LRCS,Caransebeş Airport,medium_airport,45.420142,22.252507,RO,Romania,RO-CS,CSB
4479,LRCV,Craiova International Airport,large_airport,44.3181,23.888599,RO,Romania,RO-DJ,CRA
4480,LRIA,Iaşi International Airport,large_airport,47.179633,27.621431,RO,Romania,RO-IS,IAS
4481,LROD,Oradea International Airport,large_airport,47.025299,21.9025,RO,Romania,RO-BH,OMR
4482,LROP,Bucharest Henri Coandă International Airport,large_airport,44.571792,26.103285,RO,Romania,RO-IF,OTP
4483,LRSB,Sibiu International Airport,large_airport,45.785841,24.086666,RO,Romania,RO-SB,SBZ
4484,LRSM,Satu Mare International Airport,medium_airport,47.7033,22.8857,RO,Romania,RO-SM,SUJ
4485,LRSV,Suceava Ștefan cel Mare International Airport,large_airport,47.6875,26.354099,RO,Romania,RO-SV,SCV
4486,LRTC,Tulcea Danube Delta Airport,medium_airport,45.0625,28.7143,RO,Romania,RO-TL,TCE
4487,LRTM,Târgu Mureş Transilvania International Airport,medium_airport,46.467701,24.4125,RO,Romania,RO-MS,TGM
4488,LRTR,Timișoara Traian Vuia International Airport,large_airport,45.809898,21.3379,RO,Romania,RO-TM,TSR
4490,LSGG,Geneva International Airport,large_airport,46.238098,6.10895,CH,Switzerland,CH-GE,GVA
4492,LSGS,Sion Airport,medium_airport,46.219166,7.326944,CH,Switzerland,CH-VS,SIR
4495,LSME,Emmen Air Base,medium_airport,47.092444,8.305184,CH,Switzerland,CH-LU,EML
4498,LSMP,Payerne Air Base,medium_airport,46.8432,6.91506,CH,Switzerland,CH-FR,VIP
4502,LSZA,Lugano Airport,medium_airport,46.004299,8.91058,CH,Switzerland,CH-TI,LUG
4503,LSZB,Bern Airport,medium_airport,46.912736,7.498819,CH,Switzerland,CH-BE,BRN
4505,LSZH,Zürich Airport,large_airport,47.458056,8.548056,CH,Switzerland,CH-ZH,ZRH
4506,LSZR,Sankt Gallen Altenrhein Airport,medium_airport,47.485001,9.56077,CH,Switzerland,CH-SG,ACH
4507,LSZS,Engadin Airport,medium_airport,46.5341,9.88411,CH,Switzerland,CH-GR,SMV
4509,LTAC,Esenboğa International Airport,large_airport,40.128101,32.995098,TR,Türkiye,TR-06,ESB
4510,LTAD,Etimesgut Air Base,medium_airport,39.949798584,32.6885986328,TR,Türkiye,TR-06,ANK
4512,LTAF,Adana Şakirpaşa Airport,large_airport,36.982201,35.280399,TR,Türkiye,TR-01,ADA
4513,LTAG,İncirlik Air Base,medium_airport,37.002102,35.4259,TR,Türkiye,TR-01,UAB
4514,LTAH,Afyon Air Base,medium_airport,38.726398,30.601101,TR,Türkiye,TR-03,AFY
4515,LTAI,Antalya International Airport,large_airport,36.898701,30.800501,TR,Türkiye,TR-07,AYT
4516,LTAJ,Gaziantep Oğuzeli International Airport,large_airport,36.947201,37.478699,TR,Türkiye,TR-27,GZT
4518,LTAN,Konya Airport,large_airport,37.979,32.561901,TR,Türkiye,TR-42,KYA
4522,LTAT,Malatya Erhaç Airport,medium_airport,38.4352989197,38.0909996033,TR,Türkiye,TR-44,MLX
4523,LTAU,Kayseri Erkilet International Airport,large_airport,38.770401,35.495399,TR,Türkiye,TR-38,ASR
4525,LTAW,Tokat Airport,medium_airport,40.32472,36.39056,TR,Türkiye,TR-60,TJK
4526,LTAY,Çardak Airport,medium_airport,37.7855987549,29.7012996674,TR,Türkiye,TR-20,DNZ
4527,LTAZ,Nevşehir Kapadokya Airport,large_airport,38.7719,34.5345,TR,Türkiye,TR-50,NAV
4528,LTBA,İstanbul Atatürk Airport,large_airport,40.971913,28.823714,TR,Türkiye,TR-34,ISL
4529,LTBF,Balıkesir Airport,medium_airport,39.619301,27.926001,TR,Türkiye,TR-10,BZI
4530,LTBG,Bandırma Airport,medium_airport,40.318001,27.977699,TR,Türkiye,TR-10,BDM
4531,LTBH,Çanakkale Airport,medium_airport,40.1376991272,26.4267997742,TR,Türkiye,TR-17,CKZ
4532,LTBI,Eskişehir Air Base,medium_airport,39.7841,30.5821,TR,Türkiye,TR-26,ESK
4533,LTBJ,Adnan Menderes International Airport,large_airport,38.2924,27.157,TR,Türkiye,TR-35,ADB
4535,LTBL,Çiğli Airbase,medium_airport,38.513,27.010099,TR,Türkiye,TR-35,IGL
4538,LTBO,Uşak Airport,medium_airport,38.681499,29.471701,TR,Türkiye,TR-64,USQ
4540,LTBQ,Cengiz Topel Airport,medium_airport,40.735001,30.0833,TR,Türkiye,TR-41,KCO
4541,LTBR,Bursa Yenişehir Airport,medium_airport,40.255199,29.562599,TR,Türkiye,TR-16,YEI
4542,LTBS,Dalaman International Airport,large_airport,36.7131,28.7925,TR,Türkiye,TR-48,DLM
4544,LTBU,Tekirdağ Çorlu Airport,medium_airport,41.138199,27.9191,TR,Türkiye,TR-59,TEQ
4547,LTBY,Hasan Polatkan Airport,large_airport,39.811644,30.519268,TR,Türkiye,TR-26,AOE
4548,LTCA,Elazığ Airport,medium_airport,38.597974,39.28348,TR,Türkiye,TR-23,EZS
4549,LTCC,Diyarbakır Airport,medium_airport,37.893902,40.201,TR,Türkiye,TR-21,DIY
4550,LTCD,Erzincan Airport,medium_airport,39.7102012634,39.527000427199994,TR,Türkiye,TR-24,ERC
4551,LTCE,Erzurum International Airport,medium_airport,39.956501,41.1702,TR,Türkiye,TR-25,ERZ
4552,LTCF,Kars Airport,medium_airport,40.562198638916016,43.1150016784668,TR,Türkiye,TR-36,KSY
4553,LTCG,Trabzon International Airport,medium_airport,40.995098,39.7897,TR,Türkiye,TR-61,TZX
4555,LTCI,Van Ferit Melen Airport,medium_airport,38.46820068359375,43.332298278808594,TR,Türkiye,TR-65,VAN
4556,LTCJ,Batman Airport,medium_airport,37.929001,41.1166,TR,Türkiye,TR-72,BAL
4557,LTCK,Muş Airport,medium_airport,38.747798919677734,41.66120147705078,TR,Türkiye,TR-49,MSR
4558,LTCL,Siirt Airport,medium_airport,37.97890090942383,41.84040069580078,TR,Türkiye,TR-56,SXZ
4559,LTCN,Kahramanmaraş Airport,medium_airport,37.5388259888,36.9535217285,TR,Türkiye,TR-46,KCM
4560,LTCO,Ağrı Airport,medium_airport,39.655642,43.025742,TR,Türkiye,TR-04,AJI
4561,LTCP,Adıyaman Airport,medium_airport,37.7314,38.468899,TR,Türkiye,TR-02,ADF
4562,LTCR,Mardin Airport,medium_airport,37.2233009338,40.6316986084,TR,Türkiye,TR-47,MQM
4565,LTFC,Süleyman Demirel International Airport,medium_airport,37.8554,30.368401,TR,Türkiye,TR-32,ISE
4566,LTFD,Balıkesir Koca Seyit Airport,large_airport,39.552533,27.010192,TR,Türkiye,TR-10,EDO
4567,LTFE,Milas Bodrum International Airport,large_airport,37.249314,27.66401,TR,Türkiye,TR-48,BJV
4568,LTFH,Samsun-Çarşamba Airport,medium_airport,41.253988,36.567546,TR,Türkiye,TR-55,SZF
4569,LTFJ,Istanbul Sabiha Gökçen International Airport,large_airport,40.898602,29.3092,TR,Türkiye,TR-34,SAW
4570,LUBL,Bălți-Leadoveni International Airport,medium_airport,47.837666,27.781108,MD,"Moldova, Republic of",MD-RS,BZY
4571,LUKK,Chişinău International Airport,large_airport,46.92774,28.931704,MD,"Moldova, Republic of",MD-CU,RMO
4572,LWOH,Ohrid St. Paul the Apostle Airport,large_airport,41.18,20.7423,MK,North Macedonia,MK-003,OHD
4573,LWSK,Skopje International Airport,large_airport,41.958087,21.622581,MK,North Macedonia,MK-008,SKP
4574,LXGB,Gibraltar Airport,large_airport,36.151679,-5.34978,GI,Gibraltar,GI-U-A,GIB
4610,LYBE,Belgrade Nikola Tesla Airport,large_airport,44.818401,20.309099,RS,Serbia,RS-00,BEG
4611,LYBT,Batajnica Air Base,medium_airport,44.935299,20.2575,RS,Serbia,RS-00,BJY
4612,LYNI,Niš Constantine the Great Airport,large_airport,43.336538,21.856242,RS,Serbia,RS-20,INI
4613,LYPG,Podgorica Airport / Podgorica Golubovci Airbase,large_airport,42.359402,19.2519,ME,Montenegro,ME-16,TGD
4614,BKPR,Priština Adem Jashari International Airport,large_airport,42.5728,21.035801,XK,,XK-01,PRN
4615,LYTV,Tivat Airport,medium_airport,42.404701,18.723301,ME,Montenegro,ME-19,TIV
4617,LZIB,M. R. Štefánik Airport,large_airport,48.1702,17.2127,SK,Slovakia,SK-BL,BTS
4618,LZKZ,Košice International Airport,medium_airport,48.663101,21.2411,SK,Slovakia,SK-KI,KSC
4620,LZPP,Piešťany Airport,medium_airport,48.62519836425781,17.828399658203125,SK,Slovakia,SK-TA,PZY
4621,LZSL,Sliač Airport,medium_airport,48.63779830932617,19.13409996032715,SK,Slovakia,SK-BC,SLD
4623,LZTT,Poprad-Tatry Airport,medium_airport,49.070994,20.241394,SK,Slovakia,SK-PV,TAT
4624,LZZI,Žilina-Dolný Hričov Airport,medium_airport,49.233292,18.613386,SK,Slovakia,SK-ZI,ILZ
4626,MBGT,JAGS McCartney International Airport,medium_airport,21.4445,-71.142303,TC,Turks and Caicos Islands,TC-GT,GDT
4627,MBNC,North Caicos Airport,medium_airport,21.916094,-71.942954,TC,Turks and Caicos Islands,TC-NC,NCA
4628,MBPV,Providenciales International Airport,large_airport,21.773697,-72.268321,TC,Turks and Caicos Islands,TC-PR,PLS
4629,MBSC,South Caicos Airport,medium_airport,21.515699,-71.528503,TC,Turks and Caicos Islands,TC-SC,XSC
4632,MDBH,Maria Montez International Airport,medium_airport,18.25149917602539,-71.12039947509766,DO,Dominican Republic,DO-04,BRX
4633,MDCR,Cabo Rojo Airport,medium_airport,17.929000854492188,-71.6447982788086,DO,Dominican Republic,DO-16,CBJ
4634,MDJB,La Isabela International Airport,medium_airport,18.572500228881836,-69.98560333251953,DO,Dominican Republic,DO-01,JBQ
4635,MDLR,Casa De Campo International Airport,large_airport,18.452222,-68.911111,DO,Dominican Republic,DO-12,LRM
4636,MDPC,Punta Cana International Airport,large_airport,18.567093,-68.364558,DO,Dominican Republic,DO-11,PUJ
4637,MDPP,Gregorio Luperon International Airport,medium_airport,19.7579,-70.57,DO,Dominican Republic,DO-18,POP
4638,MDSD,Las Américas International Airport,large_airport,18.42970085144,-69.668899536133,DO,Dominican Republic,DO-01,SDQ
4640,MDST,Cibao International Airport,large_airport,19.40406,-70.604431,DO,Dominican Republic,DO-25,STI
4643,MGCB,Coban Airport,medium_airport,15.469,-90.4067,GT,Guatemala,GT-AV,CBV
4644,MGGT,La Aurora International Airport,large_airport,14.582896,-90.527515,GT,Guatemala,GT-GU,GUA
4645,MGPB,Puerto Barrios Airport,medium_airport,15.7309,-88.583801,GT,Guatemala,GT-IZ,PBR
4646,MGRB,Rubelsanto Airport,medium_airport,15.992,-90.445297,GT,Guatemala,GT-AV,RUV
4647,MGRT,Retalhuleu Airport,medium_airport,14.521431,-91.697001,GT,Guatemala,GT-RE,RER
4648,MGSJ,San José Airport,medium_airport,13.9362,-90.8358,GT,Guatemala,GT-ES,GSJ
4649,MGTK,Mundo Maya International Airport,medium_airport,16.913707,-89.866143,GT,Guatemala,GT-PE,FRS
4660,MHLC,Golosón International Airport,medium_airport,15.7425,-86.852997,HN,Honduras,HN-AT,LCE
4661,MHLM,Ramón Villeda Morales International Airport,large_airport,15.4526,-87.923599,HN,Honduras,HN-CR,SAP
4662,MHNJ,La Laguna Airport,medium_airport,16.4454,-85.906601,HN,Honduras,HN-IB,GJA
4663,MHRO,Juan Manuel Gálvez International Airport,large_airport,16.316799,-86.523003,HN,Honduras,HN-IB,RTB
4664,MHSC,Palmerola International Airport,large_airport,14.3824,-87.621201,HN,Honduras,HN-CM,XPL
4665,MHTE,Tela Airport,medium_airport,15.7759,-87.4758,HN,Honduras,HN-AT,TEA
4666,MHTG,Toncontín Airport,medium_airport,14.0609,-87.217201,HN,Honduras,HN-FM,TGU
4667,MHTJ,Trujillo Airport,medium_airport,15.926599,-85.938573,HN,Honduras,HN-CL,TJI
4679,MKBS,Ian Fleming International Airport,medium_airport,18.404079,-76.969754,JM,Jamaica,JM-05,OCJ
4680,MKJP,Norman Manley International Airport,large_airport,17.935699462890625,-76.7874984741211,JM,Jamaica,JM-01,KIN
4681,MKJS,Sangster International Airport,large_airport,18.50342,-77.91323,JM,Jamaica,JM-08,MBJ
4682,MKKJ,Ken Jones Airport,medium_airport,18.1987991333,-76.53450012210001,JM,Jamaica,JM-04,POT
4683,MKTP,Tinson Pen Airport,medium_airport,17.98859977722168,-76.82379913330078,JM,Jamaica,JM-02,KTP
4688,MMAA,General Juan N. Álvarez International Airport,large_airport,16.757126,-99.753113,MX,Mexico,MX-GRO,ACA
4690,MMAN,Del Norte International Airport,medium_airport,25.865601,-100.237,MX,Mexico,MX-NLE,NTR
4691,MMAS,Aguascalientes International Airport,large_airport,21.699589,-102.318372,MX,Mexico,MX-AGU,AGU
4692,MMBT,Bahías de Huatulco International Airport,large_airport,15.775437,-96.260456,MX,Mexico,MX-OAX,HUX
4693,MMCB,General Mariano Matamoros International Airport,medium_airport,18.833922,-99.261818,MX,Mexico,MX-MOR,CVJ
4694,MMCE,Ciudad del Carmen International Airport,medium_airport,18.651516,-91.799355,MX,Mexico,MX-CAM,CME
4697,MMCL,Bachigualato Federal International Airport,large_airport,24.76504,-107.475228,MX,Mexico,MX-SIN,CUL
4698,MMCM,Chetumal International Airport,medium_airport,18.504985,-88.328018,MX,Mexico,MX-ROO,CTM
4699,MMCN,Ciudad Obregón International Airport,medium_airport,27.39259910583496,-109.83300018310548,MX,Mexico,MX-SON,CEN
4700,MMCP,Ingeniero Alberto Acuña Ongay International Airport,medium_airport,19.815969,-90.500125,MX,Mexico,MX-CAM,CPE
4701,MMCS,Abraham González International Airport,large_airport,31.636673,-106.428533,MX,Mexico,MX-CHH,CJS
4703,MMCU,General Roberto Fierro Villalobos International Airport,large_airport,28.702649,-105.963764,MX,Mexico,MX-CHH,CUU
4704,MMCV,General Pedro Jose Mendez International Airport,medium_airport,23.7033,-98.956497,MX,Mexico,MX-TAM,CVM
4705,MMCY,Captain Rogelio Castillo National Airport,medium_airport,20.545998,-100.886539,MX,Mexico,MX-GUA,CYW
4706,MMCZ,Cozumel International Airport,large_airport,20.514922,-86.928538,MX,Mexico,MX-ROO,CZM
4707,MMDO,General Guadalupe Victoria International Airport,medium_airport,24.125468,-104.527938,MX,Mexico,MX-DUR,DGO
4708,MMEP,Amado Nervo National Airport,medium_airport,21.419833,-104.842472,MX,Mexico,MX-NAY,TPQ
4709,MMES,Ensenada International Airport / El Ciprés Air Base,medium_airport,31.794516,-116.602384,MX,Mexico,MX-BCN,ESE
4710,MMGL,Guadalajara International Airport,large_airport,20.523342,-103.310108,MX,Mexico,MX-JAL,GDL
4711,MMGM,General José María Yáñez International Airport,medium_airport,27.9689998626709,-110.9250030517578,MX,Mexico,MX-SON,GYM
4713,MMHO,General Ignacio L. Pesqueira International Airport,large_airport,29.092811,-111.053015,MX,Mexico,MX-SON,HMO
4714,MMIA,Licenciado Miguel de la Madrid International Airport,medium_airport,19.277,-103.577002,MX,Mexico,MX-COL,CLQ
4716,MMIO,Plan De Guadalupe International Airport,medium_airport,25.53786,-100.928346,MX,Mexico,MX-COA,SLW
4717,MMIT,General Antonio Cárdenas Rodríguez National Airport / Ixtepec Air Base,medium_airport,16.445961,-95.093708,MX,Mexico,MX-OAX,IZT
4718,MMJA,El Lencero Airport,medium_airport,19.475107,-96.797008,MX,Mexico,MX-VER,JAL
4720,MMLC,Lázaro Cárdenas Airport,medium_airport,18.001672,-102.220316,MX,Mexico,MX-MIC,LZC
4721,MMLM,Valle del Fuerte International Airport,medium_airport,25.685503,-109.081159,MX,Mexico,MX-SIN,LMM
4722,MMLO,Guanajuato International Airport,large_airport,20.992695,-101.480284,MX,Mexico,MX-GUA,BJX
4723,MMLP,Manuel Márquez de León International Airport,medium_airport,24.072331,-110.362662,MX,Mexico,MX-BCS,LAP
4724,MMLT,Loreto International Airport,large_airport,25.989549,-111.348408,MX,Mexico,MX-BCS,LTO
4725,MMMA,General Servando Canales International Airport,medium_airport,25.7698993683,-97.5252990723,MX,Mexico,MX-TAM,MAM
4726,MMMD,Manuel Crescencio Rejón International Airport,large_airport,20.930485,-89.645462,MX,Mexico,MX-YUC,MID
4727,MMML,General Rodolfo Sánchez Taboada International Airport,medium_airport,32.630629,-115.242805,MX,Mexico,MX-BCN,MXL
4728,MMMM,General Francisco J. Mujica International Airport,large_airport,19.849899,-101.025002,MX,Mexico,MX-MIC,MLM
4729,MMMT,Minatitlán/Coatzacoalcos International Airport,medium_airport,18.103399,-94.580704,MX,Mexico,MX-VER,MTT
4730,MMMV,Monclova International Airport,medium_airport,26.9557,-101.470001,MX,Mexico,MX-COA,LOV
4731,MMMX,Mexico City Benito Juárez International Airport,large_airport,19.435822,-99.07033,MX,Mexico,MX-DIF,MEX
4732,MMMY,Monterrey International Airport,large_airport,25.778521,-100.106989,MX,Mexico,MX-NLE,MTY
4733,MMMZ,General Rafael Buelna International Airport,large_airport,23.162823,-106.264517,MX,Mexico,MX-SIN,MZT
4734,MMNG,Nogales International Airport,medium_airport,31.225756,-110.976934,MX,Mexico,MX-SON,NOG
4735,MMNL,Quetzalcóatl International Airport,medium_airport,27.443899,-99.570503,MX,Mexico,MX-TAM,NLD
4736,MMOX,Xoxocotlán International Airport,large_airport,16.998773,-96.726092,MX,Mexico,MX-OAX,OAX
4737,MMPA,El Tajín National Airport,medium_airport,20.6026992798,-97.4608001709,MX,Mexico,MX-VER,PAZ
4738,MMPB,Hermanos Serdán International Airport,large_airport,19.158465,-98.371582,MX,Mexico,MX-PUE,PBC
4741,MMPG,Piedras Negras International Airport,medium_airport,28.627873,-100.53524,MX,Mexico,MX-COA,PDS
4742,MMPN,Uruapan - Licenciado y General Ignacio Lopez Rayon International Airport,medium_airport,19.3967,-102.039001,MX,Mexico,MX-MIC,UPN
4745,MMPR,Puerto Vallarta International Airport,large_airport,20.679913,-105.254391,MX,Mexico,MX-JAL,PVR
4746,MMPS,Puerto Escondido International Airport,medium_airport,15.876808,-97.0891,MX,Mexico,MX-OAX,PXM
4747,MMQT,Querétaro Intercontinental Airport,large_airport,20.618779,-100.186449,MX,Mexico,MX-QUE,QRO
4748,MMRX,General Lucio Blanco International Airport,medium_airport,26.0089,-98.2285,MX,Mexico,MX-TAM,REX
4750,MMSD,Los Cabos International Airport,large_airport,23.151919,-109.720731,MX,Mexico,MX-BCS,SJD
4752,MMSP,Ponciano Arriaga International Airport,medium_airport,22.262026,-100.935692,MX,Mexico,MX-SLP,SLP
4755,MMTC,Francisco Sarabia Tinoco International Airport,medium_airport,25.562265,-103.404608,MX,Mexico,MX-COA,TRC
4757,MMTJ,General Abelardo L. Rodriguez International Airport,large_airport,32.541043,-116.969976,MX,Mexico,MX-BCN,TIJ
4758,MMTM,General Francisco Javier Mina International Airport,medium_airport,22.292622,-97.867058,MX,Mexico,MX-TAM,TAM
4760,MMTO,Adolfo López Mateos International Airport,large_airport,19.3369,-99.56583,MX,Mexico,MX-MEX,TLC
4761,MMTP,Tapachula International Airport,medium_airport,14.794549,-92.369871,MX,Mexico,MX-CHP,TAP
4762,MMUN,Cancún International Airport,large_airport,21.040817,-86.87347,MX,Mexico,MX-ROO,CUN
4763,MMVA,Carlos Rovirosa Pérez International Airport,large_airport,17.994283,-92.818199,MX,Mexico,MX-TAB,VSA
4764,MMVR,General Heriberto Jara International Airport,large_airport,19.139589,-96.188602,MX,Mexico,MX-VER,VER
4765,MMZC,General Leobardo C. Ruiz International Airport,medium_airport,22.894942,-102.687154,MX,Mexico,MX-ZAC,ZCL
4766,MMZH,Ixtapa-Zihuatanejo International Airport,large_airport,17.601771,-101.460629,MX,Mexico,MX-GRO,ZIH
4768,MMZO,Playa de Oro International Airport,medium_airport,19.1448,-104.558998,MX,Mexico,MX-COL,ZLO
4770,MNBL,Bluefields Airport,medium_airport,11.991,-83.774101,NI,Nicaragua,NI-AS,BEF
4774,MNMG,Augusto C. Sandino (Managua) International Airport,large_airport,12.1415,-86.168198,NI,Nicaragua,NI-MN,MGA
4776,MNPC,Puerto Cabezas Airport,medium_airport,14.047200202941896,-83.38670349121094,NI,Nicaragua,NI-AN,PUZ
4786,MPBO,"Bocas del Toro ""Isla Colón"" International Airport",medium_airport,9.34085,-82.250801,PA,Panama,PA-1,BOC
4787,MPCE,Alonso Valderrama Airport,medium_airport,7.98784,-80.409837,PA,Panama,PA-6,CTD
4788,MPCH,Changuinola Captain Manuel Niño International Airport,medium_airport,9.458962,-82.515062,PA,Panama,PA-1,CHX
4789,MPDA,Enrique Malek International Airport,medium_airport,8.388983,-82.436425,PA,Panama,PA-4,DAV
4790,MPEJ,Enrique Adolfo Jimenez Airport,medium_airport,9.35664,-79.867401,PA,Panama,PA-3,ONX
4791,MPMG,Marcos A. Gelabert International Airport,medium_airport,8.97334,-79.555603,PA,Panama,PA-8,PAC
4792,MPSA,Ruben Cantu Airport,medium_airport,8.085599899291992,-80.94529724121094,PA,Panama,PA-9,SYP
4793,MPTO,Tocumen International Airport,large_airport,9.07136,-79.383499,PA,Panama,PA-8,PTY
4796,MRBA,Buenos Aires Airport,medium_airport,9.163949,-83.330171,CR,Costa Rica,CR-P,BAI
4797,MRBC,Barra del Colorado Airport,medium_airport,10.7687,-83.585602,CR,Costa Rica,CR-L,BCL
4798,MRCC,Coto 47 Airport,medium_airport,8.60156,-82.968754,CR,Costa Rica,CR-P,OTR
4804,MRGF,Golfito Airport,medium_airport,8.65401,-83.182198,CR,Costa Rica,CR-P,GLF
4805,MRGP,Guapiles Airport,medium_airport,10.2172002792,-83.79699707030001,CR,Costa Rica,CR-L,GPL
4806,MRLB,Daniel Oduber Quirós International Airport,large_airport,10.5933,-85.544403,CR,Costa Rica,CR-G,LIR
4807,MRLC,Los Chiles Airport,medium_airport,11.0353,-84.7061,CR,Costa Rica,CR-A,LSL
4808,MRLM,Limón International Airport,medium_airport,9.95796,-83.022003,CR,Costa Rica,CR-L,LIO
4809,MRNS,Nosara Airport,medium_airport,9.97649002075,-85.65299987790002,CR,Costa Rica,CR-G,NOB
4810,MROC,Juan Santamaría International Airport,large_airport,9.99386,-84.208801,CR,Costa Rica,CR-A,SJO
4812,MRPM,Palmar Sur Airport,medium_airport,8.95103,-83.468597,CR,Costa Rica,CR-P,PMZ
4813,MRPV,Tobías Bolaños International Airport,medium_airport,9.95705,-84.139801,CR,Costa Rica,CR-SJ,SYQ
4814,MRQP,Quepos Managua Airport,medium_airport,9.44316,-84.129799,CR,Costa Rica,CR-P,XQP
4817,MRUP,Upala Airport,medium_airport,10.8922,-85.016197,CR,Costa Rica,CR-A,UPL
4820,MSLP,El Salvador International Airport Saint Óscar Arnulfo Romero y Galdámez,large_airport,13.44447,-89.055784,SV,El Salvador,SV-PA,SAL
4821,MSSS,Ilopango International Airport,medium_airport,13.6995,-89.119904,SV,El Salvador,SV-SS,ILS
4822,MTCA,Antoine-Simon International Airport,medium_airport,18.271099,-73.7883,HT,Haiti,HT-SD,CYA
4823,MTCH,Cap Haitien International Airport,large_airport,19.725547,-72.20071,HT,Haiti,HT-ND,CAP
4824,MTJA,Jacmel Airport,medium_airport,18.2411,-72.518501,HT,Haiti,HT-SE,JAK
4825,MTPP,Toussaint Louverture International Airport,large_airport,18.580023,-72.292596,HT,Haiti,HT-OU,PAP
4826,MUBA,Gustavo Rizo Airport,medium_airport,20.365299224853516,-74.5062026977539,CU,Cuba,CU-14,BCA
4828,MUBY,Carlos Manuel de Cespedes Airport,medium_airport,20.3964,-76.621399,CU,Cuba,CU-12,BYM
4829,MUCA,Máximo Gómez Airport,medium_airport,22.0271,-78.789597,CU,Cuba,CU-08,AVI
4831,MUCC,Jardines Del Rey Airport,medium_airport,22.4610004425,-78.32839965820001,CU,Cuba,CU-08,CCC
4832,MUCF,Jaime Gonzalez Airport,medium_airport,22.149999618530273,-80.41419982910156,CU,Cuba,CU-06,CFG
4833,MUCL,Vilo Acuña International Airport,medium_airport,21.6165008545,-81.5459976196,CU,Cuba,CU-99,CYO
4834,MUCM,Ignacio Agramonte International Airport,large_airport,21.419909,-77.848039,CU,Cuba,CU-09,CMW
4835,MUCU,Antonio Maceo International Airport,large_airport,19.97474,-75.835504,CU,Cuba,CU-13,SCU
4837,MUGM,Leeward Point Field,medium_airport,19.9065,-75.2071,CU,Cuba,CU-14,NBW
4838,MUGT,Mariana Grajales Airport,medium_airport,20.0853,-75.158302,CU,Cuba,CU-14,GAO
4839,MUHA,José Martí International Airport,large_airport,22.989200592041016,-82.40910339355469,CU,Cuba,CU-03,HAV
4840,MUHG,Frank Pais International Airport,large_airport,20.785148,-76.315526,CU,Cuba,CU-11,HOG
4841,MUKW,Kawama Airport,medium_airport,23.124001,-81.301598,CU,Cuba,CU-04,VRO
4846,MUMO,Orestes Acosta Airport,medium_airport,20.653900146484375,-74.92220306396484,CU,Cuba,CU-11,MOA
4847,MUMZ,Sierra Maestra International Airport,medium_airport,20.288605,-77.087545,CU,Cuba,CU-12,MZO
4849,MUNG,Rafael Cabrera Airport,medium_airport,21.834699630737305,-82.78379821777344,CU,Cuba,CU-99,GER
4851,MUPB,Playa Baracoa Airport,medium_airport,23.032801,-82.579399,CU,Cuba,CU-15,UPB
4854,MUSC,Abel Santamaria International Airport,large_airport,22.492215,-79.943119,CU,Cuba,CU-05,SNU
4856,MUSN,Siguanea Airport,medium_airport,21.6425,-82.955101,CU,Cuba,CU-99,SZJ
4858,MUTD,Alberto Delgado Airport,medium_airport,21.7883,-79.9972,CU,Cuba,CU-07,TND
4859,MUVR,Juan Gualberto Gomez International Airport,large_airport,23.034401,-81.435303,CU,Cuba,CU-04,VRA
4860,MUVT,Hermanos Ameijeiras Airport,medium_airport,20.9876,-76.935799,CU,Cuba,CU-10,VTU
4861,MWCB,Charles Kirkconnell International Airport,medium_airport,19.687,-79.882797,KY,Cayman Islands,KY-CB,CYB
4862,MWCR,Owen Roberts International Airport,large_airport,19.292801,-81.357697,KY,Cayman Islands,KY-GC,GCM
4869,MMSL,Cabo San Lucas International Airport,medium_airport,22.949072,-109.939479,MX,Mexico,MX-BCS,CSW
4924,MYAB,Clarence A. Bain Airport,medium_airport,24.287701,-77.684601,BS,Bahamas,BS-SA,MAY
4925,MYAF,Andros Town Airport,medium_airport,24.697901,-77.795601,BS,Bahamas,BS-NS,ASD
4926,MYAK,Congo Town Airport,medium_airport,24.158701,-77.589798,BS,Bahamas,BS-SA,TZN
4927,MYAM,Leonard M. Thompson International Airport,medium_airport,26.510711,-77.084262,BS,Bahamas,BS-CO,MHH
4928,MYAN,San Andros Airport,medium_airport,25.053800582885746,-78.04900360107422,BS,Bahamas,BS-NS,SAQ
4929,MYAP,Spring Point Airport,medium_airport,22.441799,-73.970901,BS,Bahamas,BS-AK,AXP
4931,MYAT,Treasure Cay Airport,medium_airport,26.745300293,-77.3912963867,BS,Bahamas,BS-CO,TCB
4933,MYBC,Chub Cay Airport,medium_airport,25.417101,-77.880898,BS,Bahamas,BS-NS,CCZ
4934,MYBG,Great Harbour Cay Airport,medium_airport,25.7383,-77.840103,BS,Bahamas,BS-BY,GHC
4935,MYBS,South Bimini Airport,medium_airport,25.6998996735,-79.2647018433,BS,Bahamas,BS-BI,BIM
4936,MYCA,Arthur's Town Airport,medium_airport,24.6294,-75.673797,BS,Bahamas,BS-CI,ATC
4937,MYCB,New Bight Airport,medium_airport,24.3153,-75.452301,BS,Bahamas,BS-CI,TBI
4938,MYCI,Colonel Hill Airport,medium_airport,22.7456,-74.182404,BS,Bahamas,BS-CK,CRI
4939,MYEF,Exuma International Airport,medium_airport,23.562599,-75.877998,BS,Bahamas,BS-EX,GGT
4941,MYEH,North Eleuthera Airport,medium_airport,25.475823,-76.680784,BS,Bahamas,BS-HI,ELH
4942,MYEM,Governor's Harbour Airport,medium_airport,25.2847,-76.331001,BS,Bahamas,BS-CE,GHB
4943,MYEN,Normans Cay Airport,medium_airport,24.594299,-76.820198,BS,Bahamas,BS-EX,NMC
4944,MYER,Rock Sound International Airport,medium_airport,24.89165,-76.177602,BS,Bahamas,BS-SE,RSD
4945,MYES,Staniel Cay Airport,medium_airport,24.1691,-76.439102,BS,Bahamas,BS-EX,TYM
4946,MYGF,Grand Bahama International Airport,large_airport,26.557996,-78.695583,BS,Bahamas,BS-FP,FPO
4947,MYIG,Inagua Airport,medium_airport,20.975,-73.666901,BS,Bahamas,BS-IN,IGA
4948,MYLD,Deadman's Cay Airport,medium_airport,23.1790008545,-75.09359741210001,BS,Bahamas,BS-LI,LGI
4949,MYLS,Stella Maris Airport,medium_airport,23.582317,-75.268621,BS,Bahamas,BS-LI,SML
4950,MYMM,Mayaguana Airport,medium_airport,22.379499,-73.013494,BS,Bahamas,BS-MG,MYG
4951,MYNN,Lynden Pindling International Airport,large_airport,25.039,-77.466202,BS,Bahamas,BS-NP,NAS
4952,MYRD,Duncan Town Airport,medium_airport,22.181801,-75.7295,BS,Bahamas,BS-RI,DCT
4954,MYSM,San Salvador International Airport,large_airport,24.063041,-74.523233,BS,Bahamas,BS-SS,ZSA
4956,MZBZ,Philip S. W. Goldson International Airport,large_airport,17.539951,-88.303556,BZ,Belize,BZ-BZ,BZE
4958,NCRG,Rarotonga International Airport,large_airport,-21.2027,-159.806,CK,Cook Islands,CK-U-A,RAR
4959,NFFN,Nadi International Airport,large_airport,-17.761822,177.437843,FJ,Fiji,FJ-W,NAN
4960,NFNA,Nausori International Airport,large_airport,-18.044226,178.561486,FJ,Fiji,FJ-C,SUV
4961,NFNL,Labasa Airport,medium_airport,-16.4667,179.339996,FJ,Fiji,FJ-N,LBS
4962,NFTF,Fua'amotu International Airport,large_airport,-21.241438,-175.149164,TO,Tonga,TO-04,TBU
4963,NFTL,Lifuka Island Airport,medium_airport,-19.777000427246097,-174.34100341796875,TO,Tonga,TO-02,HPA
4964,NFTV,Vava'u International Airport,large_airport,-18.5853,-173.962006,TO,Tonga,TO-05,VAV
4971,DN57,Umaru Musa Yar'adua Airport,medium_airport,13.0078,7.66045,NG,Nigeria,NG-KT,DKA
4972,NGTA,Bonriki International Airport,large_airport,1.38164,173.147003,KI,Kiribati,KI-G,TRW
4973,NGTE,Tabiteuea North Airport,medium_airport,-1.22447,174.776001,KI,Kiribati,KI-G,TBF
4974,NIUE,Niue International Airport,medium_airport,-19.080109,-169.923493,NU,Niue,NU-U-A,IUE
4975,NLWW,Hihifo Airport,large_airport,-13.239445,-176.19865,WF,Wallis and Futuna,WF-U-A,WLS
4976,NSFA,Faleolo International Airport,large_airport,-13.83,-172.007996,WS,Samoa,WS-AA,APW
4978,NSTU,Pago Pago International Airport,large_airport,-14.331,-170.710007,AS,American Samoa,AS-WT,PPG
4979,NTAA,Fa'a'ā International Airport,large_airport,-17.553472,-149.606936,PF,French Polynesia,PF-U-A,PPT
4980,NTAR,Rurutu Airport,medium_airport,-22.434099197387695,-151.36099243164062,PF,French Polynesia,PF-U-A,RUR
4981,NTAT,Tubuai Airport,medium_airport,-23.365400314331055,-149.5240020751953,PF,French Polynesia,PF-U-A,TUB
4983,NTGA,Anaa Airport,medium_airport,-17.3526,-145.509995,PF,French Polynesia,PF-U-A,AAA
4984,NTGB,Fangatau Airport,medium_airport,-15.820044,-140.888071,PF,French Polynesia,PF-U-A,FGU
4985,NTGC,Tikehau Airport,medium_airport,-15.1196,-148.231003,PF,French Polynesia,PF-U-A,TIH
4986,NTGE,Reao Airport,medium_airport,-18.46652,-136.43855,PF,French Polynesia,PF-U-A,REA
4987,NTGF,Fakarava Airport,medium_airport,-16.054100036621094,-145.65699768066406,PF,French Polynesia,PF-U-A,FAV
4988,NTGI,Manihi Airport,medium_airport,-14.436800003051758,-146.07000732421875,PF,French Polynesia,PF-U-A,XMH
4989,NTGJ,Totegegie Airport,medium_airport,-23.07990074157715,-134.88999938964844,PF,French Polynesia,PF-U-A,GMR
4990,NTGK,Kaukura Airport,medium_airport,-15.6633,-146.884995,PF,French Polynesia,PF-U-A,KKR
4991,NTGM,Makemo Airport,medium_airport,-16.5839,-143.658005,PF,French Polynesia,PF-U-A,MKP
4993,NTGT,Takapoto Airport,medium_airport,-14.709500312805176,-145.24600219726562,PF,French Polynesia,PF-U-A,TKP
4994,NTGU,Arutua Airport,medium_airport,-15.248299598693848,-146.61700439453125,PF,French Polynesia,PF-U-A,AXR
4995,NTGV,Mataiva Airport,medium_airport,-14.8681001663208,-148.7169952392578,PF,French Polynesia,PF-U-A,MVT
4997,NTHE,Ahe Airport,medium_airport,-14.428099632263184,-146.2570037841797,PF,French Polynesia,PF-U-A,AHE
5000,NTKR,Takaroa Airport,medium_airport,-14.45580005645752,-145.02499389648438,PF,French Polynesia,PF-U-A,TKX
5001,NTMD,Nuku Hiva Airport,medium_airport,-8.7956,-140.229004,PF,French Polynesia,PF-U-A,NHV
5002,NTMN,Hiva Oa-Atuona Airport,medium_airport,-9.76879024506,-139.011001587,PF,French Polynesia,PF-U-A,AUQ
5003,NTTB,Bora Bora Airport,medium_airport,-16.444400787353516,-151.75100708007812,PF,French Polynesia,PF-U-A,BOB
5004,NTTG,Rangiroa Airport,medium_airport,-14.954299926757812,-147.66099548339844,PF,French Polynesia,PF-U-A,RGI
5005,NTTH,Huahine-Fare Airport,medium_airport,-16.687084,-151.021593,PF,French Polynesia,PF-U-A,HUH
5006,NTTM,Moorea Temae Airport,medium_airport,-17.48979,-149.761777,PF,French Polynesia,PF-U-A,MOZ
5007,NTTO,Hao Airport,medium_airport,-18.0748,-140.945999,PF,French Polynesia,PF-U-A,HOI
5008,NTTP,Maupiti Airport,medium_airport,-16.42650032043457,-152.24400329589844,PF,French Polynesia,PF-U-A,MAU
5009,NTTR,Raiatea Airport,medium_airport,-16.7229,-151.466003,PF,French Polynesia,PF-U-A,RFP
5010,NVSS,Santo Pekoa International Airport,medium_airport,-15.505000114399998,167.220001221,VU,Vanuatu,VU-SAM,SON
5011,NVVV,Bauerfield International Airport,large_airport,-17.699301,168.320007,VU,Vanuatu,VU-SEE,VLI
5012,NVVW,Whitegrass Airport,medium_airport,-19.455099,169.223999,VU,Vanuatu,VU-TAE,TAH
5013,NWWD,Koné Airport,medium_airport,-21.053551,164.838768,NC,New Caledonia,NC-02,KNQ
5014,NWWE,Île des Pins Airport,medium_airport,-22.5889,167.455994,NC,New Caledonia,NC-03,ILP
5016,NWWL,Lifou Airport,medium_airport,-20.774563,167.239328,NC,New Caledonia,NC-01,LIF
5017,NWWM,Nouméa Magenta Airport,medium_airport,-22.257706,166.472822,NC,New Caledonia,NC-03,GEA
5018,NWWR,Maré Airport,medium_airport,-21.482438,168.038465,NC,New Caledonia,NC-01,MEE
5019,NWWU,Touho Airport,medium_airport,-20.790127,165.259524,NC,New Caledonia,NC-02,TOU
5020,NWWV,Ouvéa Airport,medium_airport,-20.640932,166.573024,NC,New Caledonia,NC-01,UVE
5021,NWWW,La Tontouta International Airport,large_airport,-22.014601,166.212997,NC,New Caledonia,NC-03,NOU
5023,NZAA,Auckland International Airport,large_airport,-37.01199,174.786331,NZ,New Zealand,NZ-AUK,AKL
5024,NZAP,Taupo Airport,medium_airport,-38.73970031738281,176.08399963378906,NZ,New Zealand,NZ-WKO,TUO
5025,NZAR,Ardmore Airport,medium_airport,-37.02970123291016,174.97300720214844,NZ,New Zealand,NZ-AUK,AMZ
5026,NZCH,Christchurch International Airport,large_airport,-43.489029,172.532065,NZ,New Zealand,NZ-CAN,CHC
5027,NZCI,Inia William Tuuta Memorial Airport,medium_airport,-43.81189,-176.46514,NZ,New Zealand,NZ-WGN,CHT
5028,NZDN,Dunedin International Airport,medium_airport,-45.929017,170.197758,NZ,New Zealand,NZ-OTA,DUD
5030,NZGS,Gisborne Airport,medium_airport,-38.6633,177.977997,NZ,New Zealand,NZ-GIS,GIS
5031,NZGT,Glentanner Airport,medium_airport,-43.906700134277344,170.1280059814453,NZ,New Zealand,NZ-CAN,GTN
5032,NZHK,Hokitika Airfield,medium_airport,-42.713600158691406,170.98500061035156,NZ,New Zealand,NZ-WTC,HKK
5033,NZHN,Hamilton International Airport,medium_airport,-37.866961,175.331952,NZ,New Zealand,NZ-WKO,HLZ
5036,NZKK,Kerikeri Airport,medium_airport,-35.259148,173.913317,NZ,New Zealand,NZ-NTL,KKE
5037,NZKT,Kaitaia Airport,medium_airport,-35.069837,173.287053,NZ,New Zealand,NZ-NTL,KAT
5038,NZLX,Alexandra Aerodrome,medium_airport,-45.210495,169.371113,NZ,New Zealand,NZ-OTA,ALR
5039,NZMC,Mount Cook Airport,medium_airport,-43.764999,170.132996,NZ,New Zealand,NZ-CAN,MON
5040,NZMO,Manapouri Airport,medium_airport,-45.5331,167.649994,NZ,New Zealand,NZ-STL,TEU
5041,NZMS,Hood Airport,medium_airport,-40.974634,175.63454,NZ,New Zealand,NZ-WGN,MRO
5042,NZNP,New Plymouth Airport,medium_airport,-39.00859832763672,174.1790008544922,NZ,New Zealand,NZ-TKI,NPL
5043,NZNR,Hawke's Bay Airport,medium_airport,-39.465801,176.869995,NZ,New Zealand,NZ-HKB,NPE
5044,NZNS,Nelson Airport,medium_airport,-41.298302,173.220993,NZ,New Zealand,NZ-NSN,NSN
5045,NZNV,Invercargill Airport,medium_airport,-46.41239929199219,168.31300354003906,NZ,New Zealand,NZ-STL,IVC
5046,NZOH,RNZAF Base Ohakea,medium_airport,-40.20600128173828,175.38800048828125,NZ,New Zealand,NZ-MWT,OHA
5047,NZOU,Oamaru Airport,medium_airport,-44.970001,171.082001,NZ,New Zealand,NZ-OTA,OAM
5049,NZPM,Palmerston North Airport,medium_airport,-40.320599,175.617004,NZ,New Zealand,NZ-MWT,PMR
5050,NZPP,Paraparaumu Airport,medium_airport,-40.90470123291016,174.98899841308594,NZ,New Zealand,NZ-WGN,PPQ
5051,NZQN,Queenstown Airport,large_airport,-45.019205,168.746379,NZ,New Zealand,NZ-OTA,ZQN
5052,NZRO,Rotorua Regional Airport,medium_airport,-38.1092,176.317001,NZ,New Zealand,NZ-BOP,ROT
5055,NZTG,Tauranga Airport,medium_airport,-37.67190170288086,176.1959991455078,NZ,New Zealand,NZ-BOP,TRG
5056,NZTU,Timaru Airport,medium_airport,-44.30279922485352,171.22500610351562,NZ,New Zealand,NZ-CAN,TIU
5057,NZUK,Pukaki Airport,medium_airport,-44.2350006104,170.117996216,NZ,New Zealand,NZ-CAN,TWZ
5058,NZWB,Woodbourne Airport,medium_airport,-41.5182991027832,173.8699951171875,NZ,New Zealand,NZ-MBH,BHE
5060,NZWF,Wanaka Airport,medium_airport,-44.722091,169.246287,NZ,New Zealand,NZ-OTA,WKA
5062,NZWK,Whakatāne Airport,medium_airport,-37.922224,176.91696,NZ,New Zealand,NZ-BOP,WHK
5063,NZWN,Wellington International Airport,large_airport,-41.326839,174.806862,NZ,New Zealand,NZ-WGN,WLG
5064,NZWO,Wairoa Airport,medium_airport,-39.011862,177.404401,NZ,New Zealand,NZ-HKB,WIR
5066,NZWR,Whangarei Airport,medium_airport,-35.769253,174.363713,NZ,New Zealand,NZ-NTL,WRE
5067,NZWS,Westport Airport,medium_airport,-41.737111,171.579033,NZ,New Zealand,NZ-WTC,WSZ
5068,NZWU,Wanganui Airport,medium_airport,-39.963467,175.02444,NZ,New Zealand,NZ-MWT,WAG
5069,OAHR,Herat - Khwaja Abdullah Ansari International Airport,large_airport,34.209999,62.228298,AF,Afghanistan,AF-HER,HEA
5070,OAIX,Bagram Airfield,medium_airport,34.946098,69.264999,AF,Afghanistan,AF-PAR,OAI
5071,OAJL,Jalalabad Airport,medium_airport,34.399799,70.498596,AF,Afghanistan,AF-NAN,JAA
5072,OAKB,Kabul International Airport,large_airport,34.565899,69.212303,AF,Afghanistan,AF-KAB,KBL
5073,OAKN,Ahmad Shah Baba International Airport,large_airport,31.505769,65.847963,AF,Afghanistan,AF-KAN,KDH
5074,OAMN,Maymana Zahiraddin Faryabi Airport,medium_airport,35.930801,64.760902,AF,Afghanistan,AF-FYB,MMZ
5075,OAMS,Mazar-i-Sharif International Airport,large_airport,36.70412,67.210459,AF,Afghanistan,AF-BAL,MZR
5078,OAUZ,Kunduz Airport,medium_airport,36.6651,68.910797,AF,Afghanistan,AF-KDZ,UND
5079,OBBI,Bahrain International Airport,large_airport,26.267295,50.63764,BH,Bahrain,BH-15,BAH
5082,OEAB,Abha International Airport,large_airport,18.2404,42.656601,SA,Saudi Arabia,SA-14,AHB
5083,OEAH,Al-Ahsa International Airport,large_airport,25.285299,49.485199,SA,Saudi Arabia,SA-04,HOF
5084,OEBA,King Saud Bin Abdulaziz (Al Baha) Airport,medium_airport,20.298506,41.636153,SA,Saudi Arabia,SA-11,ABT
5085,OEBH,Bisha Airport,medium_airport,19.9844,42.620899,SA,Saudi Arabia,SA-14,BHH
5087,OEDF,King Fahd International Airport,large_airport,26.4691,49.798209,SA,Saudi Arabia,SA-04,DMM
5088,OEDM,Dawadmi Domestic Airport,medium_airport,24.4499,44.121201,SA,Saudi Arabia,SA-01,DWD
5089,OEDR,King Abdulaziz Air Base,large_airport,26.2654,50.152,SA,Saudi Arabia,SA-04,DHA
5090,OEGN,Jizan Regional Airport / King Abdullah bin Abdulaziz Airport,medium_airport,16.9011,42.5858,SA,Saudi Arabia,SA-09,GIZ
5091,OEGS,Prince Naif bin Abdulaziz International Airport,large_airport,26.302799,43.774399,SA,Saudi Arabia,SA-05,ELQ
5092,OEGT,Gurayat Domestic Airport,medium_airport,31.412413,37.278898,SA,Saudi Arabia,SA-12,URY
5093,OEHL,Ha'il Airport,medium_airport,27.437901,41.686298,SA,Saudi Arabia,SA-06,HAS
5097,OEJN,King Abdulaziz International Airport,large_airport,21.680241,39.157436,SA,Saudi Arabia,SA-02,JED
5098,OEKK,King Khaled Military City Airport,medium_airport,27.9009,45.528198,SA,Saudi Arabia,SA-04,KMC
5099,OEKM,King Khalid Air Base,medium_airport,18.2973,42.803501,SA,Saudi Arabia,SA-14,KMX
5101,OEMA,Prince Mohammad Bin Abdulaziz Airport,large_airport,24.5534,39.705101,SA,Saudi Arabia,SA-03,MED
5102,OENG,Najran Domestic Airport,medium_airport,17.611401,44.419201,SA,Saudi Arabia,SA-10,EAM
5103,OEPA,Al Qaisumah/Hafr Al Batin Airport,medium_airport,28.335199,46.125099,SA,Saudi Arabia,SA-04,AQI
5109,OEPS,Prince Sultan Air Base,medium_airport,24.0627,47.580502,SA,Saudi Arabia,SA-01,AKH
5111,OERF,Rafha Domestic Airport,medium_airport,29.626399993896484,43.4906005859375,SA,Saudi Arabia,SA-08,RAH
5112,OERK,King Khalid International Airport,large_airport,24.9576,46.698799,SA,Saudi Arabia,SA-01,RUH
5114,OERR,Arar Domestic Airport,medium_airport,30.90660095214844,41.13819885253906,SA,Saudi Arabia,SA-08,RAE
5118,OESH,Sharurah Domestic Airport,medium_airport,17.4669,47.121399,SA,Saudi Arabia,SA-10,SHW
5119,OESK,Al-Jawf International Airport,large_airport,29.783301,40.100905,SA,Saudi Arabia,SA-12,AJF
5121,OETB,Prince Sultan bin Abdulaziz International Airport,large_airport,28.3711,36.624865,SA,Saudi Arabia,SA-07,TUU
5122,OETF,Taif International Airport,large_airport,21.484739,40.544074,SA,Saudi Arabia,SA-02,TIF
5125,OETR,Turaif Domestic Airport,medium_airport,31.692188,38.731544,SA,Saudi Arabia,SA-08,TUI
5127,OEWD,Wadi Al Dawasir Domestic Airport,medium_airport,20.504299,45.1996,SA,Saudi Arabia,SA-01,WAE
5128,OEWJ,Al Wajh Domestic Airport,medium_airport,26.198601,36.476398,SA,Saudi Arabia,SA-07,EJH
5129,OEYN,Prince Abdulmohsen Bin Abdulaziz International Airport,large_airport,24.144199,38.0634,SA,Saudi Arabia,SA-03,YNB
5130,OIAA,Abadan Ayatollah Jami International Airport,large_airport,30.367887,48.230075,IR,"Iran, Islamic Republic of",IR-06,ABD
5131,OIAD,Dezful Airport,medium_airport,32.434399,48.397598,IR,"Iran, Islamic Republic of",IR-06,DEF
5132,OIAG,Aghajari Airport,medium_airport,30.7444,49.6772,IR,"Iran, Islamic Republic of",IR-06,AKW
5133,OIAH,Gachsaran Airport,medium_airport,30.333869,50.833796,IR,"Iran, Islamic Republic of",IR-17,GCH
5134,OIAI,Shahid Asiyaee Airport,medium_airport,32.001719,49.268599,IR,"Iran, Islamic Republic of",IR-06,QMJ
5136,OIAM,Mahshahr Airport,medium_airport,30.5562,49.151901,IR,"Iran, Islamic Republic of",IR-06,MRX
5137,OIAW,Qasem Soleimani International Airport,large_airport,31.3364,48.763789,IR,"Iran, Islamic Republic of",IR-06,AWZ
5138,OIBA,Abu Musa Island Airport,medium_airport,25.8757,55.033001,IR,"Iran, Islamic Republic of",IR-22,AEU
5139,OIBB,Bushehr Airport,medium_airport,28.9447994232,50.8345985413,IR,"Iran, Islamic Republic of",IR-18,BUZ
5142,OIBJ,Jam Airport,medium_airport,27.820499,52.3522,IR,"Iran, Islamic Republic of",IR-18,KNR
5143,OIBK,Kish International Airport,large_airport,26.525427,53.980462,IR,"Iran, Islamic Republic of",IR-22,KIH
5144,OIBL,Bandar Lengeh International Airport,medium_airport,26.532283,54.82484,IR,"Iran, Islamic Republic of",IR-22,BDH
5145,OIBP,Persian Gulf International Airport,medium_airport,27.379601,52.737701,IR,"Iran, Islamic Republic of",IR-18,PGU
5146,OIBQ,Khark Airport,medium_airport,29.260503,50.322193,IR,"Iran, Islamic Republic of",IR-18,KHK
5147,OIBS,Siri Airport,medium_airport,25.908899,54.539398,IR,"Iran, Islamic Republic of",IR-22,SXI
5148,OIBV,Lavan Airport,medium_airport,26.810742,53.354302,IR,"Iran, Islamic Republic of",IR-22,LVP
5149,OICC,Shahid Ashrafi Esfahani Airport,medium_airport,34.3459014893,47.1581001282,IR,"Iran, Islamic Republic of",IR-05,KSH
5150,OICI,Ilam Airport,medium_airport,33.58660125732422,46.40480041503906,IR,"Iran, Islamic Republic of",IR-16,IIL
5151,OICK,Khoram Abad Airport,medium_airport,33.43539810180664,48.282901763916016,IR,"Iran, Islamic Republic of",IR-15,KHD
5152,OICS,Sanandaj Airport,medium_airport,35.24589920043945,47.00920104980469,IR,"Iran, Islamic Republic of",IR-12,SDG
5155,OIFK,Kashan Airport,medium_airport,33.895302,51.577,IR,"Iran, Islamic Republic of",IR-10,KKS
5156,OIFM,Isfahan Shahid Beheshti International Airport,large_airport,32.755142,51.883877,IR,"Iran, Islamic Republic of",IR-10,IFN
5158,OIFS,Shahrekord Airport,medium_airport,32.2971992493,50.842201232899995,IR,"Iran, Islamic Republic of",IR-14,CQD
5159,OIGG,Sardar-e-Jangal Airport,medium_airport,37.323333,49.617778,IR,"Iran, Islamic Republic of",IR-01,RAS
5160,OIHH,Hamadan Airport,medium_airport,34.866416,48.56069,IR,"Iran, Islamic Republic of",IR-13,HDM
5162,OIHS,Nojeh Air Base,medium_airport,35.211601,48.6534,IR,"Iran, Islamic Republic of",IR-13,NUJ
5166,OIIE,Imam Khomeini International Airport,large_airport,35.416099548339844,51.152198791503906,IR,"Iran, Islamic Republic of",IR-23,IKA
5168,OIII,Mehrabad International Airport,large_airport,35.689175,51.314392,IR,"Iran, Islamic Republic of",IR-23,THR
5169,OIIK,Qazvin Airport,medium_airport,36.240101,50.0471,IR,"Iran, Islamic Republic of",IR-26,GZW
5171,OIIP,Payam International Airport,large_airport,35.7761,50.826698,IR,"Iran, Islamic Republic of",IR-30,PYK
5172,OIKB,Bandar Abbas International Airport,large_airport,27.2183,56.3778,IR,"Iran, Islamic Republic of",IR-22,BND
5173,OIKJ,Jiroft Airport,medium_airport,28.723519,57.675037,IR,"Iran, Islamic Republic of",IR-08,JYR
5174,OIKK,Ayatollah Hashemi Rafsanjani International Airport,large_airport,30.271276,56.949692,IR,"Iran, Islamic Republic of",IR-08,KER
5175,OIKM,Bam Airport,medium_airport,29.0842,58.450001,IR,"Iran, Islamic Republic of",IR-08,BXR
5178,OIKR,Rafsanjan Airport,medium_airport,30.298345,56.048979,IR,"Iran, Islamic Republic of",IR-08,RJN
5179,OIKY,Sirjan Airport,medium_airport,29.5509,55.672699,IR,"Iran, Islamic Republic of",IR-08,SYJ
5180,OIMB,Birjand International Airport,large_airport,32.896525,59.281258,IR,"Iran, Islamic Republic of",IR-29,XBJ
5181,OIMC,Sarakhs Airport,medium_airport,36.501202,61.064899,IR,"Iran, Islamic Republic of",IR-09,CKT
5183,OIMM,Mashhad International Airport,large_airport,36.234821,59.642949,IR,"Iran, Islamic Republic of",IR-09,MHD
5184,OIMN,Bojnord Airport,medium_airport,37.49300003051758,57.30820083618164,IR,"Iran, Islamic Republic of",IR-28,BJB
5185,OIMS,Sabzevar National Airport,medium_airport,36.16809844970703,57.59519958496094,IR,"Iran, Islamic Republic of",IR-09,AFZ
5186,OIMT,Tabas Airport,medium_airport,33.667801,56.8927,IR,"Iran, Islamic Republic of",IR-21,TCX
5188,OING,Gorgan Airport,medium_airport,36.9094009399,54.4012985229,IR,"Iran, Islamic Republic of",IR-27,GBT
5190,OINN,Nowshahr Airport,medium_airport,36.664286,51.46273,IR,"Iran, Islamic Republic of",IR-02,NSH
5191,OINR,Ramsar Airport,medium_airport,36.90701,50.687316,IR,"Iran, Islamic Republic of",IR-02,RZR
5192,OINZ,Sari Dasht-e Naz International Airport,medium_airport,36.644408,53.188761,IR,"Iran, Islamic Republic of",IR-02,SRY
5193,OISF,Fasa Airport,medium_airport,28.8918,53.723301,IR,"Iran, Islamic Republic of",IR-07,FAZ
5195,OISL,Lar Airport,medium_airport,27.6747,54.383301,IR,"Iran, Islamic Republic of",IR-07,LRR
5196,OISR,Lamerd Airport,medium_airport,27.3727,53.188801,IR,"Iran, Islamic Republic of",IR-07,LFM
5197,OISS,Shiraz Shahid Dastghaib International Airport,large_airport,29.5392,52.589802,IR,"Iran, Islamic Republic of",IR-07,SYZ
5198,OISY,Yasuj Airport,medium_airport,30.702238,51.542988,IR,"Iran, Islamic Republic of",IR-17,YES
5200,OITL,Ardabil Airport,medium_airport,38.3256988525,48.4244003296,IR,"Iran, Islamic Republic of",IR-24,ADU
5203,OITR,Urmia Airport,medium_airport,37.6680984497,45.0686988831,IR,"Iran, Islamic Republic of",IR-04,OMH
5204,OITT,Tabriz International Airport,medium_airport,38.1339,46.235001,IR,"Iran, Islamic Republic of",IR-03,TBZ
5205,OITZ,Zanjan Airport,medium_airport,36.7737007141,48.3594017029,IR,"Iran, Islamic Republic of",IR-19,JWN
5206,OIYY,Shahid Sadooghi Airport,medium_airport,31.9048995972,54.2765007019,IR,"Iran, Islamic Republic of",IR-21,AZD
5207,OIZB,Zabol Airport,medium_airport,31.098301,61.5439,IR,"Iran, Islamic Republic of",IR-11,ACZ
5208,OIZC,Chabahar Konarak International Airport,medium_airport,25.44319,60.382167,IR,"Iran, Islamic Republic of",IR-11,ZBR
5209,OIZH,Zahedan International Airport,large_airport,29.4757,60.9062,IR,"Iran, Islamic Republic of",IR-11,ZAH
5210,OIZI,Iranshahr Airport,medium_airport,27.236099,60.720001,IR,"Iran, Islamic Republic of",IR-11,IHR
5212,OJAI,Queen Alia International Airport,large_airport,31.7226009369,35.9931983948,JO,Jordan,JO-AM,AMM
5213,OJAM,Marka International (Amman Civil) Airport,large_airport,31.9727,35.9916,JO,Jordan,JO-AM,ADJ
5214,OJAQ,King Hussein International Airport,large_airport,29.611601,35.018101,JO,Jordan,JO-AQ,AQJ
5220,OKKK,Kuwait International Airport,large_airport,29.224487,47.969813,KW,Kuwait,KW-FA,KWI
5222,OLBA,Beirut Rafic Hariri International Airport,large_airport,33.819833,35.487443,LB,Lebanon,LB-JL,BEY
5223,OLKA,Rene Mouawad Air Base,medium_airport,34.589298,36.011299,LB,Lebanon,LB-AS,KYE
5226,OMAA,Zayed International Airport,large_airport,24.440966,54.649237,AE,United Arab Emirates,AE-AZ,AUH
5227,OMAD,Al Bateen Executive Airport,large_airport,24.427062,54.459866,AE,United Arab Emirates,AE-AZ,AZI
5230,OMAL,Al Ain International Airport,large_airport,24.2617,55.6092,AE,United Arab Emirates,AE-AZ,AAN
5231,OMAM,Al Dhafra Air Base,medium_airport,24.248199462900004,54.5476989746,AE,United Arab Emirates,AE-AZ,DHF
5235,OMDB,Dubai International Airport,large_airport,25.24979,55.370992,AE,United Arab Emirates,AE-DU,DXB
5236,OMDM,Al Minhad Air Base,medium_airport,25.0268001556,55.3661994934,AE,United Arab Emirates,AE-DU,NHD
5237,OMFJ,Fujairah International Airport,large_airport,25.108411,56.328061,AE,United Arab Emirates,AE-FU,FJR
5238,OMRK,Ras Al Khaimah International Airport,large_airport,25.613501,55.938801,AE,United Arab Emirates,AE-RK,RKT
5239,OMSJ,Sharjah International Airport,large_airport,25.3286,55.5172,AE,United Arab Emirates,AE-SH,SHJ
5240,OOKB,Khasab Airport,medium_airport,26.171,56.240601,OM,Oman,OM-MU,KHS
5241,OOMA,RAFO Masirah,medium_airport,20.6754,58.890499,OM,Oman,OM-SH,MSH
5242,OOMS,Muscat International Airport,large_airport,23.600218,58.285268,OM,Oman,OM-MA,MCT
5244,OOSA,Salalah International Airport,large_airport,17.0387,54.091301,OM,Oman,OM-ZU,SLL
5245,OOTH,Thumrait Air Base,medium_airport,17.666,54.024601,OM,Oman,OM-ZU,TTH
5247,OPBW,Bahawalpur Airport,medium_airport,29.348100662231445,71.71800231933594,PK,Pakistan,PK-PB,BHV
5248,OPCH,Chitral Airport,medium_airport,35.886213,71.799922,PK,Pakistan,PK-KP,CJL
5249,OPDG,Dera Ghazi Khan Airport,medium_airport,29.961000442504883,70.48590087890625,PK,Pakistan,PK-PB,DEA
5250,OPDI,Dera Ismael Khan Airport [IN-ACTIVE],medium_airport,31.909401,70.896599,PK,Pakistan,PK-KP,DSK
5251,OPFA,Faisalabad International Airport,large_airport,31.364923,72.995319,PK,Pakistan,PK-PB,LYP
5253,OPGT,Gilgit Airport,medium_airport,35.918800354003906,74.33360290527344,PK,Pakistan,PK-GB,GIL
5254,OPJA,Shahbaz Air Base,medium_airport,28.28420066833496,68.44969940185547,PK,Pakistan,PK-SD,JAG
5255,OPKC,Jinnah International Airport,large_airport,24.9065,67.160797,PK,Pakistan,PK-SD,KHI
5257,OPLA,Allama Iqbal International Airport,large_airport,31.521601,74.403603,PK,Pakistan,PK-PB,LHE
5259,OPMA,Mangla Airport,medium_airport,33.05009841918945,73.63839721679688,PK,Pakistan,PK-PB,XJM
5261,OPMI,Mianwali Air Base,medium_airport,32.5630989074707,71.5707015991211,PK,Pakistan,PK-PB,MWD
5262,OPMJ,Moenjodaro Airport,medium_airport,27.335199,68.143097,PK,Pakistan,PK-SD,MJD
5264,OPMT,Multan International Airport,large_airport,30.203199,71.419098,PK,Pakistan,PK-PB,MUX
5265,OPNH,Shaheed Benazirabad Airport,medium_airport,26.2194,68.390099,PK,Pakistan,PK-SD,WNS
5268,OPPG,Panjgur Airport,medium_airport,26.9545,64.1325,PK,Pakistan,PK-BA,PJG
5269,OPPI,Pasni Airport,medium_airport,25.290501,63.3451,PK,Pakistan,PK-BA,PSI
5270,OPPS,Bacha Khan International Airport,large_airport,33.9939,71.514603,PK,Pakistan,PK-KP,PEW
5272,OPQT,Quetta International Airport,large_airport,30.2514,66.937798,PK,Pakistan,PK-BA,UET
5273,OPRK,Shaikh Zaid Airport,medium_airport,28.383899688720703,70.27960205078125,PK,Pakistan,PK-PB,RYK
5276,OPRT,Rawalakot Airport,medium_airport,33.849701,73.798103,PK,Pakistan,PK-JK,RAZ
5277,OPSD,Skardu International Airport,large_airport,35.33866,75.538648,PK,Pakistan,PK-GB,KDU
5279,OPSK,Begum Nusrat Bhutto International Airport Sukkur,medium_airport,27.722,68.791702,PK,Pakistan,PK-SD,SKZ
5280,OPSS,Saidu Sharif Airport,medium_airport,34.813599,72.352798,PK,Pakistan,PK-KP,SDT
5281,OPSU,Sui Airport,medium_airport,28.645099639892575,69.1769027709961,PK,Pakistan,PK-BA,SUL
5283,OPTU,Turbat International Airport,large_airport,25.984767,63.028856,PK,Pakistan,PK-BA,TUK
5285,OPZB,Zhob Airport,medium_airport,31.358400344848633,69.4636001586914,PK,Pakistan,PK-BA,PZH
5286,ORAA,Al Asad Air Base,medium_airport,33.7855987549,42.4412002563,IQ,Iraq,IQ-AN,IQA
5287,ORAT,Al Taqaddum Air Base,medium_airport,33.33810043335,43.597099304199,IQ,Iraq,IQ-AN,TQD
5289,ORBI,Baghdad International Airport / New Al Muthana Air Base,large_airport,33.262501,44.2346,IQ,Iraq,IQ-BG,BGW
5290,ORBM,Mosul International Airport,large_airport,36.305801,43.1474,IQ,Iraq,IQ-NI,OSM
5292,ORER,Erbil International Airport,large_airport,36.236047,43.946615,IQ,Iraq,IQ-AR,EBL
5293,ORKK,Kirkuk International Airport,large_airport,35.469501,44.3489,IQ,Iraq,IQ-TS,KIK
5294,ORMM,Basra International Airport,large_airport,30.549101,47.662102,IQ,Iraq,IQ-BA,BSR
5295,ORQW,Qayyarah West Airport,medium_airport,35.7672,43.125099,IQ,Iraq,IQ-NI,RQW
5297,ORSU,Sulaymaniyah International Airport,medium_airport,35.5617485046,45.3167381287,IQ,Iraq,IQ-SW,ISU
5300,ORTL,Ali Air Base,medium_airport,30.935801,46.090099,IQ,Iraq,IQ-DQ,XNH
5302,OSAP,Aleppo International Airport,large_airport,36.181262,37.226869,SY,Syrian Arab Republic,SY-HL,ALP
5303,OSDI,Damascus International Airport,large_airport,33.4114990234375,36.51559829711914,SY,Syrian Arab Republic,SY-DI,DAM
5304,OSDZ,Deir ez-Zor Airport,medium_airport,35.2854,40.175999,SY,Syrian Arab Republic,SY-DY,DEZ
5305,OSKL,Qamishli International Airport,medium_airport,37.020599,41.191399,SY,Syrian Arab Republic,SY-HA,KAC
5306,OSLK,Latakia International Airport,medium_airport,35.4011,35.9487,SY,Syrian Arab Republic,SY-LA,LTK
5307,OSPR,Palmyra Airport,medium_airport,34.5574,38.316898,SY,Syrian Arab Republic,SY-HI,PMS
5308,OTBD,Doha International Airport,large_airport,25.259431,51.565528,QA,Qatar,QA-DA,DIA
5309,OTBH,Al Udeid Air Base,medium_airport,25.1173000336,51.3149986267,QA,Qatar,QA-RA,XJD
5311,OYAA,Aden International Airport,large_airport,12.829564,45.029976,YE,Yemen,YE-AD,ADE
5312,OYAT,Ataq Airport,medium_airport,14.5513,46.826199,YE,Yemen,YE-SH,AXK
5315,OYGD,Al Ghaydah International Airport,medium_airport,16.193341,52.174186,YE,Yemen,YE-MR,AAY
5317,OYRN,Riyan International Airport,large_airport,14.662241,49.375289,YE,Yemen,YE-HD,RIY
5318,OYSN,Sanaa International Airport,large_airport,15.4763,44.2197,YE,Yemen,YE-SA,SAH
5319,OYSQ,Socotra Airport,medium_airport,12.632093,53.906173,YE,Yemen,YE-SU,SCT
5320,OYSY,Seiyun Hadhramaut International Airport,large_airport,15.965887,48.788146,YE,Yemen,YE-HD,GXF
5321,OYTZ,Taiz International Airport,medium_airport,13.686,44.139099,YE,Yemen,YE-TA,TAI
5336,PAAQ,"Warren ""Bud"" Woods Palmer Municipal Airport",medium_airport,61.594898,-149.08901,US,United States of America,US-AK,PAQ
5337,PABA,Barter Island Long Range Radar Station Airport,medium_airport,70.134003,-143.582001,US,United States of America,US-AK,BTI
5338,PABE,Bethel Airport,medium_airport,60.77980042,-161.8379974,US,United States of America,US-AK,BET
5339,PABI,Allen Army Airfield,medium_airport,63.9944992065,-145.722000122,US,United States of America,US-AK,BIG
5342,PABR,Wiley Post Will Rogers Memorial Airport,medium_airport,71.285402,-156.766008,US,United States of America,US-AK,BRW
5345,PACD,Cold Bay Airport,medium_airport,55.207871,-162.725029,US,United States of America,US-AK,CDB
5348,PACV,Merle K (Mudhole) Smith Airport,medium_airport,60.491798,-145.477997,US,United States of America,US-AK,CDV
5349,PACZ,Cape Romanzof LRRS Airport,medium_airport,61.78030014,-166.0390015,US,United States of America,US-AK,CZF
5350,PADE,Deering Airport,medium_airport,66.068901,-162.766914,US,United States of America,US-AK,DRG
5351,PADL,Dillingham Airport,medium_airport,59.04470062,-158.5050049,US,United States of America,US-AK,DLG
5353,PADQ,Kodiak Airport,medium_airport,57.75,-152.4940033,US,United States of America,US-AK,ADQ
5354,PADU,Tom Madsen (Dutch Harbor) Airport,medium_airport,53.89881,-166.544996,US,United States of America,US-AK,DUT
5355,PAED,Elmendorf Air Force Base,medium_airport,61.251709,-149.807097,US,United States of America,US-AK,EDF
5356,PAEH,Cape Newenham LRRS Airport,medium_airport,58.6464004517,-162.06300354,US,United States of America,US-AK,EHM
5357,PAEI,Eielson Air Force Base,medium_airport,64.66570282,-147.102005,US,United States of America,US-AK,EIL
5358,PAEM,Emmonak Airport,medium_airport,62.78609848,-164.4909973,US,United States of America,US-AK,EMK
5359,PAEN,Kenai Municipal Airport,medium_airport,60.570946,-151.245174,US,United States of America,US-AK,ENA
5360,PAFA,Fairbanks International Airport,medium_airport,64.815102,-147.856003,US,United States of America,US-AK,FAI
5361,PAFB,Ladd Army Airfield,medium_airport,64.837502,-147.613998,US,United States of America,US-AK,FBK
5363,PAFM,Ambler Airport,medium_airport,67.105529,-157.855339,US,United States of America,US-AK,ABL
5365,PAGA,Edward G. Pitka Sr Airport,medium_airport,64.736198,-156.936997,US,United States of America,US-AK,GAL
5367,PAGK,Gulkana Airport,medium_airport,62.155859,-145.454662,US,United States of America,US-AK,GKN
5368,PAGM,Gambell Airport,medium_airport,63.767694,-171.733303,US,United States of America,US-AK,GAM
5369,PAGS,Gustavus Airport,medium_airport,58.4253006,-135.7070007,US,United States of America,US-AK,GST
5370,PAHL,Huslia Airport,medium_airport,65.697899,-156.350998,US,United States of America,US-AK,HSL
5372,PAHN,Haines Airport,medium_airport,59.243921,-135.523925,US,United States of America,US-AK,HNS
5373,PAHO,Homer Airport,medium_airport,59.644456,-151.479235,US,United States of America,US-AK,HOM
5375,PAII,Egegik Airport,medium_airport,58.184386,-157.374873,US,United States of America,US-AK,EGX
5376,PAIK,Bob Baker Memorial Airport,medium_airport,66.976128,-160.439014,US,United States of America,US-AK,IAN
5377,PAIL,Iliamna Airport,medium_airport,59.754398,-154.910996,US,United States of America,US-AK,ILI
5378,PAIM,Indian Mountain LRRS Airport,medium_airport,65.992798,-153.703995,US,United States of America,US-AK,UTO
5379,PAJN,Juneau International Airport,medium_airport,58.354935,-134.574416,US,United States of America,US-AK,JNU
5380,PAKN,King Salmon Airport,medium_airport,58.677845,-156.651965,US,United States of America,US-AK,AKN
5381,PAKP,Anaktuvuk Pass Airport,medium_airport,68.133598,-151.742996,US,United States of America,US-AK,AKP
5382,PAKT,Ketchikan International Airport,medium_airport,55.35559845,-131.7140045,US,United States of America,US-AK,KTN
5383,PAKW,Klawock Airport,medium_airport,55.579201,-133.076004,US,United States of America,US-AK,KLW
5385,PALU,Cape Lisburne LRRS Airport,medium_airport,68.875099,-166.110001,US,United States of America,US-AK,LUR
5386,PAMR,Merrill Field,medium_airport,61.212792,-149.843988,US,United States of America,US-AK,MRI
5387,PAMY,Mekoryuk Airport,medium_airport,60.372338,-166.269751,US,United States of America,US-AK,MYU
5388,PANC,Ted Stevens Anchorage International Airport,large_airport,61.179004,-149.992561,US,United States of America,US-AK,ANC
5389,PAUN,Unalakleet Airport,medium_airport,63.888401,-160.798996,US,United States of America,US-AK,UNK
5390,PANN,Nenana Municipal Airport,medium_airport,64.548772,-149.074516,US,United States of America,US-AK,ENN
5391,PANT,Annette Island Airport,medium_airport,55.037663,-131.572609,US,United States of America,US-AK,ANN
5392,PANV,Anvik Airport,medium_airport,62.646702,-160.190994,US,United States of America,US-AK,ANV
5393,PAOM,Nome Airport,medium_airport,64.51219940185547,-165.44500732421875,US,United States of America,US-AK,OME
5394,PAOR,Northway Airport,medium_airport,62.9613,-141.929001,US,United States of America,US-AK,ORT
5395,PAOT,Ralph Wien Memorial Airport,medium_airport,66.88469696,-162.598999,US,United States of America,US-AK,OTZ
5396,PAPB,St George Airport,medium_airport,56.577345,-169.663823,US,United States of America,US-AK,STG
5397,PAPC,Port Clarence Coast Guard Station,medium_airport,65.2537002563,-166.85899353,US,United States of America,US-AK,KPC
5398,PAPG,Petersburg James A Johnson Airport,medium_airport,56.80170059,-132.9450073,US,United States of America,US-AK,PSG
5399,PAPH,Port Heiden Airport,medium_airport,56.957893,-158.630219,US,United States of America,US-AK,PTH
5400,PAPM,Platinum Airport,medium_airport,59.017675,-161.827927,US,United States of America,US-AK,PTU
5401,PAQT,Nuiqsut Airport,medium_airport,70.209999,-151.005998,US,United States of America,US-AK,NUI
5402,PARC,Arctic Village Airport,medium_airport,68.1147,-145.578995,US,United States of America,US-AK,ARC
5403,PARY,Ruby Airport,medium_airport,64.727203,-155.470001,US,United States of America,US-AK,RBY
5404,PASA,Savoonga Airport,medium_airport,63.686401,-170.492996,US,United States of America,US-AK,SVA
5405,PASC,Deadhorse Airport,medium_airport,70.19470215,-148.4649963,US,United States of America,US-AK,SCC
5406,PASD,Sand Point Airport,medium_airport,55.313908,-160.522099,US,United States of America,US-AK,SDP
5408,PASI,Sitka Rocky Gutierrez Airport,medium_airport,57.04710006713867,-135.36199951171875,US,United States of America,US-AK,SIT
5410,PASN,St Paul Island Airport,medium_airport,57.166311,-170.222555,US,United States of America,US-AK,SNP
5411,PASV,Sparrevohn LRRS Airport,medium_airport,61.09740067,-155.5740051,US,United States of America,US-AK,SVW
5412,PASX,Soldotna Airport,medium_airport,60.474935,-151.038471,US,United States of America,US-AK,SXQ
5413,PASY,Eareckson Air Station,medium_airport,52.71229935,174.1139984,US,United States of America,US-AK,SYA
5415,PATL,Tatalina LRRS Airport,medium_airport,62.8944015503,-155.977005005,US,United States of America,US-AK,TLJ
5416,PATQ,Atqasuk Edward Burnell Sr Memorial Airport,medium_airport,70.46704,-157.436013,US,United States of America,US-AK,ATK
5418,PAVD,Valdez Pioneer Field,medium_airport,61.132712,-146.246567,US,United States of America,US-AK,VDZ
5420,PAWD,Seward Airport,medium_airport,60.130478,-149.418612,US,United States of America,US-AK,SWD
5421,PAWG,Wrangell Airport,medium_airport,56.48429871,-132.3699951,US,United States of America,US-AK,WRG
5422,PAWI,Wainwright Airport,medium_airport,70.638,-159.994995,US,United States of America,US-AK,AIN
5424,PAWS,Wasilla Airport,medium_airport,61.571701,-149.539993,US,United States of America,US-AK,WWA
5426,PCIS,Canton Island Airport,medium_airport,-2.7681200504300003,-171.710006714,KI,Kiribati,KI-P,CIS
5429,PFYU,Fort Yukon Airport,medium_airport,66.571651,-145.249987,US,United States of America,US-AK,FYU
5430,PGRO,Rota International Airport,large_airport,14.173267,145.241103,MP,Northern Mariana Islands,MP-U-A,ROP
5431,PGSN,Saipan International Airport,large_airport,15.119384,145.728848,MP,Northern Mariana Islands,MP-U-A,SPN
5432,PGUA,Andersen Air Force Base,medium_airport,13.584,144.929998,GU,Guam,GU-U-A,UAM
5433,PGUM,Antonio B. Won Pat International Airport,large_airport,13.485,144.797282,GU,Guam,GU-U-A,GUM
5434,PGWT,Tinian International Airport,large_airport,15.000453,145.618974,MP,Northern Mariana Islands,MP-U-A,TIQ
5441,PHBK,Barking Sands Airport,medium_airport,22.0228,-159.785004,US,United States of America,US-HI,BKH
5444,PHHN,Hana Airport,medium_airport,20.795601,-156.014008,US,United States of America,US-HI,HNM
5446,PHJH,Kapalua Airport,medium_airport,20.9629,-156.673004,US,United States of America,US-HI,JHM
5447,PHJR,Kalaeloa Airport,medium_airport,21.3074,-158.070009,US,United States of America,US-HI,JRF
5448,PHKO,Ellison Onizuka Kona International Airport at Keāhole,large_airport,19.738783,-156.045603,US,United States of America,US-HI,KOA
5449,PHLI,Lihue Airport,large_airport,21.974393,-159.337146,US,United States of America,US-HI,LIH
5450,PHMK,Molokai Airport,medium_airport,21.152901,-157.095993,US,United States of America,US-HI,MKK
5451,PHMU,Waimea Kohala Airport,medium_airport,20.001301,-155.667999,US,United States of America,US-HI,MUE
5452,PHNG,Kaneohe Bay MCAS (Marion E. Carl Field) Airport,medium_airport,21.4505,-157.768005,US,United States of America,US-HI,NGF
5453,PHNL,Daniel K. Inouye International Airport,large_airport,21.318387,-157.92567,US,United States of America,US-HI,HNL
5454,PHNY,Lanai Airport,medium_airport,20.785675,-156.951324,US,United States of America,US-HI,LNY
5455,PHOG,Kahului International Airport,large_airport,20.896263,-156.431837,US,United States of America,US-HI,OGG
5457,PHTO,Hilo International Airport,medium_airport,19.72135,-155.045428,US,United States of America,US-HI,ITO
5488,PKMJ,Marshall Islands International Airport,large_airport,7.06511,171.271656,MH,Marshall Islands,MH-MAJ,MAJ
5490,PKWA,Bucholz Army Air Field,medium_airport,8.720120429992676,167.73199462890625,MH,Marshall Islands,MH-KWA,KWA
5493,PLCH,Cassidy International Airport,large_airport,1.986278,-157.350011,KI,Kiribati,KI-L,CXI
5494,PMDY,Henderson Field,medium_airport,28.2017,-177.380997,UM,United States Minor Outlying Islands,UM-71,MDY
5495,PPIZ,Point Lay LRRS Airport,medium_airport,69.732903,-163.005005,US,United States of America,US-AK,PIZ
5499,PTKK,Chuuk International Airport,large_airport,7.46187,151.843002,FM,"Micronesia, Federated States of",FM-TRK,TKK
5500,PTPN,Pohnpei International Airport,medium_airport,6.985082,158.20992,FM,"Micronesia, Federated States of",FM-PNI,PNI
5501,PTRO,Roman Tmetuchl International Airport,large_airport,7.366965,134.544085,PW,Palau,PW-004,ROR
5502,PTSA,Kosrae International Airport,large_airport,5.35698,162.957993,FM,"Micronesia, Federated States of",FM-KSA,KSA
5503,PTYA,Yap International Airport,large_airport,9.49891,138.082993,FM,"Micronesia, Federated States of",FM-YAP,YAP
5506,PWAK,Wake Island Airfield,medium_airport,19.282437,166.636637,UM,United States Minor Outlying Islands,UM-79,AWK
5510,RCBS,Kinmen Airport,medium_airport,24.4279,118.359001,TW,"Taiwan, Province of China",TW-X-KM,KNH
5513,RCFG,Matsu Nangan Airport,medium_airport,26.159656,119.958376,TW,"Taiwan, Province of China",TW-X-LK,LZN
5514,RCFN,Taitung Airport,medium_airport,22.7549991607666,121.10199737548828,TW,"Taiwan, Province of China",TW-TTT,TTT
5516,RCKH,Kaohsiung International Airport,large_airport,22.577101,120.349998,TW,"Taiwan, Province of China",TW-KHH,KHH
5517,RCKU,Chiayi Airport,medium_airport,23.462577,120.390544,TW,"Taiwan, Province of China",TW-CYQ,CYI
5518,RCKW,Hengchun Airport,medium_airport,22.0411,120.730003,TW,"Taiwan, Province of China",TW-PIF,HCN
5519,RCLY,Lanyu Airport,medium_airport,22.027000427246097,121.53500366210938,TW,"Taiwan, Province of China",TW-TTT,KYD
5520,RCMQ,Taichung International Airport / Ching Chuang Kang Air Base,large_airport,24.2647,120.621002,TW,"Taiwan, Province of China",TW-TXG,RMQ
5521,RCMT,Matsu Beigan Airport,medium_airport,26.224199,120.002998,TW,"Taiwan, Province of China",TW-X-LK,MFK
5522,RCNN,Tainan International Airport / Tainan Air Base,large_airport,22.950399,120.206001,TW,"Taiwan, Province of China",TW-TNN,TNN
5523,RCPO,Hsinchu Air Base,medium_airport,24.8180007935,120.939002991,TW,"Taiwan, Province of China",TW-HSZ,HSZ
5524,RCQC,Penghu Magong Airport,large_airport,23.568701,119.627998,TW,"Taiwan, Province of China",TW-PEN,MZG
5526,RCSQ,Pingtung Air Force Base North,medium_airport,22.700199,120.482002,TW,"Taiwan, Province of China",TW-PIF,PIF
5527,RCSS,Taipei Songshan International Airport,large_airport,25.067244,121.552822,TW,"Taiwan, Province of China",TW-TPE,TSA
5528,RCTP,Taiwan Taoyuan International Airport,large_airport,25.0777,121.233002,TW,"Taiwan, Province of China",TW-TAO,TPE
5530,RCYU,Hualien Chiashan Airport,large_airport,24.023163,121.617991,TW,"Taiwan, Province of China",TW-HUA,HUN
5531,RJAA,Narita International Airport,large_airport,35.76858,140.388714,JP,Japan,JP-12,NRT
5532,RJAF,Shinshu-Matsumoto Airport,medium_airport,36.166801,137.923004,JP,Japan,JP-20,MMJ
5533,RJAH,Ibaraki International Airport,medium_airport,36.181456,140.414434,JP,Japan,JP-08,IBR
5535,RJAW,Ioto (Iwo Jima) Airbase,medium_airport,24.784153,141.32261,JP,Japan,JP-13,IWO
5536,RJBB,Kansai International Airport,large_airport,34.427299,135.244003,JP,Japan,JP-27,KIX
5537,RJBD,Nanki Shirahama Airport,medium_airport,33.6622009277,135.363998413,JP,Japan,JP-30,SHM
5538,RJBE,Kobe Airport,large_airport,34.632801,135.223999,JP,Japan,JP-28,UKB
5541,RJBT,Konotori Tajima Airport,medium_airport,35.512798,134.787003,JP,Japan,JP-28,TJH
5543,RJCB,Tokachi-Obihiro Airport,medium_airport,42.7332992554,143.216995239,JP,Japan,JP-01,OBO
5544,RJCC,New Chitose Airport,large_airport,42.774753,141.690414,JP,Japan,JP-01,CTS
5545,RJCH,Hakodate Airport,large_airport,41.77,140.822006,JP,Japan,JP-01,HKD
5547,RJCK,Kushiro Airport,medium_airport,43.041,144.192993,JP,Japan,JP-01,KUH
5548,RJCM,Memanbetsu Airport,medium_airport,43.8805999756,144.164001465,JP,Japan,JP-01,MMB
5549,RJCN,Nakashibetsu Airport,medium_airport,43.5774993896,144.960006714,JP,Japan,JP-01,SHB
5550,RJCO,Sapporo Okadama Airport,medium_airport,43.117447,141.38134,JP,Japan,JP-01,OKD
5552,RJCW,Wakkanai Airport,medium_airport,45.4042015076,141.800994873,JP,Japan,JP-01,WKJ
5554,RJDB,Iki Airport,medium_airport,33.7490005493,129.785003662,JP,Japan,JP-42,IKI
5555,RJDC,Yamaguchi Ube Airport,medium_airport,33.93,131.279007,JP,Japan,JP-35,UBJ
5556,RJDT,Tsushima Airport,medium_airport,34.2849006653,129.330993652,JP,Japan,JP-42,TSJ
5557,RJEB,Monbetsu Airport,medium_airport,44.303901672399995,143.404006958,JP,Japan,JP-01,MBE
5558,RJEC,Asahikawa Airport,medium_airport,43.670799,142.447006,JP,Japan,JP-01,AKJ
5559,RJEO,Okushiri Airport,medium_airport,42.0717010498,139.432998657,JP,Japan,JP-01,OIR
5560,RJER,Rishiri Airport,medium_airport,45.2420005798,141.186004639,JP,Japan,JP-01,RIS
5562,RJFC,Yakushima Airport,medium_airport,30.385599,130.658997,JP,Japan,JP-46,KUM
5563,RJFE,Fukue Airport,medium_airport,32.666302,128.832993,JP,Japan,JP-42,FUJ
5564,RJFF,Fukuoka Airport,large_airport,33.585899353027344,130.4510040283203,JP,Japan,JP-40,FUK
5565,RJFG,New Tanegashima Airport,medium_airport,30.605100631699997,130.990997314,JP,Japan,JP-46,TNE
5566,RJFK,Kagoshima Airport,large_airport,31.8034,130.718994,JP,Japan,JP-46,KOJ
5567,RJFM,Miyazaki Airport,large_airport,31.877199,131.449005,JP,Japan,JP-45,KMI
5569,RJFO,Oita Airport,medium_airport,33.479400634799994,131.736999512,JP,Japan,JP-44,OIT
5570,RJFR,Kitakyushu Airport,large_airport,33.845901,131.035004,JP,Japan,JP-40,KKJ
5571,RJFS,Kyushu Saga International Airport,large_airport,33.1497,130.302002,JP,Japan,JP-41,HSG
5572,RJFT,Kumamoto Airport,large_airport,32.837299,130.854996,JP,Japan,JP-43,KMJ
5573,RJFU,Nagasaki Airport,large_airport,32.916901,129.914001,JP,Japan,JP-42,NGS
5576,RJGG,Chubu Centrair International Airport,large_airport,34.858398,136.804993,JP,Japan,JP-23,NGO
5577,RJKA,Amami Airport,medium_airport,28.430599212646484,129.71299743652344,JP,Japan,JP-46,ASJ
5578,RJKB,Okinoerabu Airport,medium_airport,27.431604,128.705564,JP,Japan,JP-46,OKE
5579,RJKI,Kikai Airport,medium_airport,28.321300506599997,129.927993774,JP,Japan,JP-46,KKX
5580,RJKN,Tokunoshima Airport,medium_airport,27.836382,128.881356,JP,Japan,JP-46,TKN
5581,RJNA,Nagoya Airport / JASDF Komaki Air Base,medium_airport,35.255759,136.924095,JP,Japan,JP-23,NKM
5582,RJNF,Fukui Airport,medium_airport,36.142799,136.223999,JP,Japan,JP-18,FKJ
5583,RJNG,Gifu Airport,medium_airport,35.3941,136.869995,JP,Japan,JP-21,QGU
5585,RJNK,Komatsu Airport / JASDF Komatsu Air Base,large_airport,36.393407,136.406895,JP,Japan,JP-17,KMQ
5586,RJNO,Oki Global Geopark Airport,medium_airport,36.178388,133.323566,JP,Japan,JP-32,OKI
5587,RJNT,Toyama Kitokito Airport,medium_airport,36.648416,137.187359,JP,Japan,JP-16,TOY
5588,RJNW,Noto Satoyama Airport,medium_airport,37.293098,136.962006,JP,Japan,JP-17,NTQ
5590,RJOA,Hiroshima Airport,large_airport,34.4361,132.919006,JP,Japan,JP-34,HIJ
5591,RJOB,Okayama Momotaro Airport,large_airport,34.756901,133.854996,JP,Japan,JP-33,OKJ
5592,RJOC,Izumo Enmusubi Airport,medium_airport,35.413601,132.889999,JP,Japan,JP-32,IZO
5594,RJOH,Yonago Kitaro Airport / JASDF Miho Air Base,medium_airport,35.492199,133.235992,JP,Japan,JP-31,YGJ
5595,RJOI,Iwakuni Kintaikyo Airport,medium_airport,34.146333,132.247238,JP,Japan,JP-35,IWK
5596,RJOK,Kochi Ryoma Airport,large_airport,33.545217,133.670166,JP,Japan,JP-39,KCZ
5597,RJOM,Matsuyama Airport,large_airport,33.826893,132.700114,JP,Japan,JP-38,MYJ
5598,RJOO,Osaka Itami International Airport,large_airport,34.780853,135.440829,JP,Japan,JP-27,ITM
5599,RJOR,Tottori Sand Dunes Conan Airport,medium_airport,35.530058,134.165023,JP,Japan,JP-31,TTJ
5600,RJOS,Tokushima Awaodori Airport / JMSDF Tokushima Air Base,large_airport,34.132559,134.607816,JP,Japan,JP-36,TKS
5601,RJOT,Takamatsu Airport,large_airport,34.214963,134.015454,JP,Japan,JP-37,TAK
5602,RJOW,Iwami Airport,medium_airport,34.676399231,131.789993286,JP,Japan,JP-32,IWJ
5605,RJSA,Aomori Airport,large_airport,40.733777,140.689477,JP,Japan,JP-02,AOJ
5606,RJSC,Yamagata Airport,medium_airport,38.4119,140.371002,JP,Japan,JP-06,GAJ
5607,RJSD,Sado Airport,medium_airport,38.0601997375,138.414001465,JP,Japan,JP-15,SDS
5608,RJSF,Fukushima Airport,medium_airport,37.22740173339844,140.43099975585938,JP,Japan,JP-07,FKS
5609,RJSH,JMSDF Hachinohe Air Base / Hachinohe Airport,medium_airport,40.551181,141.465428,JP,Japan,JP-02,HHE
5610,RJSI,Iwate Hanamaki Airport,medium_airport,39.4286,141.134995,JP,Japan,JP-03,HNA
5611,RJSK,Akita Airport,medium_airport,39.615601,140.218994,JP,Japan,JP-05,AXT
5612,RJSM,Misawa Airport / Misawa Air Base,medium_airport,40.703201,141.367996,JP,Japan,JP-02,MSJ
5613,RJSN,Niigata Airport,large_airport,37.954166,139.112189,JP,Japan,JP-15,KIJ
5614,RJSR,Odate Noshiro Airport,medium_airport,40.191898,140.371002,JP,Japan,JP-05,ONJ
5615,RJSS,Sendai Airport,large_airport,38.139702,140.917007,JP,Japan,JP-04,SDJ
5617,RJSY,Shonai Airport,medium_airport,38.812199,139.787003,JP,Japan,JP-06,SYO
5618,RJTA,JMSDF Atsugi Air Base / Naval Air Facility Atsugi,medium_airport,35.454601,139.449997,JP,Japan,JP-14,NJA
5620,RJTH,Hachijojima Airport,medium_airport,33.114843,139.785645,JP,Japan,JP-13,HAC
5624,RJTO,Oshima Airport,medium_airport,34.782001495399996,139.36000061,JP,Japan,JP-13,OIM
5625,RJTQ,Miyakejima Airport,medium_airport,34.073600769,139.559997559,JP,Japan,JP-13,MYE
5627,RJTT,Tokyo Haneda International Airport,large_airport,35.549678,139.786958,JP,Japan,JP-13,HND
5629,RJTY,Yokota Air Base,medium_airport,35.748501,139.348007,JP,Japan,JP-13,OKO
5630,RKJJ,Gwangju Airport,medium_airport,35.123173,126.805444,KR,"Korea, Republic of",KR-29,KWJ
5631,RKJK,Gunsan Airport / Gunsan Air Base,medium_airport,35.903801,126.615997,KR,"Korea, Republic of",KR-45,KUV
5634,RKJY,Yeosu Airport,medium_airport,34.84230041503906,127.61699676513672,KR,"Korea, Republic of",KR-46,RSU
5636,RKNN,Gangneung Airport (K-18),medium_airport,37.753601,128.943915,KR,"Korea, Republic of",KR-42,KAG
5637,RKNW,Wonju Airport / Hoengseong Air Base (K-38/K-46),medium_airport,37.437113,127.960051,KR,"Korea, Republic of",KR-42,WJU
5638,RKNY,Yangyang International Airport,large_airport,38.060481,128.669822,KR,"Korea, Republic of",KR-42,YNY
5639,RKPC,Jeju International Airport,large_airport,33.512058,126.492548,KR,"Korea, Republic of",KR-49,CJU
5640,RKPD,Jeongseok Airport,medium_airport,33.3996009827,126.711997986,KR,"Korea, Republic of",KR-49,JDG
5642,RKPK,Gimhae International Airport,large_airport,35.179501,128.938004,KR,"Korea, Republic of",KR-26,PUS
5643,RKPS,Sacheon Airport / Sacheon Air Base,medium_airport,35.088591,128.071747,KR,"Korea, Republic of",KR-48,HIN
5644,RKPU,Ulsan Airport,medium_airport,35.59349823,129.352005005,KR,"Korea, Republic of",KR-31,USN
5653,RKSI,Incheon International Airport,large_airport,37.469101,126.450996,KR,"Korea, Republic of",KR-28,ICN
5654,RKSM,Seoul Air Base (K-16),medium_airport,37.444744,127.112718,KR,"Korea, Republic of",KR-41,SSN
5655,RKSO,Osan Air Base,medium_airport,37.091457,127.029448,KR,"Korea, Republic of",KR-41,OSN
5656,RKSS,Gimpo International Airport,large_airport,37.5583,126.791,KR,"Korea, Republic of",KR-11,GMP
5657,RKSW,Suwon Airport,medium_airport,37.239399,127.007004,KR,"Korea, Republic of",KR-41,SWU
5659,RKTH,Pohang Airport (G-815/K-3),medium_airport,35.987955,129.420383,KR,"Korea, Republic of",KR-47,KPO
5660,RKTI,Jungwon Air Base/Chungju Airport,medium_airport,37.03024,127.886353,KR,"Korea, Republic of",KR-43,JWO
5661,RKTN,Daegu International Airport,large_airport,35.894394,128.656989,KR,"Korea, Republic of",KR-27,TAE
5663,RKTU,Cheongju International Airport/Cheongju Air Base (K-59/G-513),large_airport,36.71556,127.500289,KR,"Korea, Republic of",KR-43,CJJ
5664,RKTY,Yecheon Airbase,medium_airport,36.630373,128.34971,KR,"Korea, Republic of",KR-47,YEC
5671,ROAH,Naha International Airport,large_airport,26.192437,127.639804,JP,Japan,JP-47,OKA
5673,RODN,Kadena Air Base,large_airport,26.351667,127.769444,JP,Japan,JP-47,DNA
5675,ROKJ,Kumejima Airport,medium_airport,26.363445,126.71384,JP,Japan,JP-47,UEO
5676,ROMD,Minamidaito Airport,medium_airport,25.8465,131.263,JP,Japan,JP-47,MMD
5677,ROMY,Miyako Airport,medium_airport,24.782801,125.294998,JP,Japan,JP-47,MMY
5678,RORE,Iejima Airport,medium_airport,26.722537,127.786801,JP,Japan,JP-47,IEJ
5679,RORK,Kitadaito Airport,medium_airport,25.9447002411,131.32699585,JP,Japan,JP-47,KTD
5680,RORS,Shimojishima Airport,medium_airport,24.8267,125.144997,JP,Japan,JP-47,SHI
5681,RORT,Tarama Airport,medium_airport,24.653793,124.675453,JP,Japan,JP-47,TRA
5682,RORY,Yoron Airport,medium_airport,27.043847,128.401648,JP,Japan,JP-46,RNJ
5684,ROYN,Yonaguni Airport,medium_airport,24.467298,122.979827,JP,Japan,JP-47,OGN
5686,RPLB,Subic Bay International Airport / Naval Air Station Cubi Point,large_airport,14.794833,120.271883,PH,Philippines,PH-ZMB,SFS
5687,RPLC,Clark International Airport / Clark Air Base,large_airport,15.186,120.559998,PH,Philippines,PH-PAM,CRK
5688,RPLI,Laoag International Airport,large_airport,18.175089,120.531006,PH,Philippines,PH-ILN,LAO
5689,RPLL,Ninoy Aquino International Airport,large_airport,14.5086,121.019997,PH,Philippines,PH-00,MNL
5691,RPLS,Danilo Atienza Air Base,medium_airport,14.4954,120.903999,PH,Philippines,PH-CAV,SGL
5692,RPLU,Lubang Airport,medium_airport,13.8554,120.105003,PH,Philippines,PH-MDC,LBX
5694,RPMA,Allah Valley Airport,medium_airport,6.367903,124.752431,PH,Philippines,PH-SCO,AAV
5696,RPMC,Cotabato (Awang) Airport,medium_airport,7.164753,124.209938,PH,Philippines,PH-MDN,CBO
5697,RPMD,Francisco Bangoy International Airport,large_airport,7.12552,125.646004,PH,Philippines,PH-DVO,DVO
5698,RPME,Bancasi Airport,medium_airport,8.9515,125.4788,PH,Philippines,PH-BTC,BXU
5699,RPMF,Bislig Airport,medium_airport,8.195052,126.321015,PH,Philippines,PH-SUR,BPH
5700,RPMG,Dipolog Airport,medium_airport,8.601983,123.341875,PH,Philippines,PH-ZAN,DPL
5701,RPMH,Camiguin Airport,medium_airport,9.253894,124.709115,PH,Philippines,PH-CAM,CGM
5703,RPMJ,Jolo Airport,medium_airport,6.05367,121.011002,PH,Philippines,PH-SLU,JOL
5705,RPMN,Sanga Sanga Airport,medium_airport,5.048196,119.743338,PH,Philippines,PH-TAW,TWT
5706,RPMO,Labo Airport,medium_airport,8.17851,123.842003,PH,Philippines,PH-MSC,OZC
5707,RPMP,Pagadian Airport,medium_airport,7.825632,123.459635,PH,Philippines,PH-ZAS,PAG
5708,RPMQ,Mati National Airport,medium_airport,6.949091,126.27368,PH,Philippines,PH-DAO,MXI
5709,RPMR,General Santos International Airport,large_airport,6.057208,125.096243,PH,Philippines,PH-SCO,GES
5710,RPMS,Surigao Airport,medium_airport,9.755838325629998,125.480947495,PH,Philippines,PH-SUN,SUG
5711,RPMW,Tandag Airport,medium_airport,9.072002,126.17132,PH,Philippines,PH-SUR,TDG
5712,RPMZ,Zamboanga International Airport,large_airport,6.92242,122.059998,PH,Philippines,PH-ZMC,ZAM
5715,RPUB,Loakan Airport,medium_airport,16.375034,120.619949,PH,Philippines,PH-BAG,BAG
5716,RPUD,Daet Airport,medium_airport,14.1292,122.980003,PH,Philippines,PH-CAN,DTE
5719,RPUH,San Jose Airport,medium_airport,12.361499786399998,121.04699707,PH,Philippines,PH-MDC,SJI
5721,RPUM,Mamburao Airport,medium_airport,13.208048,120.605457,PH,Philippines,PH-MDC,MBO
5722,RPUN,Naga Airport,medium_airport,13.58489990234375,123.2699966430664,PH,Philippines,PH-CAS,WNP
5723,RPUO,Basco Airport,medium_airport,20.4513,121.980003,PH,Philippines,PH-BTN,BSO
5725,RPUR,Dr. Juan C. Angara Airport,medium_airport,15.729309,121.500034,PH,Philippines,PH-AUR,BQA
5726,RPUS,San Fernando Airport,medium_airport,16.5956,120.303001,PH,Philippines,PH-LUN,SFE
5727,RPUT,Tuguegarao Airport,medium_airport,17.6433676823,121.733150482,PH,Philippines,PH-CAG,TUG
5728,RPUV,Virac Airport,medium_airport,13.57639980316162,124.20600128173828,PH,Philippines,PH-CAT,VRC
5729,RPUW,Marinduque Airport,medium_airport,13.361000061035156,121.82599639892578,PH,Philippines,PH-MAD,MRQ
5730,RPUY,Cauayan Airport,medium_airport,16.9298992157,121.752998352,PH,Philippines,PH-ISA,CYZ
5732,RPVA,Daniel Z. Romualdez Airport,medium_airport,11.227761,125.027783,PH,Philippines,PH-LEY,TAC
5734,RPVC,Calbayog Airport,medium_airport,12.072574,124.54508,PH,Philippines,PH-WSA,CYP
5735,RPVD,Sibulan Airport,medium_airport,9.334183,123.30191,PH,Philippines,PH-NER,DGT
5736,RPVE,Godofredo P. Ramos Airport,medium_airport,11.9245,121.954002,PH,Philippines,PH-AKL,MPH
5737,RPVF,Catarman National Airport,medium_airport,12.50161,124.635258,PH,Philippines,PH-NSA,CRM
5739,RPVI,Iloilo International Airport,large_airport,10.833017,122.493358,PH,Philippines,PH-ILI,ILO
5740,RPVJ,Moises R. Espinosa Airport,medium_airport,12.369682,123.630095,PH,Philippines,PH-MAS,MBT
5741,RPVK,Kalibo International Airport,large_airport,11.6794,122.375999,PH,Philippines,PH-AKL,KLO
5742,RPVM,Mactan Cebu International Airport,large_airport,10.309261,123.97974,PH,Philippines,PH-CEB,CEB
5743,RPVO,Ormoc Airport,medium_airport,11.057715,124.565622,PH,Philippines,PH-LEY,OMC
5744,RPVP,Puerto Princesa International Airport / PAF Antonio Bautista Air Base,large_airport,9.742044,118.75911,PH,Philippines,PH-PLW,PPS
5745,RPVR,Roxas Airport,medium_airport,11.597700119018556,122.7519989013672,PH,Philippines,PH-CAP,RXS
5746,RPVS,Evelio Javier Airport,medium_airport,10.766644,121.932506,PH,Philippines,PH-ANT,EUQ
5748,RPVU,Tugdan Airport,medium_airport,12.3109998703,122.084999084,PH,Philippines,PH-ROM,TBH
5749,RPVV,Francisco B. Reyes (Busuanga) Airport,medium_airport,12.121865,120.100801,PH,Philippines,PH-PLW,USU
5751,UELL,Chulman Airport,medium_airport,56.913898468018,124.91400146484,RU,Russian Federation,RU-SA,NER
5764,SAAC,Comodoro Pierrestegui Airport,medium_airport,-31.2969,-57.9966,AR,Argentina,AR-E,COC
5765,SAAG,Gualeguaychu Airport,medium_airport,-33.005567,-58.612833,AR,Argentina,AR-E,GHU
5768,SAAP,General Urquiza Airport,medium_airport,-31.7948,-60.4804,AR,Argentina,AR-E,PRA
5769,SAAR,Rosario Islas Malvinas International Airport,large_airport,-32.9036,-60.785,AR,Argentina,AR-S,ROS
5770,SAAV,Sauce Viejo Airport,medium_airport,-31.7117,-60.8117,AR,Argentina,AR-S,SFN
5771,SABE,Aeroparque Jorge Newbery,large_airport,-34.559419,-58.415536,AR,Argentina,AR-C,AEP
5773,SACO,Ingeniero Aeronáutico Ambrosio L.V. Taravella International Airport,large_airport,-31.312346,-64.208329,AR,Argentina,AR-X,COR
5777,SADL,La Plata Airport,medium_airport,-34.9722,-57.8947,AR,Argentina,AR-B,LPG
5780,SADP,El Palomar Airport,medium_airport,-34.6099,-58.6126,AR,Argentina,AR-B,EPA
5781,SAEZ,Ezeiza International Airport - Ministro Pistarini,large_airport,-34.8222,-58.5358,AR,Argentina,AR-B,EZE
5784,SAHS,Rincon De Los Sauces Airport,medium_airport,-37.390598,-68.904198,AR,Argentina,AR-Q,RDS
5785,SAHZ,Zapala Airport,medium_airport,-38.975498,-70.113602,AR,Argentina,AR-Q,APZ
5786,SAME,Governor Francisco Gabrielli International Airport,large_airport,-32.831699,-68.7929,AR,Argentina,AR-M,MDZ
5787,SAMM,Comodoro D.R. Salomón Airport,medium_airport,-35.493599,-69.574303,AR,Argentina,AR-M,LGS
5788,SAMR,Suboficial Ay Santiago Germano Airport,medium_airport,-34.588299,-68.4039,AR,Argentina,AR-M,AFA
5789,SANC,Coronel Felipe Varela International Airport,medium_airport,-28.593117,-65.7512,AR,Argentina,AR-K,CTC
5790,SANE,Vicecomodoro Angel D. La Paz Aragonés Airport,medium_airport,-27.765556335399996,-64.3099975586,AR,Argentina,AR-G,SDE
5792,SANL,Capitan V A Almonacid Airport,medium_airport,-29.381599,-66.795799,AR,Argentina,AR-F,IRJ
5794,SANT,Teniente Benjamín Matienzo International Airport,large_airport,-26.837397,-65.104195,AR,Argentina,AR-T,TUC
5795,SANU,Domingo Faustino Sarmiento Airport,medium_airport,-31.571501,-68.418198,AR,Argentina,AR-J,UAQ
5796,SAOC,Area De Material Airport,medium_airport,-33.085098,-64.261299,AR,Argentina,AR-X,RCU
5797,SAOD,Villa Dolores Airport,medium_airport,-31.9452,-65.146301,AR,Argentina,AR-X,VDR
5800,SAOR,Villa Reynolds Airport,medium_airport,-33.7299003601,-65.3873977661,AR,Argentina,AR-D,VME
5802,SAOU,Brigadier Mayor D Cesar Raul Ojeda Airport,medium_airport,-33.273201,-66.3564,AR,Argentina,AR-D,LUQ
5803,SARC,Corrientes Airport,medium_airport,-27.4455,-58.7619,AR,Argentina,AR-W,CNQ
5804,SARE,Resistencia International Airport,large_airport,-27.44991,-59.056125,AR,Argentina,AR-H,RES
5805,SARF,Formosa National Airport,medium_airport,-26.2127,-58.2281,AR,Argentina,AR-P,FMA
5806,SARI,Cataratas Del Iguazú International Airport,medium_airport,-25.737301,-54.4734,AR,Argentina,AR-N,IGR
5807,SARL,Paso De Los Libres Airport,medium_airport,-29.6894,-57.1521,AR,Argentina,AR-W,AOL
5808,SARM,Monte Caseros Airport,medium_airport,-30.2719,-57.6402,AR,Argentina,AR-W,MCS
5809,SARP,Libertador Gral D Jose De San Martin Airport,medium_airport,-27.3858,-55.9707,AR,Argentina,AR-N,PSS
5811,SASA,Martín Miguel de Güemes International Airport,large_airport,-24.856001,-65.486198,AR,Argentina,AR-A,SLA
5812,SASJ,Gobernador Horacio Guzman International Airport,large_airport,-24.392799,-65.097801,AR,Argentina,AR-Y,JUJ
5813,SASO,Orán Airport,medium_airport,-23.1528,-64.329201,AR,Argentina,AR-A,ORA
5815,SAST,General Enrique Mosconi Airport,medium_airport,-22.616877,-63.793015,AR,Argentina,AR-A,TTG
5817,SATG,Goya Airport,medium_airport,-29.1058,-59.2189,AR,Argentina,AR-W,OYA
5819,SATR,Reconquista Airport,medium_airport,-29.210278,-59.683333,AR,Argentina,AR-S,RCQ
5820,SATU,Curuzu Cuatia Airport,medium_airport,-29.7706,-57.9789,AR,Argentina,AR-W,UZU
5821,SAVB,El Bolsón Airfield,medium_airport,-41.943199,-71.532303,AR,Argentina,AR-R,EHL
5822,SAVC,General Enrique Mosconi International Airport,large_airport,-45.786941,-67.463355,AR,Argentina,AR-U,CRD
5823,SAVE,Esquel Brigadier Antonio Parodi International Airport,medium_airport,-42.908001,-71.139503,AR,Argentina,AR-U,EQS
5824,SAVH,Las Heras Airport,medium_airport,-46.538517,-68.965323,AR,Argentina,AR-Z,LHS
5827,SAVT,Almirante Marco Andres Zar Airport,medium_airport,-43.2105,-65.2703,AR,Argentina,AR-U,REL
5828,SAVV,Gobernador Castello Airport,medium_airport,-40.8692,-63.0004,AR,Argentina,AR-R,VDM
5829,SAVY,El Tehuelche Airport,medium_airport,-42.7592,-65.1027,AR,Argentina,AR-U,PMY
5831,SAWC,El Calafate - Commander Armando Tola International Airport,large_airport,-50.281997,-72.053949,AR,Argentina,AR-Z,FTE
5832,SAWD,Puerto Deseado Airport,medium_airport,-47.7353,-65.9041,AR,Argentina,AR-Z,PUD
5833,SAWE,Hermes Quijada International Airport,medium_airport,-53.7777,-67.7494,AR,Argentina,AR-V,RGA
5834,SAWG,Piloto Civil Norberto Fernández International Airport,large_airport,-51.608791,-69.308948,AR,Argentina,AR-Z,RGL
5835,SAWH,Ushuaia - Malvinas Argentinas International Airport,medium_airport,-54.8433,-68.2958,AR,Argentina,AR-V,USH
5836,SAWJ,Capitan D Daniel Vazquez Airport,medium_airport,-49.306816,-67.802596,AR,Argentina,AR-Z,ULA
5838,SAWP,Perito Moreno Jalil Hamer Airport,medium_airport,-46.537899,-70.978699,AR,Argentina,AR-Z,PMQ
5839,SAWU,Santa Cruz Airport,medium_airport,-50.0165,-68.5792,AR,Argentina,AR-Z,RZA
5840,SAZB,Comandante Espora Airport,medium_airport,-38.725,-62.1693,AR,Argentina,AR-B,BHI
5843,SAZG,General Pico Airport,medium_airport,-35.696201,-63.758301,AR,Argentina,AR-L,GPO
5844,SAZH,Tres Arroyos Airport,medium_airport,-38.3869,-60.3297,AR,Argentina,AR-B,OYO
5846,SAZL,Santa Teresita Airport,medium_airport,-36.5423,-56.7218,AR,Argentina,AR-B,SST
5847,SAZM,Ástor Piazzola International Airport,medium_airport,-37.9342,-57.5733,AR,Argentina,AR-B,MDQ
5848,SAZN,Presidente Perón International Airport,large_airport,-38.949001,-68.155701,AR,Argentina,AR-Q,NQN
5849,SAZO,Necochea Airport,medium_airport,-38.490746,-58.816337,AR,Argentina,AR-B,NEC
5850,SAZP,Comodoro Pedro Zanni Airport,medium_airport,-35.8446,-61.8576,AR,Argentina,AR-B,PEH
5851,SAZR,Santa Rosa Airport,medium_airport,-36.588299,-64.275703,AR,Argentina,AR-L,RSA
5852,SAZS,Teniente Luis Candelaria International Airport,large_airport,-41.151199,-71.157501,AR,Argentina,AR-R,BRC
5853,SAZT,Héroes de Malvinas Airport,medium_airport,-37.234634,-59.228647,AR,Argentina,AR-B,TDL
5854,SAZV,Villa Gesell Airport,medium_airport,-37.2354,-57.0292,AR,Argentina,AR-B,VLG
5855,SAZW,Cutral-Co Airport,medium_airport,-38.939701,-69.264603,AR,Argentina,AR-Q,CUT
5856,SAZY,Aviador C. Campos Airport,medium_airport,-40.075401,-71.137299,AR,Argentina,AR-Q,CPC
5857,SBAA,Conceição do Araguaia Airport,medium_airport,-8.34835,-49.301498,BR,Brazil,BR-PA,CDJ
5861,SBAQ,Araraquara Airport,medium_airport,-21.812,-48.132999,BR,Brazil,BR-SP,AQA
5862,SBAR,Aracaju - Santa Maria Airport,medium_airport,-10.98394,-37.072873,BR,Brazil,BR-SE,AJU
5864,SBAT,Piloto Osvaldo Marques Dias Airport,medium_airport,-9.866389,-56.106298,BR,Brazil,BR-MT,AFL
5865,SBAU,Araçatuba Airport,medium_airport,-21.141479,-50.424575,BR,Brazil,BR-SP,ARU
5866,SBAX,Romeu Zema Airport,medium_airport,-19.5632,-46.9604,BR,Brazil,BR-MG,AAX
5867,SBBE,Val de Cans/Júlio Cezar Ribeiro International Airport,large_airport,-1.379279,-48.476207,BR,Brazil,BR-PA,BEL
5868,SBBG,Comandante Gustavo Kraemer Airport,medium_airport,-31.390499,-54.112202,BR,Brazil,BR-RS,BGX
5869,SBBH,Pampulha - Carlos Drummond de Andrade Airport,medium_airport,-19.85074,-43.950316,BR,Brazil,BR-MG,PLU
5870,SBBI,Bacacheri Airport,medium_airport,-25.4051,-49.231998,BR,Brazil,BR-PR,BFH
5872,SBBR,Presidente Juscelino Kubitschek International Airport,large_airport,-15.869167,-47.920834,BR,Brazil,BR-DF,BSB
5873,SBBT,Chafei Amsei Airport,medium_airport,-20.584631,-48.594125,BR,Brazil,BR-SP,BAT
5875,SBBV,Atlas Brasil Cantanhede International Airport,large_airport,2.84615,-60.690648,BR,Brazil,BR-RR,BVB
5876,SBBW,Barra do Garças Airport,medium_airport,-15.861417,-52.389008,BR,Brazil,BR-MT,BPG
5877,SBBZ,Umberto Modiano Airport,medium_airport,-22.770881,-41.96308,BR,Brazil,BR-RJ,BZC
5878,SBCA,Coronel Adalberto Mendes da Silva Airport,medium_airport,-25.000323,-53.501208,BR,Brazil,BR-PR,CAC
5882,SBCF,Tancredo Neves International Airport,large_airport,-19.63571,-43.966928,BR,Brazil,BR-MG,CNF
5883,SBCG,Campo Grande Airport,medium_airport,-20.469998,-54.673988,BR,Brazil,BR-MS,CGR
5884,SBCH,Serafin Enoss Bertaso Airport,medium_airport,-27.134199,-52.656601,BR,Brazil,BR-SC,XAP
5885,SBCI,Brig. Lysias Augusto Rodrigues Airport,medium_airport,-7.32044,-47.458698,BR,Brazil,BR-MA,CLN
5886,SBCJ,Carajás Airport,medium_airport,-6.117841,-50.003372,BR,Brazil,BR-PA,CKS
5887,SBCM,Forquilhinha - Criciúma  Airport,medium_airport,-28.725743,-49.424475,BR,Brazil,BR-SC,CCM
5888,SBCO,Canoas Air Force Base,medium_airport,-29.945928,-51.144413,BR,Brazil,BR-RS,QNS
5889,SBCP,Bartolomeu Lisandro Airport,medium_airport,-21.698299,-41.301701,BR,Brazil,BR-RJ,CAW
5890,SBCR,Corumbá International Airport,medium_airport,-19.01193,-57.672772,BR,Brazil,BR-MS,CMG
5891,SBCT,Curitiba-Afonso Pena International Airport,large_airport,-25.5285,-49.1758,BR,Brazil,BR-PR,CWB
5892,SBCV,Caravelas Airport,medium_airport,-17.6523,-39.253101,BR,Brazil,BR-BA,CRQ
5893,SBCX,Hugo Cantergiani Regional Airport,medium_airport,-29.197183,-51.187647,BR,Brazil,BR-RS,CXJ
5894,SBCY,Várzea Grande–Marechal Rondon International Airport,large_airport,-15.6529,-56.116699,BR,Brazil,BR-MT,CGB
5895,SBCZ,Cruzeiro do Sul Airport,medium_airport,-7.59991,-72.769501,BR,Brazil,BR-AC,CZS
5896,SBDN,Presidente Prudente Airport,medium_airport,-22.1751,-51.424599,BR,Brazil,BR-SP,PPB
5897,SBEG,Eduardo Gomes International Airport,large_airport,-3.03861,-60.049702,BR,Brazil,BR-AM,MAO
5898,SBEK,Jacareacanga Airport,medium_airport,-6.23316,-57.776901,BR,Brazil,BR-PA,JCR
5900,SBFI,Cataratas International Airport,large_airport,-25.594167,-54.489444,BR,Brazil,BR-PR,IGU
5901,SBFL,Hercílio Luz International Airport,large_airport,-27.670279,-48.552502,BR,Brazil,BR-SC,FLN
5902,SBFN,Fernando de Noronha Airport,medium_airport,-3.854534,-32.423017,BR,Brazil,BR-PE,FEN
5905,SBFZ,Pinto Martins International Airport,large_airport,-3.775833,-38.532222,BR,Brazil,BR-CE,FOR
5906,SBGL,Rio Galeão – Tom Jobim International Airport,large_airport,-22.809999,-43.250557,BR,Brazil,BR-RJ,GIG
5907,SBGM,Guajará-Mirim Airport,medium_airport,-10.78641,-65.28486,BR,Brazil,BR-RO,GJM
5908,SBGO,Santa Genoveva International Airport,large_airport,-16.632,-49.220699,BR,Brazil,BR-GO,GYN
5910,SBGR,São Paulo/Guarulhos–Governor André Franco Montoro International Airport,large_airport,-23.431274,-46.469954,BR,Brazil,BR-SP,GRU
5912,SBGV,Coronel Altino Machado Airport,medium_airport,-18.895882,-41.982869,BR,Brazil,BR-MG,GVR
5913,SBGW,Edu Chaves Field,medium_airport,-22.791599,-45.2048,BR,Brazil,BR-SP,GUJ
5914,SBHT,Altamira Interstate Airport,medium_airport,-3.253144,-52.253938,BR,Brazil,BR-PA,ATM
5915,SBIC,Itacoatiara Airport,medium_airport,-3.126539,-58.481668,BR,Brazil,BR-AM,ITA
5916,SBIH,Itaituba Airport,medium_airport,-4.242131,-56.000651,BR,Brazil,BR-PA,ITB
5917,SBIL,Bahia - Jorge Amado Airport,medium_airport,-14.815929,-39.033458,BR,Brazil,BR-BA,IOS
5918,SBIP,Usiminas Airport,medium_airport,-19.470699,-42.487598,BR,Brazil,BR-MG,IPN
5920,SBIZ,Prefeito Renato Moreira Airport,medium_airport,-5.53129,-47.459999,BR,Brazil,BR-MA,IMP
5922,SBJF,Francisco de Assis Airport,medium_airport,-21.791482,-43.386072,BR,Brazil,BR-MG,JDF
5923,SBJP,Presidente Castro Pinto International Airport,large_airport,-7.148691,-34.950554,BR,Brazil,BR-PB,JPA
5925,SBJV,Lauro Carneiro de Loyola Airport,medium_airport,-26.224501,-48.797401,BR,Brazil,BR-SC,JOI
5926,SBKG,Presidente João Suassuna Airport,medium_airport,-7.269662,-35.896057,BR,Brazil,BR-PB,CPV
5927,SBKP,Viracopos International Airport,large_airport,-23.007404,-47.134502,BR,Brazil,BR-SP,VCP
5929,SBLJ,Lages Airport,medium_airport,-27.782101,-50.281502,BR,Brazil,BR-SC,LAJ
5930,SBLN,Lins Airport,medium_airport,-21.663491,-49.729954,BR,Brazil,BR-SP,LIP
5931,SBLO,Governor José Richa Airport,medium_airport,-23.334375,-51.128365,BR,Brazil,BR-PR,LDB
5932,SBLP,Bom Jesus da Lapa Airport,medium_airport,-13.2621,-43.4081,BR,Brazil,BR-BA,LAZ
5934,SBMA,João Correa da Rocha Airport,medium_airport,-5.36859,-49.138,BR,Brazil,BR-PA,MAB
5935,SBMC,Minaçu Airport,medium_airport,-13.5491,-48.195301,BR,Brazil,BR-GO,MQH
5936,SBMD,Monte Dourado - Serra do Areão Airport,medium_airport,-0.889839,-52.6022,BR,Brazil,BR-PA,MEU
5937,SBME,Macaé Benedito Lacerda Airport,medium_airport,-22.343,-41.765999,BR,Brazil,BR-RJ,MEA
5938,SBMG,Regional de Maringá - Sílvio Name Júnior Airport,medium_airport,-23.47606,-52.016187,BR,Brazil,BR-PR,MGF
5939,SBMK,Mário Ribeiro Airport,medium_airport,-16.706919,-43.818901,BR,Brazil,BR-MG,MOC
5940,SBML,Frank Miloye Milenkowichi–Marília State Airport,medium_airport,-22.196899,-49.926485,BR,Brazil,BR-SP,MII
5941,SBMN,Ponta Pelada Airport / Manaus Air Base,medium_airport,-3.14604,-59.986301,BR,Brazil,BR-AM,PLL
5942,SBMO,Zumbi dos Palmares International Airport,large_airport,-9.512559,-35.791839,BR,Brazil,BR-AL,MCZ
5943,SBMQ,Macapá - Alberto Alcolumbre International Airport,medium_airport,0.050664,-51.072201,BR,Brazil,BR-AP,MCP
5944,SBMS,Dix-Sept Rosado Airport,medium_airport,-5.20192,-37.3643,BR,Brazil,BR-RN,MVF
5945,SBMT,Campo de Marte Airport,medium_airport,-23.5091,-46.637798,BR,Brazil,BR-SP,RTE
5946,SBMY,Manicoré Airport,medium_airport,-5.81138,-61.278301,BR,Brazil,BR-AM,MNX
5947,SBNF,Ministro Victor Konder International Airport,large_airport,-26.879431,-48.650979,BR,Brazil,BR-SC,NVT
5948,SBNM,Santo Ângelo Airport,medium_airport,-28.282503,-54.169623,BR,Brazil,BR-RS,GEL
5950,SBOI,Oiapoque Airport,medium_airport,3.85412,-51.797056,BR,Brazil,BR-AP,OYK
5951,SBPA,Porto Alegre-Salgado Filho International Airport,large_airport,-29.993984,-51.167482,BR,Brazil,BR-RS,POA
5952,SBPB,Parnaíba - Prefeito Doutor João Silva Filho International Airport,medium_airport,-2.89375,-41.731998,BR,Brazil,BR-PI,PHB
5953,SBPC,Poços de Caldas - Embaixador Walther Moreira Salles Airport,medium_airport,-21.842529,-46.569768,BR,Brazil,BR-MG,POO
5954,SBPF,Lauro Kurtz Airport,medium_airport,-28.243976,-52.32777,BR,Brazil,BR-RS,PFB
5955,SBPJ,Brigadeiro Lysias Rodrigues Airport,medium_airport,-10.2915,-48.356998,BR,Brazil,BR-TO,PMW
5956,SBPK,João Simões Lopes Neto International Airport,medium_airport,-31.717189,-52.327796,BR,Brazil,BR-RS,PET
5957,SBPL,Senador Nilo Coelho Airport,medium_airport,-9.362422,-40.569098,BR,Brazil,BR-PE,PNZ
5958,SBPN,Porto Nacional Airport,medium_airport,-10.719402,-48.3997,BR,Brazil,BR-TO,PNB
5959,SBPP,Ponta Porã Airport,medium_airport,-22.549601,-55.702599,BR,Brazil,BR-MS,PMG
5961,SBPS,Porto Seguro International Airport,large_airport,-16.438426,-39.080584,BR,Brazil,BR-BA,BPS
5962,SBPV,Governador Jorge Teixeira de Oliveira International Airport,large_airport,-8.708491,-63.902338,BR,Brazil,BR-RO,PVH
5964,SBRB,Rio Branco-Plácido de Castro International Airport,large_airport,-9.869031,-67.893984,BR,Brazil,BR-AC,RBR
5965,SBRF,Recife/Guararapes - Gilberto Freyre International Airport,large_airport,-8.12747,-34.922961,BR,Brazil,BR-PE,REC
5967,SBRJ,Santos Dumont Airport,large_airport,-22.910397,-43.16282,BR,Brazil,BR-RJ,SDU
5968,SBRP,Leite Lopes Airport,medium_airport,-21.134314,-47.774053,BR,Brazil,BR-SP,RAO
5969,SBSC,Santa Cruz Air Force Base,medium_airport,-22.9324,-43.719101,BR,Brazil,BR-RJ,SNZ
5970,SBSJ,Professor Urbano Ernesto Stumpf Airport,medium_airport,-23.2292,-45.8615,BR,Brazil,BR-SP,SJK
5971,SBSL,Marechal Cunha Machado International Airport,large_airport,-2.586386,-44.235008,BR,Brazil,BR-MA,SLZ
5972,SBSM,Santa Maria Airport,medium_airport,-29.711399,-53.688202,BR,Brazil,BR-RS,RIA
5973,SBSN,Santarém - Maestro Wilson Fonseca International Airport,medium_airport,-2.422423,-54.79306,BR,Brazil,BR-PA,STM
5974,SBSP,Congonhas–Deputado Freitas Nobre Airport,large_airport,-23.627657,-46.654601,BR,Brazil,BR-SP,CGH
5975,SBSR,Prof. Eribelto Manoel Reino State Airport,medium_airport,-20.817113,-49.406963,BR,Brazil,BR-SP,SJP
5976,SBST,Santos Nero Moura Air Base / Guarujá Airport,medium_airport,-23.928192,-46.300195,BR,Brazil,BR-SP,SSZ
5977,SBSV,Deputado Luiz Eduardo Magalhães International Airport,large_airport,-12.908611,-38.322498,BR,Brazil,BR-BA,SSA
5979,SBTB,Trombetas Airport,medium_airport,-1.4896,-56.396801,BR,Brazil,BR-PA,TMT
5982,SBTE,Senador Petrônio Portela Airport,medium_airport,-5.06025,-42.823712,BR,Brazil,BR-PI,THE
5983,SBTF,Tefé Airport,medium_airport,-3.38294,-64.724098,BR,Brazil,BR-AM,TFF
5984,SBTK,Tarauacá Airport,medium_airport,-8.155534,-70.782985,BR,Brazil,BR-AC,TRQ
5985,SBTL,Telêmaco Borba Airport,medium_airport,-24.317801,-50.6516,BR,Brazil,BR-PR,TEC
5988,SBTT,Tabatinga International Airport,medium_airport,-4.25567,-69.935799,BR,Brazil,BR-AM,TBT
5989,SBTU,Tucuruí Airport,medium_airport,-3.78601,-49.720299,BR,Brazil,BR-PA,TUR
5990,SBUA,São Gabriel da Cachoeira Airport,medium_airport,-0.14835,-66.9855,BR,Brazil,BR-AM,SJL
5991,SBUF,Paulo Afonso Airport,medium_airport,-9.40088,-38.250599,BR,Brazil,BR-BA,PAV
5992,SBUG,Rubem Berta Airport,medium_airport,-29.7822,-57.0382,BR,Brazil,BR-RS,URG
5993,SBUL,Ten. Cel. Aviador César Bombonato Airport,medium_airport,-18.883579,-48.225936,BR,Brazil,BR-MG,UDI
5995,SBUR,Mário de Almeida Franco Airport,medium_airport,-19.765036,-47.964805,BR,Brazil,BR-MG,UBA
5996,SBVG,Major Brigadeiro Trompowsky Airport,medium_airport,-21.591375,-45.474116,BR,Brazil,BR-MG,VAG
5997,SBVH,Brigadeiro Camarão Airport,medium_airport,-12.6944,-60.098301,BR,Brazil,BR-RO,BVH
5998,SBVT,Eurico de Aguiar Salles International Airport,large_airport,-20.258,-40.285,BR,Brazil,BR-ES,VIX
6000,SBYS,Campo Fontenelle,medium_airport,-21.984692,-47.341207,BR,Brazil,BR-SP,QPS
6001,SCAR,Chacalluta International Airport,medium_airport,-18.348499,-70.338699,CL,Chile,CL-AP,ARI
6002,SCAT,Desierto de Atacama Airport,medium_airport,-27.2611999512,-70.7791976929,CL,Chile,CL-AT,CPO
6003,SCBA,Balmaceda Airport,medium_airport,-45.915968,-71.689499,CL,Chile,CL-AI,BBA
6004,SCBE,Barriles Airport,medium_airport,-22.1411,-70.062897,CL,Chile,CL-AN,TOQ
6006,SCCC,Chile Chico Airport,medium_airport,-46.5831,-71.686323,CL,Chile,CL-AI,CCH
6007,SCCF,El Loa Airport,medium_airport,-22.498199,-68.903603,CL,Chile,CL-AN,CJC
6008,SCCH,Gral. Bernardo O´Higgins Airport,medium_airport,-36.5825,-72.031403,CL,Chile,CL-NB,YAI
6009,SCCI,President Carlos Ibáñez International Airport,large_airport,-53.002602,-70.854599,CL,Chile,CL-MA,PUQ
6011,SCCY,Teniente Vidal Airport,medium_airport,-45.5942,-72.106102,CL,Chile,CL-AI,GXQ
6012,SCDA,Diego Aracena International Airport,large_airport,-20.536273,-70.181373,CL,Chile,CL-TA,IQQ
6015,SCEL,Comodoro Arturo Merino Benítez International Airport,large_airport,-33.393001556396484,-70.78579711914062,CL,Chile,CL-RM,SCL
6017,SCES,Ricardo García Posada Airport,medium_airport,-26.3111,-69.765198,CL,Chile,CL-AT,ESR
6018,SCFA,Andrés Sabella Gálvez International Airport,large_airport,-23.445274,-70.445232,CL,Chile,CL-AN,ANF
6019,SCFM,Captain Fuentes Martinez Airport,medium_airport,-53.2537,-70.319199,CL,Chile,CL-MA,WPR
6023,SCGZ,Guardia Marina Zañartu Airport,medium_airport,-54.931099,-67.626297,CL,Chile,CL-MA,WPU
6024,SCHR,Cochrane Airport,medium_airport,-47.243591,-72.58815,CL,Chile,CL-AI,LGR
6025,SCIE,Carriel Sur International Airport,large_airport,-36.77235,-73.062828,CL,Chile,CL-BI,CCP
6026,SCIP,Mataveri International Airport,large_airport,-27.165411,-109.421027,CL,Chile,CL-VS,IPC
6027,SCJO,Cañal Bajo Carlos Hott Siebert Airport,medium_airport,-40.611198,-73.060997,CL,Chile,CL-LL,ZOS
6029,SCLL,Vallenar Airport,medium_airport,-28.596399,-70.755997,CL,Chile,CL-AT,VLR
6031,SCNT,Lieutenant Julio Gallardo Airport,medium_airport,-51.67067,-72.529078,CL,Chile,CL-MA,PNT
6037,SCRA,Chañaral Airport,medium_airport,-26.3325,-70.6073,CL,Chile,CL-AT,CNR
6040,SCSE,La Florida Airport,medium_airport,-29.916201,-71.199501,CL,Chile,CL-CO,LSC
6042,SCTC,Maquehue Airport,medium_airport,-38.766799926758,-72.637100219727,CL,Chile,CL-AR,PZS
6043,SCTE,El Tepual International Airport,large_airport,-41.443093,-73.094065,CL,Chile,CL-LL,PMC
6044,SCTL,Panguilemo Airport,medium_airport,-35.3778,-71.6017,CL,Chile,CL-ML,TLX
6046,SCTO,Victoria Airport,medium_airport,-38.245602,-72.348602,CL,Chile,CL-AR,ZIC
6047,SCTT,Las Breas Airport,medium_airport,-25.564301,-70.3759,CL,Chile,CL-AN,TTC
6048,SCVD,Pichoy Airport,medium_airport,-39.6500015259,-73.0860977173,CL,Chile,CL-LR,ZAL
6050,SCVM,Viña del Mar Airport,medium_airport,-32.9496,-71.4786,CL,Chile,CL-VS,KNA
6051,SEAM,Chachoán Regional Airport,medium_airport,-1.21207,-78.5746,EC,Ecuador,EC-T,ATF
6053,SECO,Francisco De Orellana Airport,medium_airport,-0.462886,-76.986801,EC,Ecuador,EC-D,OCC
6054,SECU,Mariscal Lamar Airport,medium_airport,-2.88947,-78.984398,EC,Ecuador,EC-A,CUE
6055,SEGS,Seymour Galapagos Ecological Airport,medium_airport,-0.453758,-90.2659,EC,Ecuador,EC-W,GPS
6056,SEGU,José Joaquín de Olmedo International Airport,large_airport,-2.15742,-79.883598,EC,Ecuador,EC-G,GYE
6061,SELT,Cotopaxi International Airport,medium_airport,-0.906833,-78.615799,EC,Ecuador,EC-X,LTX
6062,SEMA,Jose Maria Velasco Ibarra Airport,medium_airport,-4.37823009491,-79.94100189210002,EC,Ecuador,EC-L,MRR
6063,SEMC,Coronel E Carvajal Airport,medium_airport,-2.2991700172424316,-78.12079620361328,EC,Ecuador,EC-S,XMS
6066,SEMT,Eloy Alfaro International Airport,medium_airport,-0.9460780024528505,-80.67880249023438,EC,Ecuador,EC-M,MEC
6071,SEPV,Reales Tamarindos Airport,medium_airport,-1.04165,-80.472198,EC,Ecuador,EC-M,PVO
6075,SERO,Santa Rosa - Artillery Colonel Victor Larrea International Airport,medium_airport,-3.441986,-79.996957,EC,Ecuador,EC-O,ETR
6076,SESA,General Ulpiano Paez International Airport,large_airport,-2.210057,-80.985067,EC,Ecuador,EC-25,SNC
6084,SETN,Carlos Concha Torres International Airport,large_airport,0.978519,-79.626602,EC,Ecuador,EC-E,ESM
6085,SETR,Tarapoa Airport,medium_airport,-0.122956,-76.337799,EC,Ecuador,EC-U,TPC
6086,SETU,Lieutenant Colonel Luis A. Mantilla International Airport,medium_airport,0.809506,-77.708099,EC,Ecuador,EC-C,TUA
6088,SGAS,Silvio Pettirossi International Airport,large_airport,-25.240156,-57.519227,PY,Paraguay,PY-11,ASU
6089,SGAY,Aeropuerto Nacional Juan de Ayolas,medium_airport,-27.378379,-56.856791,PY,Paraguay,PY-8,AYO
6090,SGCO,Lieutenant Colonel Carmelo Peralta National Airport,medium_airport,-23.441609,-57.427039,PY,Paraguay,PY-1,CIO
6091,SGES,Guaraní International Airport,large_airport,-25.457186,-54.839544,PY,Paraguay,PY-10,AGT
6093,SGME,Dr. Luis María Argaña International Airport,medium_airport,-22.046499,-60.6217,PY,Paraguay,PY-19,ESG
6094,SGPI,Aeródromo Don Carlos Miguel Gimenez,medium_airport,-26.881981,-58.319067,PY,Paraguay,PY-12,PIL
6095,SGPJ,Aeropuerto Nacional Dr. Augusto Roberto Fuster,medium_airport,-22.641427,-55.829993,PY,Paraguay,PY-13,PJC
6098,SKAP,Gomez Nino Apiay Air Base,medium_airport,4.07607,-73.5627,CO,Colombia,CO-MET,API
6099,SKAR,El Eden Airport,medium_airport,4.45278,-75.7664,CO,Colombia,CO-QUI,AXM
6100,SKAS,Tres De Mayo Airport,medium_airport,0.505228,-76.5008,CO,Colombia,CO-PUT,PUU
6101,SKBC,Las Flores Airport,medium_airport,9.04554,-73.9749,CO,Colombia,CO-MAG,ELB
6102,SKBG,Palonegro Airport,medium_airport,7.1265,-73.1848,CO,Colombia,CO-SAN,BGA
6104,SKBO,El Dorado International Airport,large_airport,4.70159,-74.1469,CO,Colombia,CO-DC,BOG
6105,SKBQ,Ernesto Cortissoz International Airport,large_airport,10.8896,-74.7808,CO,Colombia,CO-ATL,BAQ
6106,SKBS,José Celestino Mutis Airport,medium_airport,6.20292,-77.3947,CO,Colombia,CO-CHO,BSC
6107,SKBU,Gerardo Tobar López Airport,medium_airport,3.81963,-76.9898,CO,Colombia,CO-VAC,BUN
6108,SKCC,Camilo Daza International Airport,medium_airport,7.92757,-72.5115,CO,Colombia,CO-NSA,CUC
6109,SKCG,Rafael Nuñez International Airport,large_airport,10.4424,-75.513,CO,Colombia,CO-BOL,CTG
6110,SKCL,Alfonso Bonilla Aragon International Airport,large_airport,3.542717,-76.381898,CO,Colombia,CO-VAC,CLO
6112,SKCO,La Florida Airport,medium_airport,1.81442,-78.7492,CO,Colombia,CO-NAR,TCO
6113,SKCU,Juan H White Airport,medium_airport,7.96847,-75.1985,CO,Colombia,CO-ANT,CAQ
6114,SKCV,Coveñas Airport,medium_airport,9.40092,-75.6913,CO,Colombia,CO-SUC,CVE
6115,SKCZ,Las Brujas Airport,medium_airport,9.33274,-75.2856,CO,Colombia,CO-SUC,CZU
6116,SKEB,El Bagre Airport,medium_airport,7.59647,-74.8089,CO,Colombia,CO-ANT,EBG
6117,SKEJ,Yariguíes Airport,medium_airport,7.02433,-73.8068,CO,Colombia,CO-SAN,EJA
6118,SKFL,Gustavo Artunduaga Paredes Airport,medium_airport,1.58919,-75.5644,CO,Colombia,CO-CAQ,FLA
6120,SKGI,Santiago Vila Airport,medium_airport,4.27624,-74.7967,CO,Colombia,CO-CUN,GIR
6121,SKGO,Santa Ana Airport,medium_airport,4.75818,-75.9557,CO,Colombia,CO-VAC,CRC
6122,SKGP,Guapi Airport,medium_airport,2.57013,-77.897969,CO,Colombia,CO-CAU,GPI
6124,SKIB,Perales Airport,medium_airport,4.42161,-75.1333,CO,Colombia,CO-TOL,IBE
6126,SKIP,San Luis Airport,medium_airport,0.861946,-77.671783,CO,Colombia,CO-NAR,IPI
6127,SKLC,Antonio Roldán Betancur Airport,medium_airport,7.81196,-76.7164,CO,Colombia,CO-ANT,APO
6129,SKLM,Jorge Isaac Airport,medium_airport,11.2325,-72.4901,CO,Colombia,CO-LAG,MCJ
6130,SKLT,Alfredo Vásquez Cobo International Airport,medium_airport,-4.191147,-69.942003,CO,Colombia,CO-AMA,LET
6132,SKMD,Enrique Olaya Herrera Airport,medium_airport,6.219686,-75.590597,CO,Colombia,CO-ANT,EOH
6134,SKMG,Baracoa Airport,medium_airport,9.28474,-74.8461,CO,Colombia,CO-BOL,MGN
6138,SKMR,Los Garzones Airport,medium_airport,8.82374,-75.8258,CO,Colombia,CO-COR,MTR
6139,SKMU,Fabio Alberto Leon Bentley Airport,medium_airport,1.25366,-70.2339,CO,Colombia,CO-VAU,MVP
6140,SKMZ,La Nubia Airport,medium_airport,5.0296,-75.4647,CO,Colombia,CO-CAL,MZL
6141,SKNV,Benito Salas Airport,medium_airport,2.95015,-75.294,CO,Colombia,CO-HUI,NVA
6142,SKOC,Aguas Claras Airport,medium_airport,8.31506,-73.3583,CO,Colombia,CO-NSA,OCV
6146,SKPC,German Olano Airport,medium_airport,6.18472,-67.4932,CO,Colombia,CO-VID,PCR
6147,SKPD,Obando Cesar Gaviria Trujillo Airport,medium_airport,3.85353,-67.9062,CO,Colombia,CO-GUA,PDA
6148,SKPE,Matecaña International Airport,medium_airport,4.81267,-75.7395,CO,Colombia,CO-RIS,PEI
6149,SKPI,Pitalito Airport,medium_airport,1.85777,-76.0857,CO,Colombia,CO-HUI,PTX
6151,SKPP,Guillermo León Valencia Airport,medium_airport,2.454359,-76.609253,CO,Colombia,CO-CAU,PPN
6152,SKPQ,German Olano Air Base,medium_airport,5.48361,-74.6574,CO,Colombia,CO-CUN,PAL
6154,SKPS,Antonio Nariño Airport,medium_airport,1.396722,-77.29093,CO,Colombia,CO-NAR,PSO
6155,SKPV,El Embrujo Airport,medium_airport,13.357461,-81.357977,CO,Colombia,CO-SAP,PVA
6156,SKPZ,Paz de Ariporo Airport,medium_airport,5.876146,-71.886671,CO,Colombia,CO-CAS,PZA
6157,SKQU,Mariquita Airport,medium_airport,5.21256,-74.8836,CO,Colombia,CO-TOL,MQU
6158,SKRG,Jose Maria Córdova International Airport,large_airport,6.16454,-75.4231,CO,Colombia,CO-ANT,MDE
6159,SKRH,Almirante Padilla Airport,medium_airport,11.5262,-72.926,CO,Colombia,CO-LAG,RCH
6160,SKSJ,Jorge E. Gonzalez Torres Airport,medium_airport,2.57969,-72.6394,CO,Colombia,CO-GUV,SJE
6161,SKSM,Simón Bolívar International Airport,medium_airport,11.1196,-74.2306,CO,Colombia,CO-MAG,SMR
6163,SKSP,Gustavo Rojas Pinilla International Airport,large_airport,12.5836,-81.7112,CO,Colombia,CO-SAP,ADZ
6164,SKSV,Eduardo Falla Solano Airport,medium_airport,2.15217,-74.7663,CO,Colombia,CO-CAQ,SVI
6168,SKTM,Gustavo Vargas Airport,medium_airport,6.45108,-71.7603,CO,Colombia,CO-ARA,TME
6169,SKTQ,Captain Ernesto Esguerra Cubides Air Base,medium_airport,0.7459,-75.234,CO,Colombia,CO-CAQ,TQS
6171,SKUC,Santiago Perez Airport,medium_airport,7.06888,-70.7369,CO,Colombia,CO-ARA,AUC
6172,SKUI,El Caraño Airport,medium_airport,5.69076,-76.6412,CO,Colombia,CO-CHO,UIB
6173,SKUL,Heriberto Gíl Martínez Airport,medium_airport,4.08836,-76.2351,CO,Colombia,CO-VAC,ULQ
6176,SKVP,Alfonso López Pumarejo Airport,medium_airport,10.435,-73.2495,CO,Colombia,CO-CES,VUP
6177,SKVV,Vanguardia Airport,medium_airport,4.16787,-73.6138,CO,Colombia,CO-MET,VVC
6178,SKYP,El Alcaravan - Yopal Airport,medium_airport,5.31911,-72.384,CO,Colombia,CO-CAS,EYP
6179,SLBJ,Bermejo Airport,medium_airport,-22.7733001709,-64.31289672850001,BO,"Bolivia, Plurinational State of",BO-T,BJO
6180,SLCB,Jorge Wilsterman International Airport,large_airport,-17.421105,-66.177102,BO,"Bolivia, Plurinational State of",BO-C,CBB
6182,SLCO,Capitán Aníbal Arab Airport,medium_airport,-11.039109,-68.782774,BO,"Bolivia, Plurinational State of",BO-N,CIJ
6183,SLET,El Trompillo Airport,medium_airport,-17.8115997314,-63.1715011597,BO,"Bolivia, Plurinational State of",BO-S,SRZ
6184,SLLP,El Alto International Airport,large_airport,-16.510272,-68.189416,BO,"Bolivia, Plurinational State of",BO-L,LPB
6185,SLOR,Juan Mendoza International Airport,large_airport,-17.956151,-67.075829,BO,"Bolivia, Plurinational State of",BO-O,ORU
6186,SLPO,Capitan Nicolas Rojas Airport,medium_airport,-19.543331,-65.723734,BO,"Bolivia, Plurinational State of",BO-P,POI
6187,SLPS,Capitán Av. Salvador Ogaya G. airport,medium_airport,-18.975301,-57.820599,BO,"Bolivia, Plurinational State of",BO-S,PSZ
6188,SLSA,Santa Ana Del Yacuma Airport,medium_airport,-13.7622003555,-65.4352035522,BO,"Bolivia, Plurinational State of",BO-B,SBL
6190,SLTJ,Capitan Oriel Lea Plaza Airport,medium_airport,-21.5557,-64.701302,BO,"Bolivia, Plurinational State of",BO-T,TJA
6191,SLTR,Teniente Av. Jorge Henrich Arauz Airport,medium_airport,-14.8187,-64.917999,BO,"Bolivia, Plurinational State of",BO-B,TDD
6192,SLVM,Teniente Coronel Rafael Pabón Airport,medium_airport,-21.2551994324,-63.4056015015,BO,"Bolivia, Plurinational State of",BO-T,VLM
6193,SLVR,Viru Viru International Airport,large_airport,-17.6448,-63.135399,BO,"Bolivia, Plurinational State of",BO-S,VVI
6194,SLYA,Yacuiba Airport,medium_airport,-21.960899353027344,-63.65169906616211,BO,"Bolivia, Plurinational State of",BO-T,BYC
6195,SMJP,Johan Adolf Pengel International Airport,large_airport,5.45283,-55.187801,SR,Suriname,SR-PR,PBM
6198,SOCA,Cayenne – Félix Eboué Airport,large_airport,4.819964,-52.361326,GF,French Guiana,GF-CY,CAY
6199,SOOG,Saint-Georges-de-l'Oyapock Airport,medium_airport,3.8976,-51.8041,GF,French Guiana,GF-CY,OYP
6202,SPAY,Teniente General Gerardo Pérez Pinedo Airport,medium_airport,-10.7291,-73.766502,PE,Peru,PE-UCA,AYX
6204,SPBR,Iberia Airport,medium_airport,-11.4116,-69.488701,PE,Peru,PE-MDD,IBP
6205,SPCL,Cap FAP David Abenzur Rengifo International Airport,large_airport,-8.378064,-74.574495,PE,Peru,PE-UCA,PCL
6208,SPEO,FAP Lieutenant Jaime Andres de Montreuil Morales Airport,medium_airport,-9.14961,-78.523804,PE,Peru,PE-ANC,CHM
6213,SPHI,Capitán FAP José A. Quiñones González International Airport,large_airport,-6.789223,-79.828254,PE,Peru,PE-LAM,CIX
6214,SPHO,Air Force Colonel Alfredo Mendivil Duarte Airport,medium_airport,-13.1548,-74.204399,PE,Peru,PE-AYA,AYP
6216,SPHZ,Comandante FAP German Arias Graziani Airport,medium_airport,-9.347439765930176,-77.59839630126953,PE,Peru,PE-ANC,ATA
6217,SPIM,Jorge Chávez International Airport,large_airport,-12.0219,-77.114305,PE,Peru,PE-LIM,LIM
6218,SPJA,Juan Simons Vela Airport,medium_airport,-6.06786,-77.160004,PE,Peru,PE-SAM,RIJ
6219,SPJE,Shumba Airport,medium_airport,-5.59248,-78.774002,PE,Peru,PE-CAJ,JAE
6220,SPJI,Juanjui Airport,medium_airport,-7.1691,-76.7286,PE,Peru,PE-SAM,JJI
6221,SPJJ,Francisco Carle Airport,medium_airport,-11.7831001282,-75.47339630130001,PE,Peru,PE-JUN,JAU
6222,SPJL,Inca Manco Capac International Airport,large_airport,-15.467689,-70.15653,PE,Peru,PE-PUN,JUL
6223,SPJR,Mayor General FAP Armando Revoredo Iglesias Airport,medium_airport,-7.13918,-78.489403,PE,Peru,PE-CAJ,CJA
6224,SPLO,General Jorge Fernandez Maldon Airport,medium_airport,-17.695,-71.344002,PE,Peru,PE-MOQ,ILQ
6226,SPME,Captain Pedro Canga Rodríguez International Airport,medium_airport,-3.552074,-80.381086,PE,Peru,PE-TUM,TBP
6228,SPMS,Moises Benzaquen Rengifo Airport,medium_airport,-5.89377,-76.118202,PE,Peru,PE-LOR,YMS
6229,SPNC,Alferez Fap David Figueroa Fernandini Airport,medium_airport,-9.878809928894045,-76.20480346679688,PE,Peru,PE-HUC,HUU
6231,SPPY,Chachapoyas Airport,medium_airport,-6.201911,-77.856195,PE,Peru,PE-AMA,CHH
6232,SPQT,Coronel FAP Francisco Secada Vignetta International Airport,large_airport,-3.78474,-73.3088,PE,Peru,PE-LOR,IQT
6233,SPQU,Rodríguez Ballón International Airport,large_airport,-16.340786,-71.569485,PE,Peru,PE-ARE,AQP
6235,SPRU,Capitán FAP Carlos Martínez de Pinillos International Airport,large_airport,-8.082382,-79.108821,PE,Peru,PE-LAL,TRU
6236,SPSO,Captain Renán Elías Olivera International Airport,large_airport,-13.7449,-76.220299,PE,Peru,PE-ICA,PIO
6237,SPST,Cadete FAP Guillermo Del Castillo Paredes Airport,medium_airport,-6.508739948272705,-76.37319946289062,PE,Peru,PE-SAM,TPP
6238,SPTN,Coronel FAP Carlos Ciriani Santa Rosa International Airport,medium_airport,-18.0533008575,-70.2758026123,PE,Peru,PE-TAC,TCQ
6239,SPTU,Padre Aldamiz International Airport,medium_airport,-12.6135997772,-69.2285995483,PE,Peru,PE-MDD,PEM
6240,SPUR,PAF Captain Guillermo Concha Iberico International Airport,medium_airport,-5.20575,-80.616402,PE,Peru,PE-PIU,PIU
6241,SPYL,Captain Victor Montes Arias International Airport,medium_airport,-4.57664,-81.254097,PE,Peru,PE-PIU,TYL
6242,SPZA,Maria Reiche Neuman Airport,medium_airport,-14.854,-74.961502,PE,Peru,PE-ICA,NZC
6243,SPZO,Alejandro Velasco Astete International Airport,large_airport,-13.535699844400002,-71.9387969971,PE,Peru,PE-CUS,CUZ
6245,SUDU,Santa Bernardina International Airport,medium_airport,-33.358898,-56.499199,UY,Uruguay,UY-DU,DZO
6246,SULS,Capitan Corbeta CA Curbelo International Airport,medium_airport,-34.855099,-55.094299,UY,Uruguay,UY-MA,PDP
6247,SUMU,Carrasco General Cesáreo L. Berisso International Airport,large_airport,-34.835647,-56.026497,UY,Uruguay,UY-CA,MVD
6248,SUSO,Nueva Hesperides International Airport,medium_airport,-31.438499,-57.985298,UY,Uruguay,UY-SA,STY
6249,SVAC,Oswaldo Guevara Mujica Airport,medium_airport,9.553375,-69.237869,VE,"Venezuela, Bolivarian Republic of",VE-P,AGV
6251,SVAN,Anaco Airport,medium_airport,9.430225,-64.470726,VE,"Venezuela, Bolivarian Republic of",VE-B,AAO
6255,SVBC,General José Antonio Anzoategui International Airport,large_airport,10.111111,-64.692222,VE,"Venezuela, Bolivarian Republic of",VE-B,BLA
6256,SVBI,Barinas Airport,medium_airport,8.615,-70.214167,VE,"Venezuela, Bolivarian Republic of",VE-E,BNS
6259,SVBM,Jacinto Lara International Airport,large_airport,10.042747,-69.35862,VE,"Venezuela, Bolivarian Republic of",VE-K,BRM
6261,SVBS,Escuela Mariscal Sucre Airport,medium_airport,10.249978,-67.649422,VE,"Venezuela, Bolivarian Republic of",VE-D,MYC
6262,SVCB,General Tomas de Heres Airport,medium_airport,8.122161,-63.536957,VE,"Venezuela, Bolivarian Republic of",VE-F,CBL
6263,SVCD,Caicara del Orinoco Airport,medium_airport,7.62551,-66.162804,VE,"Venezuela, Bolivarian Republic of",VE-F,CXA
6267,SVCL,Calabozo Airport,medium_airport,8.924656,-67.417091,VE,"Venezuela, Bolivarian Republic of",VE-J,CLZ
6268,SVCN,Canaima Airport,medium_airport,6.231989,-62.85485,VE,"Venezuela, Bolivarian Republic of",VE-F,CAJ
6270,SVCP,General Francisco Bermúdez Airport,medium_airport,10.660014,-63.261681,VE,"Venezuela, Bolivarian Republic of",VE-R,CUP
6271,SVCR,José Leonardo Chirinos Airport,medium_airport,11.414944,-69.680901,VE,"Venezuela, Bolivarian Republic of",VE-I,CZE
6273,SVCU,Antonio José de Sucre Airport,medium_airport,10.450333,-64.13047,VE,"Venezuela, Bolivarian Republic of",VE-R,CUM
6277,SVED,El Dorado Airport,medium_airport,6.71573,-61.638786,VE,"Venezuela, Bolivarian Republic of",VE-F,EOR
6281,SVEZ,Elorza Airport,medium_airport,7.059677,-69.4967,VE,"Venezuela, Bolivarian Republic of",VE-C,EOZ
6285,SVGD,Guasdualito Airport,medium_airport,7.210834,-70.756386,VE,"Venezuela, Bolivarian Republic of",VE-C,GDO
6286,SVGI,Guiria Airport,medium_airport,10.5740776062,-62.3126678467,VE,"Venezuela, Bolivarian Republic of",VE-R,GUI
6287,SVGU,Guanare Airport,medium_airport,9.026944,-69.75515,VE,"Venezuela, Bolivarian Republic of",VE-P,GUQ
6292,SVJC,Josefa Camejo International Airport,medium_airport,11.780775,-70.151497,VE,"Venezuela, Bolivarian Republic of",VE-I,LSP
6294,SVLF,La Fria Airport,medium_airport,8.239167,-72.271027,VE,"Venezuela, Bolivarian Republic of",VE-S,LFR
6297,SVMC,La Chinita International Airport,large_airport,10.557542,-71.729307,VE,"Venezuela, Bolivarian Republic of",VE-V,MAR
6298,SVMD,Alberto Carnevalli Airport,medium_airport,8.582078,-71.161041,VE,"Venezuela, Bolivarian Republic of",VE-L,MRD
6299,SVMG,Del Caribe Santiago Mariño International Airport,large_airport,10.912603,-63.966599,VE,"Venezuela, Bolivarian Republic of",VE-O,PMV
6300,SVMI,Maiquetía Simón Bolívar International Airport,large_airport,10.602214,-66.991174,VE,"Venezuela, Bolivarian Republic of",VE-X,CCS
6302,SVMT,José Tadeo Monagas International Airport,medium_airport,9.749023,-63.153348,VE,"Venezuela, Bolivarian Republic of",VE-N,MUN
6309,SVPA,Cacique Aramare Airport,medium_airport,5.61999,-67.606102,VE,"Venezuela, Bolivarian Republic of",VE-Z,PYH
6310,SVPC,General Bartolome Salom International Airport,medium_airport,10.4805,-68.072998,VE,"Venezuela, Bolivarian Republic of",VE-G,PBL
6312,SVPM,Paramillo Airport,medium_airport,7.80132,-72.202904,VE,"Venezuela, Bolivarian Republic of",VE-S,SCI
6315,SVPR,General Manuel Carlos Piar International Airport,large_airport,8.28853,-62.760399,VE,"Venezuela, Bolivarian Republic of",VE-F,PZO
6316,SVPT,Palmarito Airport,medium_airport,7.575479,-70.174435,VE,"Venezuela, Bolivarian Republic of",VE-C,PTM
6321,SVSA,Juan Vicente Gómez International Airport,medium_airport,7.840809,-72.439878,VE,"Venezuela, Bolivarian Republic of",VE-S,SVZ
6323,SVSE,Santa Elena de Uairén Airport,medium_airport,4.554699,-61.145234,VE,"Venezuela, Bolivarian Republic of",VE-F,SNV
6325,SVSO,Mayor Buenaventura Vivas International Airport,medium_airport,7.56538,-72.035103,VE,"Venezuela, Bolivarian Republic of",VE-S,STD
6326,SVSP,Sub Teniente Nestor Arias Airport,medium_airport,10.2787,-68.755203,VE,"Venezuela, Bolivarian Republic of",VE-U,SNF
6327,SVSR,San Fernando de Apure Las Flecheras National Airport,medium_airport,7.88332,-67.444,VE,"Venezuela, Bolivarian Republic of",VE-C,SFD
6328,SVST,San Tomé Airport,medium_airport,8.9451465606689,-64.151084899902,VE,"Venezuela, Bolivarian Republic of",VE-B,SOM
6329,SVSZ,Miguel Urdaneta Fernández Airport,medium_airport,8.97455,-71.943253,VE,"Venezuela, Bolivarian Republic of",VE-V,STB
6330,SVTC,Tucupita Airport,medium_airport,9.088994,-62.094173,VE,"Venezuela, Bolivarian Republic of",VE-Y,TUV
6332,SVTM,Tumeremo Airport,medium_airport,7.24938,-61.52893,VE,"Venezuela, Bolivarian Republic of",VE-F,TMO
6334,SVVA,Arturo Michelena International Airport,large_airport,10.149733,-67.928398,VE,"Venezuela, Bolivarian Republic of",VE-G,VLN
6335,SVVG,Juan Pablo Pérez Alfonso Airport,medium_airport,8.624139,-71.672668,VE,"Venezuela, Bolivarian Republic of",VE-L,VIG
6336,SVVL,Dr. Antonio Nicolás Briceño Airport,medium_airport,9.340478,-70.584061,VE,"Venezuela, Bolivarian Republic of",VE-T,VLV
6337,SVVP,Valle de La Pascua Airport,medium_airport,9.22202777863,-65.9935836792,VE,"Venezuela, Bolivarian Republic of",VE-J,VDP
6356,SYCJ,Cheddi Jagan International Airport,large_airport,6.49855,-58.254101,GY,Guyana,GY-DE,GEO
6358,SYLT,Lethem Airport,medium_airport,3.37276,-59.789398,GY,Guyana,GY-UT,LTM
6359,TAPA,V. C. Bird International Airport,large_airport,17.1367,-61.792702,AG,Antigua and Barbuda,AG-03,ANU
6360,TBPB,Grantley Adams International Airport,large_airport,13.074667,-59.491034,BB,Barbados,BB-01,BGI
6361,TDCF,Canefield Airport,medium_airport,15.336693,-61.392108,DM,Dominica,DM-10,DCF
6362,TDPD,Douglas-Charles Airport,medium_airport,15.546673,-61.301082,DM,Dominica,DM-02,DOM
6363,TFFF,Martinique Aimé Césaire International Airport,large_airport,14.591,-61.003201,MQ,Martinique,MQ-U-A,FDF
6364,TFFG,Grand Case-l'Espérance Airport,medium_airport,18.100057,-63.047444,MF,Saint Martin (French part),MF-U-A,SFG
6365,TFFM,Marie-Galante Airport,medium_airport,15.868925,-61.270087,GP,Guadeloupe,GP-U-A,GBJ
6366,TFFR,Maryse Condé International Airport,large_airport,16.265443,-61.532754,GP,Guadeloupe,GP-U-A,PTP
6367,TGPY,Maurice Bishop International Airport,large_airport,12.003996,-61.785302,GD,Grenada,GD-GE,GND
6369,TIST,Cyril E. King Airport,large_airport,18.337091,-64.977251,VI,Virgin Islands (U.S.),VI-ST,STT
6370,TISX,Henry E. Rohlsen Airport,medium_airport,17.701413,-64.802608,VI,Virgin Islands (U.S.),VI-SC,STX
6377,UTDK,Kulob International Airport,large_airport,37.988098,69.805,TJ,Tajikistan,TJ-KT,TJU
6378,TJAB,Antonio Nery Juarbe Pol Airport,medium_airport,18.45085,-66.675768,PR,Puerto Rico,PR-U-A,ARE
6379,TJBQ,Rafael Hernández International Airport,medium_airport,18.4949,-67.129402,PR,Puerto Rico,PR-U-A,BQN
6381,TJIG,Fernando Luis Ribas Dominicci Airport,medium_airport,18.45680046081543,-66.09809875488281,PR,Puerto Rico,PR-U-A,SIG
6382,TJMZ,Eugenio Maria De Hostos Airport,medium_airport,18.255699157714844,-67.14849853515625,PR,Puerto Rico,PR-U-A,MAZ
6383,TJPS,Mercedita International Airport,medium_airport,18.008301,-66.563004,PR,Puerto Rico,PR-U-A,PSE
6384,TJSJ,Luis Munoz Marin International Airport,large_airport,18.4394,-66.001801,PR,Puerto Rico,PR-U-A,SJU
6385,TJVQ,Antonio Rivera Rodriguez Airport,medium_airport,18.1348,-65.493599,PR,Puerto Rico,PR-U-A,VQS
6386,TKPK,Robert L. Bradshaw International Airport,large_airport,17.310845,-62.719117,KN,Saint Kitts and Nevis,KN-U-A,SKB
6387,TKPN,Vance W. Amory International Airport,medium_airport,17.2057,-62.589901,KN,Saint Kitts and Nevis,KN-U-A,NEV
6388,TLPC,George F. L. Charles Airport,medium_airport,14.0202,-60.992901,LC,Saint Lucia,LC-02,SLU
6389,TLPL,Hewanorra International Airport,large_airport,13.7332,-60.952599,LC,Saint Lucia,LC-11,UVF
6402,TNCA,Queen Beatrix International Airport,large_airport,12.501056,-70.014281,AW,Aruba,AW-U-A,AUA
6403,TNCB,Flamingo International Airport,large_airport,12.131,-68.268501,BQ,"Bonaire, Sint Eustatius and Saba",BQ-BO,BON
6404,TNCC,Hato International Airport,large_airport,12.1889,-68.959801,CW,Curaçao,CW-U-A,CUR
6405,TNCE,F. D. Roosevelt Airport,medium_airport,17.4965,-62.979401,BQ,"Bonaire, Sint Eustatius and Saba",BQ-SE,EUX
6406,TNCM,Princess Juliana International Airport,large_airport,18.041,-63.108898,SX,Sint Maarten (Dutch part),SX-U-A,SXM
6407,TQPF,Clayton J. Lloyd International Airport,medium_airport,18.204773,-63.05383,AI,Anguilla,AI-U-A,AXA
6409,TTCP,A.N.R. Robinson International Airport,large_airport,11.149571,-60.831298,TT,Trinidad and Tobago,TT-TOB,TAB
6410,TTPP,Piarco International Airport,large_airport,10.597811,-61.337463,TT,Trinidad and Tobago,TT-TUP,POS
6411,TUPJ,Terrance B. Lettsome International Airport,large_airport,18.445492,-64.541707,VG,Virgin Islands (British),VG-U-A,EIS
6412,TVSB,J F Mitchell Airport,medium_airport,12.9884,-61.262001,VC,Saint Vincent and the Grenadines,VC-06,BQU
6413,TVSC,Canouan Airport,medium_airport,12.699,-61.3424,VC,Saint Vincent and the Grenadines,VC-06,CIW
6414,TVSM,Mustique Airport,medium_airport,12.8879,-61.180199,VC,Saint Vincent and the Grenadines,VC-06,MQS
6416,TXKF,L.F. Wade International Airport,large_airport,32.363802,-64.67824,BM,Bermuda,BM-U-A,BDA
6420,UKLH,Khmelnytskyi Airport,medium_airport,49.359699,26.933399,UA,Ukraine,UA-68,HMJ
6421,UAAA,Almaty International Airport,large_airport,43.354267,77.042828,KZ,Kazakhstan,KZ-ALA,ALA
6422,UAAH,Balkhash Airport,medium_airport,46.894246,75.004533,KZ,Kazakhstan,KZ-KAR,BXH
6423,UACC,Nursultan Nazarbayev International Airport,large_airport,51.027035,71.467094,KZ,Kazakhstan,KZ-AST,NQZ
6424,UADD,Taraz International Airport,large_airport,42.8536,71.303596,KZ,Kazakhstan,KZ-ZHA,DMB
6425,UCFL,Issyk-Kul International Airport,large_airport,42.585584,76.701181,KG,Kyrgyzstan,KG-Y,IKU
6426,UAFM,Manas International Airport,large_airport,43.061298,74.4776,KG,Kyrgyzstan,KG-C,BSZ
6427,UAFO,Osh International Airport,large_airport,40.609001,72.793297,KG,Kyrgyzstan,KG-O,OSS
6429,UAII,Shymkent International Airport,large_airport,42.365021,69.47564,KZ,Kazakhstan,KZ-YUZ,CIT
6430,UAKD,Zhezkazgan National Airport,large_airport,47.708953,67.738094,KZ,Kazakhstan,KZ-ULY,DZN
6431,UAKK,Sary-Arka Airport,large_airport,49.670799,73.334396,KZ,Kazakhstan,KZ-KAR,KGF
6432,UARR,Manshuk Mametova International Airport,large_airport,51.151976,51.543652,KZ,Kazakhstan,KZ-ZAP,URA
6433,UASK,Oskemen International Airport,large_airport,50.035033,82.496057,KZ,Kazakhstan,KZ-VOS,UKK
6434,UASP,Pavlodar International Airport,large_airport,52.194982,77.073088,KZ,Kazakhstan,KZ-PAV,PWQ
6435,UASS,Semei International Airport,large_airport,50.351295,80.234398,KZ,Kazakhstan,KZ-ABA,PLX
6436,UATE,Aktau International Airport,large_airport,43.860093,51.09086,KZ,Kazakhstan,KZ-MAN,SCO
6437,UATG,Atyrau International Airport,large_airport,47.121318,51.820343,KZ,Kazakhstan,KZ-ATY,GUW
6438,UATT,Aktobe International Airport,large_airport,50.248116,57.204144,KZ,Kazakhstan,KZ-AKT,AKX
6439,UAUU,Kostanay International Airport,large_airport,53.206902,63.550301,KZ,Kazakhstan,KZ-KUS,KSN
6440,UBBB,Heydar Aliyev International Airport,large_airport,40.47278,50.050931,AZ,Azerbaijan,AZ-BA,GYD
6441,UBBG,Ganja International Airport,large_airport,40.738692,46.320383,AZ,Azerbaijan,AZ-GA,GNJ
6442,UBBN,Nakhchivan International Airport,large_airport,39.188801,45.458401,AZ,Azerbaijan,AZ-NX,NAJ
6444,UDSG,Shirak International Airport,large_airport,40.750401,43.859299,AM,Armenia,AM-SH,LWN
6446,UDYZ,Zvartnots International Airport,large_airport,40.148941,44.397887,AM,Armenia,AM-ER,EVN
6447,UEEE,Platon Oyunsky Yakutsk International Airport,large_airport,62.0933,129.770996,RU,Russian Federation,RU-SA,YKS
6448,UERP,Polyarny Airport,medium_airport,66.400398,112.029999,RU,Russian Federation,RU-SA,PYJ
6449,UERR,Mirny Airport,medium_airport,62.534698486328125,114.03900146484376,RU,Russian Federation,RU-SA,MJZ
6450,UEST,Tiksi Airport,medium_airport,71.697700500488,128.90299987793,RU,Russian Federation,RU-SA,IKS
6451,UGKO,David the Builder Kutaisi International Airport,large_airport,42.177448,42.485353,GE,Georgia,GE-IM,KUT
6452,UGSB,Alexander Kartveli Batumi International Airport,large_airport,41.60939,41.600315,GE,Georgia,GE-AJ,BUS
6453,UGTB,Tbilisi International Airport,large_airport,41.669201,44.9547,GE,Georgia,GE-TB,TBS
6454,UHBB,Ignatyevo Airport,medium_airport,50.42539978027344,127.41200256347656,RU,Russian Federation,RU-AMU,BQS
6455,UHHH,Khabarovsk Novy Airport,medium_airport,48.528338,135.188588,RU,Russian Federation,RU-KHA,KHV
6456,UHMA,Ugolny Yuri Ryktheu Airport,medium_airport,64.734902,177.740997,RU,Russian Federation,RU-CHU,DYR
6457,UHMD,Provideniya Bay Airport,medium_airport,64.37809753417969,-173.2429962158203,RU,Russian Federation,RU-CHU,PVS
6458,UHMM,Sokol Airport,medium_airport,59.9109992980957,150.72000122070312,RU,Russian Federation,RU-MAG,GDX
6459,UHMP,Pevek Airport,medium_airport,69.783302,170.597,RU,Russian Federation,RU-CHU,PWE
6460,UHPP,Yelizovo Airport,large_airport,53.168716,158.451068,RU,Russian Federation,RU-KAM,PKC
6461,UHSS,Yuzhno-Sakhalinsk International Airport,large_airport,46.885461,142.717466,RU,Russian Federation,RU-SAK,UUS
6462,UHWW,Vladivostok International Airport,large_airport,43.396256,132.148155,RU,Russian Federation,RU-PRI,VVO
6463,UIAA,Chita-Kadala International Airport,large_airport,52.024841,113.305839,RU,Russian Federation,RU-ZAB,HTA
6464,UIBB,Bratsk Airport,medium_airport,56.3696,101.701822,RU,Russian Federation,RU-IRK,BTK
6465,UIII,Irkutsk International Airport,large_airport,52.266707,104.395563,RU,Russian Federation,RU-IRK,IKT
6466,UIUU,Baikal International Airport,large_airport,51.808614,107.439652,RU,Russian Federation,RU-BU,UUD
6467,UKBB,Boryspil International Airport,medium_airport,50.345001,30.894699,UA,Ukraine,UA-32,KBP
6469,UKCM,Mariupol International Airport,medium_airport,47.07609939575195,37.44960021972656,UA,Ukraine,UA-14,MPW
6471,UKDD,Dnipro International Airport,medium_airport,48.357201,35.100601,UA,Ukraine,UA-12,DNK
6472,UKDE,Zaporizhzhia International Airport,large_airport,47.866962,35.314723,UA,Ukraine,UA-23,OZH
6473,UKDR,Kryvyi Rih International Airport,medium_airport,48.04330062866211,33.209999084472656,UA,Ukraine,UA-12,KWG
6474,UKFF,Simferopol International Airport,large_airport,45.0522,33.975101,UA,Ukraine,UA-43,SIP
6476,UKHH,Kharkiv International Airport,medium_airport,49.926943,36.290814,UA,Ukraine,UA-U-A,HRK
6477,UKKE,Cherkasy International Airport,medium_airport,49.4156,31.9953,UA,Ukraine,UA-71,CKC
6478,UKKK,Ihor Sikorsky Kyiv International Airport (Zhuliany),medium_airport,50.40194,30.45194,UA,Ukraine,UA-30,IEV
6480,UKLI,Ivano-Frankivsk International Airport,medium_airport,48.88420104980469,24.686100006103516,UA,Ukraine,UA-26,IFO
6481,UKLL,Lviv International Airport,large_airport,49.8125,23.9561,UA,Ukraine,UA-46,LWO
6482,UKLN,Chernivtsi International Airport,medium_airport,48.259300231933594,25.98080062866211,UA,Ukraine,UA-77,CWC
6483,UKLR,Rivne International Airport,medium_airport,50.60710144042969,26.141599655151367,UA,Ukraine,UA-19,RWN
6485,UKLU,Uzhhorod International Airport,large_airport,48.6343,22.263399,UA,Ukraine,UA-21,UDJ
6487,UKOO,Odesa International Airport,large_airport,46.427196,30.672649,UA,Ukraine,UA-51,ODS
6488,ULAA,Talagi Airport,medium_airport,64.60030364990234,40.71670150756836,RU,Russian Federation,RU-ARK,ARH
6489,ULLI,Pulkovo Airport,large_airport,59.800301,30.262501,RU,Russian Federation,RU-SPE,LED
6490,ULMM,Emperor Nicholas II Murmansk Airport,large_airport,68.7817,32.750801,RU,Russian Federation,RU-MUR,MMK
6491,ULOO,Princess Olga Pskov International Airport,medium_airport,57.781316,28.39384,RU,Russian Federation,RU-PSK,PKV
6492,ULPB,Petrozavodsk Airport,medium_airport,61.885201,34.154701,RU,Russian Federation,RU-KR,PES
6495,UMBB,Brest International Airport,large_airport,52.108138,23.89676,BY,Belarus,BY-BR,BQT
6496,UMGG,Gomel Airport,medium_airport,52.527000427246094,31.016700744628903,BY,Belarus,BY-HO,GME
6497,UMII,Vitebsk Vostochny Airport,medium_airport,55.126499176025,30.349599838257,BY,Belarus,BY-VI,VTB
6498,UMKK,Khrabrovo Airport,large_airport,54.89161,20.598559,RU,Russian Federation,RU-KGD,KGD
6499,UMMG,Hrodna Airport,medium_airport,53.602001,24.053801,BY,Belarus,BY-HR,GNA
6501,UMMS,Minsk National Airport,large_airport,53.888071,28.039964,BY,Belarus,BY-MI,MSQ
6502,UMOO,Mogilev Airport,medium_airport,53.95489883422851,30.09510040283203,BY,Belarus,BY-MA,MVQ
6503,UNAA,Abakan International Airport,large_airport,53.740002,91.385002,RU,Russian Federation,RU-KK,ABA
6504,UNBB,Barnaul Gherman Titov International Airport,large_airport,53.361285,83.539701,RU,Russian Federation,RU-ALT,BAX
6505,UNEE,Alexei Leonov Kemerovo International Airport,large_airport,55.2701,86.107201,RU,Russian Federation,RU-KEM,KEJ
6506,UNKL,Krasnoyarsk International Airport,large_airport,56.175743,92.485788,RU,Russian Federation,RU-KYA,KJA
6507,UNNT,Novosibirsk Tolmachevo Airport,large_airport,55.019756,82.618675,RU,Russian Federation,RU-NVS,OVB
6508,UNOO,Omsk Central Airport,large_airport,54.963124,73.312418,RU,Russian Federation,RU-OMS,OMS
6509,UOHH,Khatanga Airport,medium_airport,71.97810363769531,102.49099731445312,RU,Russian Federation,RU-KYA,HTG
6510,UOOO,Alykel International Airport,large_airport,69.307951,87.325906,RU,Russian Federation,RU-KYA,NSK
6511,URKA,Anapa Vityazevo Airport,medium_airport,45.002102,37.347301,RU,Russian Federation,RU-KDA,AAQ
6512,URKK,Krasnodar Pashkovsky International Airport,large_airport,45.034465,39.174215,RU,Russian Federation,RU-KDA,KRR
6513,URML,Makhachkala Uytash International Airport,large_airport,42.816799,47.652302,RU,Russian Federation,RU-DA,MCX
6514,URMM,Mineralnye Vody Airport,large_airport,44.225101,43.081902,RU,Russian Federation,RU-STA,MRV
6515,URMN,Nalchik Airport,medium_airport,43.512901,43.6366,RU,Russian Federation,RU-KB,NAL
6516,URMO,Vladikavkaz Beslan International Airport,medium_airport,43.205101,44.606602,RU,Russian Federation,RU-SE,OGZ
6517,URMT,Stavropol Shpakovskoye Airport,medium_airport,45.10919952392578,42.11280059814453,RU,Russian Federation,RU-STA,STW
6519,URSS,Sochi International Airport,large_airport,43.449902,39.9566,RU,Russian Federation,RU-KDA,AER
6520,URWA,Astrakhan Narimanovo Boris M. Kustodiev International Airport,large_airport,46.282843,48.010511,RU,Russian Federation,RU-AST,ASF
6521,URWI,Elista Airport,medium_airport,46.3739013671875,44.33089828491211,RU,Russian Federation,RU-KL,ESL
6522,URWW,Volgograd International Airport,large_airport,48.78134,44.339194,RU,Russian Federation,RU-VGG,VOG
6924,07FA,Ocean Reef Club Airport,medium_airport,25.325399,-80.274803,US,United States of America,US-FL,OCA
12243,5A8,Aleknagik / New Airport,medium_airport,59.2826004028,-158.617996216,US,United States of America,US-AK,WKK
16091,KABQ,Albuquerque International Sunport,large_airport,35.039976,-106.608925,US,United States of America,US-NM,ABQ
16092,PADK,Adak Airport,medium_airport,51.883564,-176.642783,US,United States of America,US-AK,ADK
16291,PANI,Aniak Airport,medium_airport,61.581600189208984,-159.54299926757812,US,United States of America,US-AK,ANI
17619,PAHC,Holy Cross Airport,medium_airport,62.18830108642578,-159.77499389648438,US,United States of America,US-AK,HCR
18945,K61B,Boulder City Municipal Airport,medium_airport,35.947161,-114.858799,US,United States of America,US-NV,BLD
18966,K67L,Mesquite Airport,medium_airport,36.833105,-114.055928,US,United States of America,US-NV,MFH
19235,KADH,Ada Regional Airport,medium_airport,34.805214,-96.671988,US,United States of America,US-OK,ADT
19257,KAIA,Alliance Municipal Airport,medium_airport,42.052543,-102.803965,US,United States of America,US-NE,AIA
19275,KALS,San Luis Valley Regional Airport/Bergman Field,medium_airport,37.434898,-105.866997,US,United States of America,US-CO,ALS
19291,KAPA,Centennial Airport,medium_airport,39.57009888,-104.848999,US,United States of America,US-CO,APA
19293,KAPF,Naples Municipal Airport,medium_airport,26.1525993347,-81.7752990723,US,United States of America,US-FL,APF
19301,KARA,Acadiana Regional Airport,medium_airport,30.0378,-91.883904,US,United States of America,US-LA,ARA
19308,KASE,Aspen-Pitkin County Airport (Sardy Field),medium_airport,39.223202,-106.869003,US,United States of America,US-CO,ASE
19314,KAST,Astoria Regional Airport,medium_airport,46.158000946,-123.878997803,US,United States of America,US-OR,AST
19320,KATW,Appleton International Airport,medium_airport,44.258515,-88.519,US,United States of America,US-WI,ATW
19321,KAUG,Augusta State Airport,medium_airport,44.320598602299995,-69.7973022461,US,United States of America,US-ME,AUG
19326,KAUW,Wausau Downtown Airport,medium_airport,44.9262008667,-89.6266021729,US,United States of America,US-WI,AUW
19353,KBBD,Curtis Field,medium_airport,31.178931,-99.324732,US,United States of America,US-TX,BBD
19357,KBCE,Bryce Canyon Airport,medium_airport,37.706401825,-112.144996643,US,United States of America,US-UT,BCE
19359,KBCT,Boca Raton Airport,medium_airport,26.3785,-80.107697,US,United States of America,US-FL,BCT
19373,KBHB,Hancock County-Bar Harbor Airport,medium_airport,44.45000076,-68.3615036,US,United States of America,US-ME,BHB
19377,KBIH,Eastern Sierra Regional Airport,medium_airport,37.3731,-118.363998,US,United States of America,US-CA,BIH
19380,KBJI,Bemidji Regional Airport,medium_airport,47.50939941,-94.93370056,US,United States of America,US-MN,BJI
19387,KBLF,Mercer County Airport,medium_airport,37.295799,-81.207703,US,United States of America,US-WV,BLF
19388,KBLH,Blythe Airport,medium_airport,33.6192016602,-114.717002869,US,United States of America,US-CA,BLH
19397,KBNO,Burns Municipal Airport,medium_airport,43.590463,-118.955154,US,United States of America,US-OR,BNO
19401,KBPI,Miley Memorial Field,medium_airport,42.58509827,-110.1110001,US,United States of America,US-WY,BPI
19402,KBPK,Ozark Regional Airport,medium_airport,36.3689002991,-92.4704971313,US,United States of America,US-AR,WMH
19406,KBRD,Brainerd Lakes Regional Airport,medium_airport,46.402861,-94.129727,US,United States of America,US-MN,BRD
19417,KBVI,Beaver County Airport,medium_airport,40.772499,-80.391403,US,United States of America,US-PA,BFP
19429,KBYI,Burley Municipal Airport,medium_airport,42.542598724399994,-113.772003174,US,United States of America,US-ID,BYI
19430,KBYS,Bicycle Lake Army Air Field,medium_airport,35.2804985046,-116.629997253,US,United States of America,US-CA,BYS
19469,KCCR,Buchanan Field,medium_airport,37.9897,-122.056999,US,United States of America,US-CA,CCR
19470,KCCY,Northeast Iowa Regional Airport,medium_airport,43.0726013184,-92.6108016968,US,United States of America,US-IA,CCY
19474,KCDR,Chadron Municipal Airport,medium_airport,42.837601,-103.095001,US,United States of America,US-NE,CDR
19475,KCDS,Childress Municipal Airport,medium_airport,34.4337997437,-100.288002014,US,United States of America,US-TX,CDS
19482,KCEZ,Cortez Municipal Airport,medium_airport,37.303001,-108.627998,US,United States of America,US-CO,CEZ
19527,KCNU,Chanute Martin Johnson Airport,medium_airport,37.668173,-95.486727,US,United States of America,US-KS,CNU
19529,KCNY,Canyonlands Regional Airport,medium_airport,38.755001,-109.754997,US,United States of America,US-UT,CNY
19530,KCOD,Yellowstone Regional Airport,medium_airport,44.520199,-109.024002,US,United States of America,US-WY,COD
19531,KCOE,Coeur D'Alene Airport - Pappy Boyington Field,medium_airport,47.7743,-116.82,US,United States of America,US-ID,COE
19534,KCON,Concord Municipal Airport,medium_airport,43.20270157,-71.50229645,US,United States of America,US-NH,CON
19549,KCRE,Grand Strand Airport,medium_airport,33.8116989136,-78.72389984130001,US,United States of America,US-SC,CRE
19550,KCRG,Jacksonville Executive at Craig Airport,medium_airport,30.3362998962,-81.51439666750001,US,United States of America,US-FL,CRG
19552,KCRQ,McClellan-Palomar Airport,medium_airport,33.1283,-117.279999,US,United States of America,US-CA,CLD
19564,KCUB,Jim Hamilton L.B. Owens Airport,medium_airport,33.970500946,-80.9952011108,US,United States of America,US-SC,CUB
19569,KCVN,Clovis Municipal Airport,medium_airport,34.426594,-103.078794,US,United States of America,US-NM,CVN
19571,KCWA,Central Wisconsin Airport,medium_airport,44.777448,-89.670238,US,United States of America,US-WI,CWA
19577,KCXP,Carson Airport,medium_airport,39.194331,-119.734312,US,United States of America,US-NV,CSN
19615,KDAG,Barstow Daggett Airport,medium_airport,34.85369873,-116.7870026,US,United States of America,US-CA,DAG
19628,KDHT,Dalhart Municipal Airport,medium_airport,36.0225982666,-102.54699707,US,United States of America,US-TX,DHT
19630,KDIK,Dickinson Theodore Roosevelt Regional Airport,medium_airport,46.797533,-102.801905,US,United States of America,US-ND,DIK
19640,KDLS,Columbia Gorge Regional Airport,medium_airport,45.620979,-121.170777,US,United States of America,US-OR,DLS
19644,KDNL,Daniel Field,medium_airport,33.4664993286,-82.0393981934,US,United States of America,US-GA,DNL
19648,KDPA,Dupage Airport,medium_airport,41.90779877,-88.24859619,US,United States of America,US-IL,DPA
19652,KDRA,Desert Rock Airport,medium_airport,36.6194,-116.032997,US,United States of America,US-NV,DRA
19654,KDRO,Durango La Plata County Airport,medium_airport,37.151501,-107.753998,US,United States of America,US-CO,DRO
19655,KDRT,Del Rio International Airport,medium_airport,29.3742008209,-100.927001953,US,United States of America,US-TX,DRT
19661,KDTS,Destin Executive Airport,medium_airport,30.400101,-86.471497,US,United States of America,US-FL,DSI
19662,KDUA,Durant Regional Airport - Eaker Field,medium_airport,33.939675,-96.395072,US,United States of America,US-OK,DUA
19664,KDUG,Bisbee Douglas International Airport,medium_airport,31.464139,-109.60456,US,United States of America,US-AZ,DUG
19668,KDVL,Devils Lake Regional Airport,medium_airport,48.115454,-98.908796,US,United States of America,US-ND,DVL
19676,KDXR,Danbury Municipal Airport,medium_airport,41.371656,-73.482227,US,United States of America,US-CT,DXR
19716,KEAR,Kearney Regional Airport,medium_airport,40.727001,-99.006798,US,United States of America,US-NE,EAR
19717,KEAT,Pangborn Memorial Airport,medium_airport,47.398899,-120.207001,US,United States of America,US-WA,EAT
19727,KEED,Needles Airport,medium_airport,34.7663002014,-114.623001099,US,United States of America,US-CA,EED
19731,KEFD,Ellington Airport,medium_airport,29.6072998047,-95.1587982178,US,United States of America,US-TX,EFD
19735,KEGI,Duke Field,medium_airport,30.65040016,-86.52290344,US,United States of America,US-FL,EGI
19753,KELY,Ely Airport Yelland Field,medium_airport,39.29970169,-114.8420029,US,United States of America,US-NV,ELY
19760,KENV,Wendover Airport,medium_airport,40.7187004089,-114.03099823,US,United States of America,US-UT,ENV
19770,KESC,Delta County Airport,medium_airport,45.723199,-87.088623,US,United States of America,US-MI,ESC
19782,KEVW,Evanston-Uinta County Airport-Burns Field,medium_airport,41.27479935,-111.0350037,US,United States of America,US-WY,EVW
19843,KFAF,Felker Army Air Field,medium_airport,37.1325,-76.608803,US,United States of America,US-VA,FAF
19851,KFCS,Butts AAF (Fort Carson) Air Field,medium_airport,38.67839813,-104.7570038,US,United States of America,US-CO,FCS
19857,KFDY,Findlay Airport,medium_airport,41.0135002136,-83.66870117190001,US,United States of America,US-OH,FDY
19868,KFHR,Friday Harbor Airport,medium_airport,48.523654,-123.024645,US,United States of America,US-WA,FRD
19872,KFKL,Venango Regional Airport,medium_airport,41.3778991699,-79.8603973389,US,United States of America,US-PA,FKL
19881,KFMN,Four Corners Regional Airport,medium_airport,36.741199,-108.230003,US,United States of America,US-NM,FMN
19882,KFMY,Page Field,medium_airport,26.58659935,-81.86329650879999,US,United States of America,US-FL,FMY
19885,KFNL,Northern Colorado Regional Airport,medium_airport,40.44969,-105.011272,US,United States of America,US-CO,FNL
19900,KFST,Fort Stockton Pecos County Airport,medium_airport,30.9157009125,-102.916000366,US,United States of America,US-TX,FST
19912,KFXE,Fort Lauderdale Executive Airport,medium_airport,26.1972999573,-80.1707000732,US,United States of America,US-FL,FXE
19929,KGCC,Northeast Wyoming Regional Airport,medium_airport,44.3489,-105.539001,US,United States of America,US-WY,GCC
19936,KGDV,Dawson Community Airport,medium_airport,47.137658,-104.80691,US,United States of America,US-MT,GDV
19956,KGLD,Goodland Municipal Airport,medium_airport,39.370701,-101.699753,US,United States of America,US-KS,GLD
19958,KGLH,Mid Delta Regional Airport,medium_airport,33.482899,-90.985603,US,United States of America,US-MS,GLH
19963,KGMU,Greenville Downtown Airport,medium_airport,34.847903,-82.350217,US,United States of America,US-SC,GMU
19982,KGTR,Golden Triangle Regional Airport,medium_airport,33.450298,-88.5914,US,United States of America,US-MS,GTR
19984,KGUC,Gunnison Crested Butte Regional Airport,medium_airport,38.534672,-106.934566,US,United States of America,US-CO,GUC
19985,KGUY,Guymon Municipal Airport,medium_airport,36.6851005554,-101.508003235,US,United States of America,US-OK,GUY
19997,KGYI,North Texas Regional Airport Perrin Field,medium_airport,33.7141,-96.673698,US,United States of America,US-TX,PNX
20027,KHBG,Hattiesburg Bobby L Chain Municipal Airport,medium_airport,31.26479912,-89.25279999,US,United States of America,US-MS,HBG
20029,KHBR,Hobart Regional Airport,medium_airport,34.991317,-99.051313,US,United States of America,US-OK,HBR
20038,KHDN,Yampa Valley Airport,medium_airport,40.481201,-107.218002,US,United States of America,US-CO,HDN
20041,KHEF,Manassas Regional Airport/Harry P. Davis Field,medium_airport,38.721401,-77.515404,US,United States of America,US-VA,MNZ
20053,KHII,Lake Havasu City Airport,medium_airport,34.570506,-114.357745,US,United States of America,US-AZ,HII
20054,KHIO,Portland Hillsboro Airport,medium_airport,45.540401,-122.949997,US,United States of America,US-OR,HIO
20061,KHLG,Wheeling Ohio County Airport,medium_airport,40.1749992371,-80.6463012695,US,United States of America,US-WV,HLG
20071,KHOB,Lea County Regional Airport,medium_airport,32.6875,-103.217003,US,United States of America,US-NM,HOB
20095,KHUL,Houlton International Airport,medium_airport,46.1231002808,-67.792098999,US,United States of America,US-ME,HUL
20099,KHVR,Havre City County Airport,medium_airport,48.541387,-109.762859,US,United States of America,US-MT,HVR
20102,KHWO,North Perry Airport,medium_airport,26.0012,-80.2407,US,United States of America,US-FL,HWO
20105,KHXD,Hilton Head Airport,medium_airport,32.2244,-80.697502,US,United States of America,US-SC,HHH
20108,KHYR,Sawyer County Airport,medium_airport,46.025199890100005,-91.44429779050002,US,United States of America,US-WI,HYR
20109,KHYS,Hays Regional Airport,medium_airport,38.844521,-99.273148,US,United States of America,US-KS,HYS
20117,KHZY,Northeast Ohio Regional Airport,medium_airport,41.778,-80.695503,US,United States of America,US-OH,JFN
20160,KIFP,Laughlin Bullhead International Airport,medium_airport,35.154726,-114.559322,US,United States of America,US-AZ,IFP
20161,KIGM,Kingman Airport,medium_airport,35.259499,-113.938004,US,United States of America,US-AZ,IGM
20173,KILN,Wilmington Airpark,medium_airport,39.427898407,-83.792098999,US,United States of America,US-OH,ILN
20177,KIMT,Ford Airport,medium_airport,45.81911,-88.114557,US,United States of America,US-MI,IMT
20180,KINW,Winslow Lindbergh Regional Airport,medium_airport,35.021900177,-110.722999573,US,United States of America,US-AZ,INW
20184,KIPL,Imperial County Airport,medium_airport,32.83539,-115.574026,US,United States of America,US-CA,IPL
20187,KISM,Kissimmee Gateway Airport,medium_airport,28.2898006439,-81.4371032715,US,United States of America,US-FL,ISM
20189,KISO,Kinston Regional Jetport At Stallings Field,medium_airport,35.331401825,-77.60880279540001,US,United States of America,US-NC,ISO
20193,KITH,Ithaca Tompkins Regional Airport,medium_airport,42.49100112915039,-76.4583969116211,US,United States of America,US-NY,ITH
20205,KJCT,Kimble County Airport,medium_airport,30.5112991333,-99.7634963989,US,United States of America,US-TX,JCT
20213,KJHW,Chautauqua County-Jamestown Airport,medium_airport,42.15425,-79.254008,US,United States of America,US-NY,JHW
20220,KJQF,Concord-Padgett Regional Airport,medium_airport,35.387798,-80.709099,US,United States of America,US-NC,USA
20277,KKLS,Southwest Washington Regional Airport,medium_airport,46.11800003049999,-122.898002625,US,United States of America,US-WA,KLS
20317,KLAA,Southeast Colorado Regional Airport,medium_airport,38.066407,-102.691373,US,United States of America,US-CO,LAA
20319,KLAW,Lawton Fort Sill Regional Airport,medium_airport,34.567699,-98.416603,US,United States of America,US-OK,LAW
20322,KLBT,Lumberton Regional Airport,medium_airport,34.610773,-79.05943,US,United States of America,US-NC,LBT
20323,KLBX,Texas Gulf Coast Regional Airport,medium_airport,29.108601,-95.462097,US,United States of America,US-TX,LJN
20329,KLEE,Leesburg International Airport,medium_airport,28.82309914,-81.80870056,US,United States of America,US-FL,LEE
20332,KLFK,Angelina County Airport,medium_airport,31.2339992523,-94.75,US,United States of America,US-TX,LFK
20337,KLGU,Logan-Cache Airport,medium_airport,41.7911987305,-111.851997375,US,United States of America,US-UT,LGU
20359,KLND,Hunt Field,medium_airport,42.815201,-108.730003,US,United States of America,US-WY,LND
20364,KLOL,Derby Field,medium_airport,40.0663986206,-118.565002441,US,United States of America,US-NV,LOL
20386,KLVM,Mission Field,medium_airport,45.6994018555,-110.447998047,US,United States of America,US-MT,LVM
20388,KLVS,Las Vegas Municipal Airport,medium_airport,35.654202,-105.141998,US,United States of America,US-NM,LVS
20390,KLWB,Greenbrier Valley Airport,medium_airport,37.857914,-80.400438,US,United States of America,US-WV,LWB
20393,KLWS,Lewiston Nez Perce County Airport,medium_airport,46.3745002746582,-117.01499938964844,US,United States of America,US-ID,LWS
20474,KMBG,Mobridge Municipal Airport,medium_airport,45.54650116,-100.4079971,US,United States of America,US-SD,MBG
20480,KMCE,Merced Regional Macready Field,medium_airport,37.284698,-120.514,US,United States of America,US-CA,MCE
20481,KMCK,McCook Ben Nelson Regional Airport,medium_airport,40.207787,-100.592794,US,United States of America,US-NE,MCK
20482,KMCW,Mason City Municipal Airport,medium_airport,43.159801,-93.329716,US,United States of America,US-IA,MCW
20498,KMGC,Michigan City Municipal Airport,medium_airport,41.7033,-86.821198,US,United States of America,US-IN,MGC
20506,KMHR,Sacramento Mather Airport,medium_airport,38.554744,-121.297989,US,United States of America,US-CA,MHR
20507,KMHV,Mojave Air &  Space Port,medium_airport,35.056391,-118.145342,US,United States of America,US-CA,MHV
20532,KMMT,Mc Entire Joint National Guard Base,medium_airport,33.92079926,-80.80130005,US,United States of America,US-SC,MMT
20551,KMPV,Edward F Knapp State Airport,medium_airport,44.20349884,-72.56230164,US,United States of America,US-VT,MPV
20564,KMTH,Florida Keys Marathon International Airport,medium_airport,24.726006,-81.05138,US,United States of America,US-FL,MTH
20565,KMTJ,Montrose Regional Airport,medium_airport,38.5098,-107.893997,US,United States of America,US-CO,MTJ
20579,KMWA,Veterans Airport of Southern Illinois,medium_airport,37.751208,-89.016568,US,United States of America,US-IL,MWA
20581,KMWH,Grant County International Airport,medium_airport,47.20769882,-119.3199997,US,United States of America,US-WA,MWH
20583,KMWL,Mineral Wells Regional Airport,medium_airport,32.781601,-98.060204,US,United States of America,US-TX,MWL
20591,KMYL,McCall Municipal Airport,medium_airport,44.888837,-116.101112,US,United States of America,US-ID,MYL
20639,KNFW,NAS Fort Worth JRB / Carswell Field,medium_airport,32.769199,-97.441498,US,United States of America,US-TX,FWH
20647,KNLC,Lemoore Naval Air Station (Reeves Field) Airport,medium_airport,36.33300018,-119.9520035,US,United States of America,US-CA,NLC
20652,KNRB,Naval Station Mayport / Admiral David L McDonald Field,medium_airport,30.3911,-81.424698,US,United States of America,US-FL,NRB
20656,KNSE,Whiting Field Naval Air Station - North,medium_airport,30.7241993,-87.02189636,US,United States of America,US-FL,NSE
20661,KNUW,Whidbey Island Naval Air Station (Ault Field),medium_airport,48.351799,-122.655998,US,United States of America,US-WA,NUW
20669,KNYG,Quantico Marine Corps Airfield / Turner Field,medium_airport,38.501701,-77.305298,US,United States of America,US-VA,NYG
20709,KOAJ,Albert J Ellis Airport,medium_airport,34.829201,-77.612099,US,United States of America,US-NC,OAJ
20722,KOFK,Karl Stefan Memorial Airport,medium_airport,41.985500335693,-97.435096740723,US,United States of America,US-NE,OFK
20725,KOGB,Orangeburg Municipal Airport,medium_airport,33.456798553467,-80.859497070312,US,United States of America,US-SC,OGB
20727,KOGS,Ogdensburg International Airport,medium_airport,44.6819,-75.4655,US,United States of America,US-NY,OGS
20732,KOKB,Oceanside Municipal Airport,medium_airport,33.217947,-117.351683,US,United States of America,US-CA,OCN
20739,KOLF,L M Clayton Airport,medium_airport,48.094501,-105.574997,US,United States of America,US-MT,OLF
20741,KOLS,Nogales International Airport,medium_airport,31.4177,-110.848,US,United States of America,US-AZ,OLS
20751,KONO,Ontario Municipal Airport,medium_airport,44.0198,-117.013289,US,United States of America,US-OR,ONO
20752,KONP,Newport Municipal Airport,medium_airport,44.580399,-124.057999,US,United States of America,US-OR,ONP
20757,KOPF,Miami-Opa Locka Executive Airport,medium_airport,25.907,-80.278397,US,United States of America,US-FL,OPF
20765,KORL,Orlando Executive Airport,medium_airport,28.5455,-81.332901,US,United States of America,US-FL,ORL
20777,KOWD,Norwood Memorial Airport,medium_airport,42.1904983521,-71.1728973389,US,United States of America,US-MA,OWD
20781,KOXB,Ocean City Municipal Airport,medium_airport,38.310398,-75.124001,US,United States of America,US-MD,OCE
20785,KOXR,Oxnard Airport,medium_airport,34.200801849365,-119.20700073242,US,United States of America,US-CA,OXR
20805,KPAO,Palo Alto Airport,medium_airport,37.461102,-122.114998,US,United States of America,US-CA,PAO
20807,KPBF,"Pine Bluff Regional Airport, Grider Field",medium_airport,34.174121,-91.935643,US,United States of America,US-AR,PBF
20808,KPBG,Plattsburgh International Airport,medium_airport,44.650902,-73.468102,US,United States of America,US-NY,PBG
20815,KPDT,Eastern Oregon Regional Airport at Pendleton,medium_airport,45.695099,-118.841003,US,United States of America,US-OR,PDT
20821,KPGA,Page Municipal Airport,medium_airport,36.924234,-111.447716,US,United States of America,US-AZ,PGA
20822,KPGD,Punta Gorda Airport,medium_airport,26.9202,-81.990501,US,United States of America,US-FL,PGD
20824,KPGV,Pitt-Greenville Airport,medium_airport,35.635535,-77.384262,US,United States of America,US-NC,PGV
20848,KPNA,Ralph Wenz Field,medium_airport,42.79550171,-109.8069992,US,United States of America,US-WY,PWY
20849,KPNC,Ponca City Regional Airport,medium_airport,36.73199844,-97.09980011,US,United States of America,US-OK,PNC
20850,KPNE,Northeast Philadelphia Airport,medium_airport,40.082406,-75.010614,US,United States of America,US-PA,PNE
20870,KPSC,Tri Cities Airport,medium_airport,46.264702,-119.119003,US,United States of America,US-WA,PSC
20883,KPUW,Pullman-Moscow Regional Airport,medium_airport,46.741601,-117.11163,US,United States of America,US-WA,PUW
20890,KPVU,Provo Municipal Airport,medium_airport,40.218894,-111.722445,US,United States of America,US-UT,PVU
20896,KPWK,Chicago Executive Airport,medium_airport,42.114222,-87.901494,US,United States of America,US-IL,PWK
20922,KRDR,Grand Forks Air Force Base,medium_airport,47.961101532,-97.4011993408,US,United States of America,US-ND,RDR
20931,KRIL,Garfield County Regional Airport,medium_airport,39.526299,-107.726997,US,United States of America,US-CO,RIL
20933,KRIW,Central Wyoming Regional Airport,medium_airport,43.064201,-108.459999,US,United States of America,US-WY,RIW
20935,KRKD,Knox County Regional Airport,medium_airport,44.060101,-69.099197,US,United States of America,US-ME,RKD
20940,KRME,Griffiss International Airport,medium_airport,43.23379898,-75.40699768,US,United States of America,US-NY,RME
20944,KRNH,New Richmond Regional Airport,medium_airport,45.1483,-92.538101,US,United States of America,US-WI,RNH
20962,KRSL,Russell Municipal Airport,medium_airport,38.872100830078,-98.811798095703,US,United States of America,US-KS,RSL
20972,KRVS,Tulsa Riverside Airport,medium_airport,36.0396,-95.984596,US,United States of America,US-OK,RVS
20973,KRWF,Redwood Falls Municipal Airport,medium_airport,44.547199,-95.082298,US,United States of America,US-MN,RWF
20974,KRWL,Rawlins Municipal Airport/Harvey Field,medium_airport,41.80559921,-107.1999969,US,United States of America,US-WY,RWL
21033,KSAF,Santa Fe Municipal Airport,medium_airport,35.6171,-106.088997,US,United States of America,US-NM,SAF
21046,KSDY,Sidney - Richland Regional Airport,medium_airport,47.705141,-104.194422,US,United States of America,US-MT,SDY
21061,KSGJ,Northeast Florida Regional Airport,medium_airport,29.9592,-81.339798,US,United States of America,US-FL,UST
21062,KSGR,Sugar Land Regional Airport,medium_airport,29.622299194336,-95.65650177002,US,United States of America,US-TX,SGR
21065,KSGU,St George Regional Airport,medium_airport,37.036389,-113.510306,US,United States of America,US-UT,SGU
21066,KSHD,Shenandoah Valley Regional Airport,medium_airport,38.263802,-78.8964,US,United States of America,US-VA,SHD
21076,KSKX,Taos Regional Airport,medium_airport,36.452494,-105.67749,US,United States of America,US-NM,TSM
21085,KSME,Lake Cumberland Regional Airport,medium_airport,37.0533981323,-84.6158981323,US,United States of America,US-KY,SME
21086,KSMN,Lemhi County Airport,medium_airport,45.122233,-113.88196,US,United States of America,US-ID,SMN
21087,KSMO,Santa Monica Municipal Airport,medium_airport,34.0158,-118.450996,US,United States of America,US-CA,SMO
21094,KSNY,Sidney Municipal Airport Lloyd W Carr Field,medium_airport,41.101299,-102.985001,US,United States of America,US-NE,SNY
21097,KSOW,Show Low Regional Airport,medium_airport,34.264062,-110.007091,US,United States of America,US-AZ,SOW
21105,KSQL,San Carlos Airport,medium_airport,37.51313,-122.250838,US,United States of America,US-CA,SQL
21109,KSSF,Stinson Municipal Airport,medium_airport,29.336999893188,-98.471099853516,US,United States of America,US-TX,SSF
21114,KSTS,Charles M. Schulz Sonoma County Airport,medium_airport,38.50899887,-122.8130035,US,United States of America,US-CA,STS
21118,KSUN,Friedman Memorial Airport,medium_airport,43.50439835,-114.2959976,US,United States of America,US-ID,SUN
21121,KSVC,Grant County Airport,medium_airport,32.636701,-108.154736,US,United States of America,US-NM,SVC
21188,KTEX,Telluride Regional Airport,medium_airport,37.9538,-107.907997,US,United States of America,US-CO,TEX
21204,KTMB,Miami Executive Airport,medium_airport,25.6479,-80.4328,US,United States of America,US-FL,TMB
21212,KTOI,Troy Municipal Airport at N Kenneth Campbell Field,medium_airport,31.860399,-86.012101,US,United States of America,US-AL,TOI
21213,KTOP,Philip Billard Municipal Airport,medium_airport,39.069899,-95.622606,US,United States of America,US-KS,TOP
21216,KTPH,Tonopah Airport,medium_airport,38.06019974,-117.086998,US,United States of America,US-NV,TPH
21220,KTRK,Truckee Tahoe Airport,medium_airport,39.318628,-120.140562,US,United States of America,US-CA,TKF
21222,KTRM,Jacqueline Cochran Regional Airport,medium_airport,33.62670135498,-116.16000366211,US,United States of America,US-CA,TRM
21228,KTTD,Portland Troutdale Airport,medium_airport,45.54940032959,-122.40100097656,US,United States of America,US-OR,TTD
21232,KTVF,Thief River Falls Regional Airport,medium_airport,48.065701,-96.184998,US,United States of America,US-MN,TVF
21300,KUNV,State College Regional Airport,medium_airport,40.849374,-77.84852,US,United States of America,US-PA,SCE
21304,KUTS,Huntsville Regional Airport,medium_airport,30.7469005585,-95.5871963501,US,United States of America,US-TX,HTV
21305,KUUU,Newport State Airport,medium_airport,41.532207,-71.281039,US,United States of America,US-RI,NPT
21318,KVEL,Vernal Regional Airport,medium_airport,40.436214,-109.511661,US,United States of America,US-UT,VEL
21321,KVGT,North Las Vegas Airport,medium_airport,36.209074,-115.193982,US,United States of America,US-NV,VGT
21325,KVIS,Visalia Municipal Airport,medium_airport,36.318699,-119.392998,US,United States of America,US-CA,VIS
21333,KVNY,Van Nuys Airport,large_airport,34.209801,-118.489998,US,United States of America,US-CA,VNY
21335,KVQQ,Cecil Airport,medium_airport,30.2187,-81.876701,US,United States of America,US-FL,VQQ
21339,KVTN,Miller Field,medium_airport,42.856211,-100.549192,US,United States of America,US-NE,VTN
21375,KWJF,General William J Fox Airfield,medium_airport,34.7411,-118.219002,US,United States of America,US-CA,WJF
21379,KWMC,Winnemucca Municipal Airport,medium_airport,40.8965988159,-117.805999756,US,United States of America,US-NV,WMC
21382,KWST,Westerly State Airport,medium_airport,41.349602,-71.803398,US,United States of America,US-RI,WST
21386,KWWR,West Woodward Airport,medium_airport,36.438,-99.5226667,US,United States of America,US-OK,WWR
21410,KXNA,Northwest Arkansas National Airport,medium_airport,36.281898,-94.306801,US,United States of America,US-AR,XNA
21844,PAMC,McGrath Airport,medium_airport,62.95289993,-155.6060028,US,United States of America,US-AK,MCG
23952,KORS,Orcas Island Airport,medium_airport,48.708199,-122.910004,US,United States of America,US-WA,ESD
24910,PATK,Talkeetna Airport,medium_airport,62.320499420166,-150.09399414062,US,United States of America,US-AK,TKA
26343,PAYA,Yakutat Airport,medium_airport,59.508717,-139.660435,US,United States of America,US-AK,YAK
26370,USCC,Kurchatov Chelyabinsk International Airport,large_airport,55.303141,61.504927,RU,Russian Federation,RU-CHE,CEK
26371,USCM,Magnitogorsk International Airport,large_airport,53.391991,58.755235,RU,Russian Federation,RU-BA,MQF
26372,USDD,Salekhard Airport,medium_airport,66.5907974243164,66.61100006103516,RU,Russian Federation,RU-YAN,SLY
26373,USHH,Khanty Mansiysk Airport,medium_airport,61.0285,69.086098,RU,Russian Federation,RU-KHM,HMA
26374,USNN,Nizhnevartovsk Airport,large_airport,60.949299,76.483597,RU,Russian Federation,RU-KHM,NJC
26375,USPP,Perm International Airport,large_airport,57.914501,56.021198,RU,Russian Federation,RU-PER,PEE
26376,USRK,Kogalym International Airport,medium_airport,62.190399169921875,74.53379821777344,RU,Russian Federation,RU-KHM,KGP
26377,USRR,Surgut International Airport,large_airport,61.340501,73.405782,RU,Russian Federation,RU-KHM,SGC
26378,USSS,Koltsovo Airport,large_airport,56.743099212646,60.802700042725,RU,Russian Federation,RU-SVE,SVX
26379,USTR,Roshchino International Airport,large_airport,57.178984,65.327696,RU,Russian Federation,RU-TYU,TJM
26380,UTAA,Ashgabat International Airport,large_airport,37.986801,58.361,TM,Turkmenistan,TM-S,ASB
26381,UTAK,Turkmenbaşy International Airport,medium_airport,40.062833,53.005085,TM,Turkmenistan,TM-B,KRW
26382,UTAM,Mary International Airport,large_airport,37.62353,61.895668,TM,Turkmenistan,TM-M,MYP
26383,UTAT,Dashoguz International Airport,large_airport,41.759853,59.836149,TM,Turkmenistan,TM-D,TAZ
26384,UTAV,Türkmenabat International Airport,large_airport,38.930662,63.563982,TM,Turkmenistan,TM-L,CRZ
26385,UTDD,Dushanbe International Airport,large_airport,38.543746,68.822977,TJ,Tajikistan,TJ-DU,DYU
26386,UTDL,Khujand International Airport,large_airport,40.215401,69.694702,TJ,Tajikistan,TJ-SU,LBD
26387,UTNU,Urgench International Airport,large_airport,41.58274,60.64338,UZ,Uzbekistan,UZ-XO,UGC
26388,UTSB,Bukhara International Airport,large_airport,39.775319,64.482279,UZ,Uzbekistan,UZ-BU,BHK
26390,UTSS,Samarkand International Airport,large_airport,39.698187,66.98421,UZ,Uzbekistan,UZ-SA,SKD
26391,UTST,Termez Airport,medium_airport,37.287261,67.311869,UZ,Uzbekistan,UZ-SU,TMJ
26392,UTTT,Tashkent International Airport,large_airport,41.2579,69.281197,UZ,Uzbekistan,UZ-TO,TAS
26393,UUBP,Bryansk International Airport,medium_airport,53.214403,34.175965,RU,Russian Federation,RU-BRY,BZK
26394,UUDD,Domodedovo International Airport,large_airport,55.408798,37.9063,RU,Russian Federation,RU-MOS,DME
26395,UUDL,Golden Ring Yaroslavl International Airport,large_airport,57.560699,40.157398,RU,Russian Federation,RU-YAR,IAR
26396,UUEE,Sheremetyevo International Airport,large_airport,55.976858,37.41121,RU,Russian Federation,RU-MOS,SVO
26397,UUEM,Migalovo Air Base,medium_airport,56.82469940185547,35.7577018737793,RU,Russian Federation,RU-TVE,KLD
26398,UUOB,Belgorod International Airport,medium_airport,50.643798828125,36.5900993347168,RU,Russian Federation,RU-BEL,EGO
26399,UUOK,Kursk East Airport,medium_airport,51.7505989074707,36.29560089111328,RU,Russian Federation,RU-KRS,URS
26400,UUOO,Voronezh International Airport,large_airport,51.813683,39.231711,RU,Russian Federation,RU-VOR,VOZ
26401,UUWW,Vnukovo International Airport,large_airport,55.591499,37.261501,RU,Russian Federation,RU-MOW,VKO
26402,UUYY,Syktyvkar Airport,medium_airport,61.64699935913086,50.84510040283203,RU,Russian Federation,RU-KO,SCW
26403,UWGG,Nizhny Novgorod / Strigino International Airport,large_airport,56.227351,43.785152,RU,Russian Federation,RU-NIZ,GOJ
26404,UWKD,Kazan International Airport,large_airport,55.606201,49.278702,RU,Russian Federation,RU-TA,KZN
26405,UWKE,Begishevo Airport,medium_airport,55.564701,52.092499,RU,Russian Federation,RU-TA,NBC
26406,UWKS,Cheboksary Airport,medium_airport,56.090302,47.347301,RU,Russian Federation,RU-CU,CSY
26407,UWLW,Ulyanovsk Vostochny Airport,medium_airport,54.401001,48.8027,RU,Russian Federation,RU-ULY,ULY
26408,UWOO,Orenburg Central Airport,medium_airport,51.792668,55.457229,RU,Russian Federation,RU-ORE,REN
26409,UWOR,Orsk Airport,medium_airport,51.072498,58.5956,RU,Russian Federation,RU-ORE,OSW
26411,UWUU,Ufa International Airport,large_airport,54.557498931885,55.874401092529,RU,Russian Federation,RU-BA,UFA
26412,UWWW,Kurumoch International Airport,large_airport,53.504902,50.164299,RU,Russian Federation,RU-SAM,KUF
26431,VAAH,Sardar Vallabh Patel International Airport,large_airport,23.0772,72.634697,IN,India,IN-GJ,AMD
26432,VAAK,Akola Airport,medium_airport,20.698931,77.056883,IN,India,IN-MM,AKD
26433,VAAU,Aurangabad Airport,medium_airport,19.862875,75.396312,IN,India,IN-MM,IXU
26434,VABB,Chhatrapati Shivaji Maharaj International Airport,large_airport,19.088699,72.867897,IN,India,IN-MM,BOM
26435,VEBU,Bilaspur Airport,medium_airport,21.9884,82.111,IN,India,IN-CT,PAB
26436,VABJ,Bhuj Airport,medium_airport,23.2877998352,69.6701965332,IN,India,IN-GJ,BHJ
26437,VABM,Belagavi Airport,medium_airport,15.8593,74.618301,IN,India,IN-KA,IXG
26438,VABO,Vadodara International Airport,large_airport,22.336201,73.226303,IN,India,IN-GJ,BDQ
26439,VABP,Raja Bhoj International Airport,large_airport,23.2875,77.337402,IN,India,IN-MP,BHO
26440,VABV,Bhavnagar Airport,medium_airport,21.752199173,72.1852035522,IN,India,IN-GJ,BHU
26441,VADN,Daman Airport,medium_airport,20.434401,72.843201,IN,India,IN-DH,NMB
26444,VOGO,Goa Dabolim International Airport,large_airport,15.380062,73.833328,IN,India,IN-GA,GOI
26445,VAHB,Hubballi Airport,medium_airport,15.361084,75.082096,IN,India,IN-KA,HBX
26446,VAID,Devi Ahilya Bai Holkar International Airport,large_airport,22.721404,75.80051,IN,India,IN-MP,IDR
26447,VAJB,Jabalpur Airport,medium_airport,23.177799,80.052002,IN,India,IN-MP,JLR
26448,VAJM,Jamnagar Airport,medium_airport,22.465499877929688,70.01260375976562,IN,India,IN-GJ,JGA
26449,VAKE,Kandla Airport,medium_airport,23.1127,70.100304,IN,India,IN-GJ,IXY
26450,VAKJ,Khajuraho Airport,medium_airport,24.8172,79.918602,IN,India,IN-MP,HJR
26451,VAKP,Kolhapur Airport,medium_airport,16.6647,74.289398,IN,India,IN-MM,KLH
26452,VAKS,Keshod Airport,medium_airport,21.317101,70.270401,IN,India,IN-GJ,IXK
26453,VANP,Dr. Babasaheb Ambedkar International Airport,large_airport,21.092199,79.047203,IN,India,IN-MM,NAG
26455,VAPO,Pune International Airport,large_airport,18.5821,73.919701,IN,India,IN-MM,PNQ
26456,VAPR,Porbandar Airport,medium_airport,21.649524,69.656405,IN,India,IN-GJ,PBD
26457,VARG,Ratnagiri Airport,medium_airport,17.013599,73.327797,IN,India,IN-MM,RTC
26458,VARK,Rajkot Airport,medium_airport,22.3092,70.779503,IN,India,IN-GJ,RAJ
26459,VARP,Swami Vivekananda Airport,medium_airport,21.180401,81.7388,IN,India,IN-CT,RPR
26460,VASL,Solapur Airport,medium_airport,17.6280002594,75.93479919430001,IN,India,IN-MM,SSE
26461,VASU,Surat International Airport,large_airport,21.115531,72.743251,IN,India,IN-GJ,STV
26462,VAUD,Maharana Pratap Airport,medium_airport,24.617700576799997,73.89610290530001,IN,India,IN-RJ,UDR
26463,VCBI,Bandaranaike International Colombo Airport,large_airport,7.180759906768799,79.88410186767578,LK,Sri Lanka,LK-1,CMB
26464,VCCA,Anuradhapura Airport,medium_airport,8.301542,80.42848,LK,Sri Lanka,LK-7,ACJ
26465,VCCB,Batticaloa International Airport,medium_airport,7.705073,81.677163,LK,Sri Lanka,LK-5,BTC
26466,VCCC,Colombo Ratmalana International Airport,large_airport,6.821638,79.885859,LK,Sri Lanka,LK-1,RML
26467,VCCG,Ampara Airport,medium_airport,7.336745,81.623869,LK,Sri Lanka,LK-5,ADP
26468,VCCJ,Jaffna International Airport,large_airport,9.79233,80.070099,LK,Sri Lanka,LK-4,JAF
26469,VCCK,Koggala Airport,medium_airport,5.993680000305176,80.32029724121094,LK,Sri Lanka,LK-3,KCT
26471,VCCT,China Bay Airport,medium_airport,8.539159,81.18128,LK,Sri Lanka,LK-5,TRR
26473,VDBG,Battambang Airport,medium_airport,13.0956,103.223999,KH,Cambodia,KH-2,BBM
26475,VDPP,Phnom Penh International Airport,large_airport,11.547155,104.844699,KH,Cambodia,KH-12,PNH
26478,VDSV,Sihanouk International Airport,large_airport,10.570557,103.632067,KH,Cambodia,KH-18,KOS
26488,VEAN,Along Airport,medium_airport,28.17530059814453,94.802001953125,IN,India,IN-AR,IXV
26489,VEAT,Agartala - Maharaja Bir Bikram Airport,medium_airport,23.886999,91.240402,IN,India,IN-TR,IXA
26491,VEBD,Bagdogra Airport,large_airport,26.6812,88.328598,IN,India,IN-WB,IXB
26492,VEBI,Shillong Airport,medium_airport,25.70359992980957,91.97869873046876,IN,India,IN-ML,SHL
26494,VEBS,Biju Patnaik International Airport,large_airport,20.251021,85.814747,IN,India,IN-OR,BBI
26496,VECC,Netaji Subhash Chandra Bose International Airport,large_airport,22.654012,88.44765,IN,India,IN-WB,CCU
26498,VEDB,Dhanbad Airport,medium_airport,23.834,86.425301,IN,India,IN-BR,DBD
26500,VEGK,Gorakhpur Airport,medium_airport,26.739700317399997,83.4496994019,IN,India,IN-UP,GOP
26501,VEGT,Lokpriya Gopinath Bordoloi International Airport,large_airport,26.106654,91.585226,IN,India,IN-AS,GAU
26502,VEGY,Gaya Airport,medium_airport,24.744301,84.951202,IN,India,IN-BR,GAY
26504,VEIM,Bir Tikendrajit International Airport,large_airport,24.76,93.896698,IN,India,IN-MN,IMF
26506,VEJS,Sonari Airport,medium_airport,22.813706,86.168981,IN,India,IN-JH,IXW
26507,VEJT,Jorhat Airport,medium_airport,26.730456,94.175416,IN,India,IN-AS,JRH
26508,VEKR,Kailashahar Airport,medium_airport,24.308657,92.00768,IN,India,IN-TR,IXH
26509,VEKU,Silchar Airport,medium_airport,24.9129009247,92.9786987305,IN,India,IN-AS,IXS
26510,VELP,Lengpui Airport,medium_airport,23.840599,92.619698,IN,India,IN-MZ,AJL
26511,VELR,Lilabari North Lakhimpur Airport,medium_airport,27.295682,94.097266,IN,India,IN-AS,IXI
26512,VEMN,Dibrugarh Airport,medium_airport,27.4839000702,95.0168991089,IN,India,IN-AS,DIB
26513,VEMR,Dimapur Airport,medium_airport,25.8838996887,93.7711029053,IN,India,IN-NL,DMU
26514,VEMZ,Muzaffarpur Airport,medium_airport,26.119101,85.313698,IN,India,IN-BR,MZU
26517,VEPT,Jay Prakash Narayan Airport,medium_airport,25.591299,85.087997,IN,India,IN-BR,PAT
26519,VERC,Birsa Munda Airport,medium_airport,23.314300537100003,85.3217010498,IN,India,IN-JH,IXR
26520,VERK,Rourkela Airport,medium_airport,22.256571,84.815193,IN,India,IN-OR,RRK
26521,VETZ,Tezpur Airport,medium_airport,26.7091007232666,92.78469848632812,IN,India,IN-AS,TEZ
26523,VEVZ,Visakhapatnam International Airport,large_airport,17.723506,83.227729,IN,India,IN-AP,VTZ
26524,VEZO,Ziro Airport,medium_airport,27.588301,93.828102,IN,India,IN-AR,ZER
26525,VGBR,Barisal Airport,medium_airport,22.801001,90.301201,BD,Bangladesh,BD-1,BZL
26526,VGCB,Cox's Bazar Airport,medium_airport,21.457517,91.963263,BD,Bangladesh,BD-2,CXB
26527,VGEG,Shah Amanat International Airport,large_airport,22.249599,91.813301,BD,Bangladesh,BD-2,CGP
26528,VGIS,Ishurdi Airport,medium_airport,24.1525,89.0494,BD,Bangladesh,BD-5,IRD
26529,VGJR,Jessore Airport,medium_airport,23.1838,89.160797,BD,Bangladesh,BD-4,JSR
26530,VGRJ,Shah Makhdum Airport,medium_airport,24.437201,88.616501,BD,Bangladesh,BD-5,RJH
26531,VGSD,Saidpur Airport,medium_airport,25.759199,88.908897,BD,Bangladesh,BD-5,SPD
26532,VGSY,Osmany International Airport,large_airport,24.963071,91.866903,BD,Bangladesh,BD-6,ZYL
26534,VGHS,Hazrat Shahjalal International Airport,large_airport,23.843347,90.397783,BD,Bangladesh,BD-3,DAC
26535,VHHH,Hong Kong International Airport,large_airport,22.31184,113.914862,HK,Hong Kong,HK-NT,HKG
26537,VIAG,Agra Airport / Agra Air Force Station,medium_airport,27.157975,77.961025,IN,India,IN-UP,AGR
26538,VIAL,Prayagraj Airport,medium_airport,25.4401,81.733902,IN,India,IN-UP,IXD
26540,VIAR,Sri Guru Ram Das Ji International Airport,large_airport,31.7096,74.797302,IN,India,IN-PB,ATQ
26543,VIBK,Nal Airport,medium_airport,28.070601,73.207199,IN,India,IN-RJ,BKB
26545,VEBN,Lal Bahadur Shastri International Airport,large_airport,25.452171,82.862549,IN,India,IN-UP,VNS
26546,VIBR,Kullu Manali Airport,medium_airport,31.876699,77.154404,IN,India,IN-HP,KUU
26547,VIBT,Bhatinda Air Force Station,medium_airport,30.2701,74.755798,IN,India,IN-PB,BUP
26549,VIBY,Bareilly Air Force Station,medium_airport,28.4221,79.450798,IN,India,IN-UP,BEK
26550,VICG,Shaheed Bhagat Singh International Airport,large_airport,30.6735,76.788498,IN,India,IN-CH,IXC
26551,VICX,Kanpur Airport,medium_airport,26.404301,80.410103,IN,India,IN-UP,KNU
26554,VIDN,Dehradun Jolly Grant Airport,medium_airport,30.189243,78.176651,IN,India,IN-UT,DED
26555,VIDP,Indira Gandhi International Airport,large_airport,28.55563,77.09519,IN,India,IN-DL,DEL
26557,VIGG,Kangra Airport,medium_airport,32.164902,76.263018,IN,India,IN-HP,DHM
26558,VIGR,Gwalior Airport,medium_airport,26.29330062866211,78.22779846191406,IN,India,IN-MP,GWL
26559,VIHR,Maharaja Agrasen International Airport,large_airport,29.186065,75.74142,IN,India,IN-HR,HSS
26560,VIHX,Halwara International Airport,large_airport,30.748501,75.629799,IN,India,IN-PB,HWR
26562,VIJO,Jodhpur Airport,medium_airport,26.251100540161133,73.04889678955078,IN,India,IN-RJ,JDH
26563,VIJP,Jaipur International Airport,large_airport,26.8242,75.812202,IN,India,IN-RJ,JAI
26564,VIJR,Jaisalmer Airport,medium_airport,26.8887,70.864998,IN,India,IN-RJ,JSA
26565,VIJU,Jammu Airport,medium_airport,32.688849,74.838152,IN,India,IN-JK,IXJ
26567,VIKO,Kota Airport,medium_airport,25.160200119,75.84559631350001,IN,India,IN-RJ,KTU
26568,VILD,Ludhiana Airport,medium_airport,30.854700088500977,75.95259857177734,IN,India,IN-PB,LUH
26569,VILH,Leh Kushok Bakula Rimpochee Airport,medium_airport,34.135899,77.546501,IN,India,IN-LA,IXL
26570,VILK,Chaudhary Charan Singh International Airport,large_airport,26.760599,80.889297,IN,India,IN-UP,LKO
26571,VIPK,Pathankot Airport,medium_airport,32.233611,75.634444,IN,India,IN-PB,IXP
26573,VIPT,Pantnagar Airport,medium_airport,29.0334,79.473701,IN,India,IN-UP,PGH
26578,VISR,Sheikh ul Alam International Airport,large_airport,33.987099,74.7742,IN,India,IN-JK,SXR
26583,VLLB,Luang Phabang International Airport,large_airport,19.904273,102.167191,LA,Lao People's Democratic Republic,LA-LP,LPQ
26584,VLPS,Pakse International Airport,large_airport,15.133973,105.779871,LA,Lao People's Democratic Republic,LA-CH,PKZ
26586,VLSK,Savannakhet Airport,medium_airport,16.55660057067871,104.76000213623048,LA,Lao People's Democratic Republic,LA-SV,ZVK
26587,VLSN,Sam Neua Airport,medium_airport,20.4184,104.067001,LA,Lao People's Democratic Republic,LA-HO,NEU
26588,VLVT,Wattay International Airport,large_airport,17.985052,102.566692,LA,Lao People's Democratic Republic,LA-VT,VTE
26589,VMMC,Macau International Airport,large_airport,22.149599,113.592003,MO,Macao,MO-CAR,MFM
26593,VNBW,Gautam Buddha International Airport,large_airport,27.504591,83.414618,NP,Nepal,NP-P5,BWA
26595,VNJP,Janakpur Airport,medium_airport,26.708799,85.922401,NP,Nepal,NP-P2,JKR
26596,VNKT,Tribhuvan International Airport,large_airport,27.6966,85.3591,NP,Nepal,NP-P3,KTM
26597,VNNG,Nepalgunj Airport,medium_airport,28.1036,81.667,NP,Nepal,NP-P5,KEP
26598,VNPK,Pokhara Domestic Airport,medium_airport,28.200621,83.981203,NP,Nepal,NP-P4,PKR
26600,VNVT,Biratnagar Airport,medium_airport,26.48150062561035,87.26399993896484,NP,Nepal,NP-P1,BIR
26602,VOAT,Agatti Airport,medium_airport,10.8237,72.176003,IN,India,IN-LD,AGX
26604,VOBI,Bellary Airport,medium_airport,15.162799835205078,76.88279724121094,IN,India,IN-KA,BEP
26605,VOBR,Bidar Airport / Bidar Air Force Station,medium_airport,17.9081,77.487099,IN,India,IN-KA,IXX
26606,VOBZ,Vijayawada International Airport,large_airport,16.530011,80.804888,IN,India,IN-AP,VGA
26607,VOCB,Coimbatore International Airport,large_airport,11.03,77.043404,IN,India,IN-TN,CJB
26609,VOCI,Cochin International Airport,large_airport,10.151047,76.400838,IN,India,IN-KL,COK
26610,VOCL,Calicut International Airport,large_airport,11.135996,75.955152,IN,India,IN-KL,CCJ
26611,VOCP,Kadapa Airport,medium_airport,14.513154,78.769183,IN,India,IN-AP,CDP
26612,VOCX,Car Nicobar Air Force Base,medium_airport,9.153056,92.819273,IN,India,IN-AN,CBD
26615,VOHY,Begumpet Airport,medium_airport,17.4531,78.467598,IN,India,IN-TG,BPM
26616,VOMD,Madurai Airport,medium_airport,9.83450984955,78.09339904790001,IN,India,IN-TN,IXM
26617,VOML,Mangaluru International Airport,large_airport,12.95471,74.886812,IN,India,IN-KA,IXE
26618,VOMM,Chennai International Airport,large_airport,12.990005,80.169296,IN,India,IN-TN,MAA
26620,VOPB,Veer Savarkar International Airport / INS Utkrosh,large_airport,11.640194,92.72902,IN,India,IN-AN,IXZ
26621,VOPC,Pondicherry Airport,medium_airport,11.968,79.812,IN,India,IN-PY,PNY
26622,VOPN,Sri Sathya Sai Airport,medium_airport,14.1492996216,77.7910995483,IN,India,IN-AP,PUT
26623,VORY,Rajahmundry Airport,medium_airport,17.105799,81.813204,IN,India,IN-AP,RJA
26624,VOSM,Salem Airport,medium_airport,11.78330039978,78.06559753418,IN,India,IN-TN,SXV
26627,VOTP,Tirupati International Airport,large_airport,13.631988,79.539869,IN,India,IN-AP,TIR
26628,VOTR,Tiruchirappalli International Airport,large_airport,10.762915,78.717741,IN,India,IN-TN,TRZ
26629,VOTV,Thiruvananthapuram International Airport,large_airport,8.481889,76.920029,IN,India,IN-KL,TRV
26632,VQPR,Paro International Airport,large_airport,27.4032,89.424599,BT,Bhutan,BT-11,PBH
26633,VRMG,Gan International Airport,large_airport,-0.692975,73.152627,MV,Maldives,MV-01,GAN
26634,VRMH,Hanimaadhoo International Airport,large_airport,6.743235,73.167072,MV,Maldives,MV-23,HAQ
26635,VRMK,Kadhdhoo Airport,medium_airport,1.8591699600219729,73.52189636230469,MV,Maldives,MV-05,KDO
26636,VRMM,Velana International Airport,large_airport,4.19183,73.529099,MV,Maldives,MV-MLE,MLE
26637,VRMT,Kaadedhdhoo Airport,medium_airport,0.488131,72.996902,MV,Maldives,MV-28,KDM
26638,VTBD,Don Mueang International Airport,large_airport,13.9126,100.607002,TH,Thailand,TH-10,DMK
26641,VTBK,Kamphaeng Saen Airport,medium_airport,14.1020002365,99.9171981812,TH,Thailand,TH-72,KDT
26642,VTBL,Khok Kathiam Airport,medium_airport,14.87462,100.663397,TH,Thailand,TH-16,KKM
26643,VTBO,Trat Airport,medium_airport,12.2746,102.319,TH,Thailand,TH-23,TDX
26645,VTBU,U-Tapao–Rayong–Pattaya International Airport,large_airport,12.6799,101.004997,TH,Thailand,TH-21,UTP
26647,VTCC,Chiang Mai International Airport,large_airport,18.766799926799997,98.962600708,TH,Thailand,TH-50,CNX
26648,VTCH,Mae Hong Son Airport,medium_airport,19.3013,97.9758,TH,Thailand,TH-58,HGN
26649,VTCL,Lampang Airport,medium_airport,18.27090072631836,99.50420379638672,TH,Thailand,TH-52,LPT
26650,VTCN,Nan Airport,medium_airport,18.807899475097656,100.78299713134766,TH,Thailand,TH-55,NNT
26651,VTCP,Phrae Airport,medium_airport,18.1322,100.165001,TH,Thailand,TH-54,PRH
26653,VTCT,Mae Fah Luang - Chiang Rai International Airport,large_airport,19.952299,99.882896,TH,Thailand,TH-57,CEI
26654,VTPB,Phetchabun Airport,medium_airport,16.6760005951,101.194999695,TH,Thailand,TH-67,PHY
26655,VTPH,Hua Hin Airport,medium_airport,12.6361999512,99.951499939,TH,Thailand,TH-76,HHQ
26656,VTPI,Takhli Royal Thai Air Force Base,medium_airport,15.2773,100.295998,TH,Thailand,TH-60,TKH
26658,VTPM,Mae Sot Airport,medium_airport,16.699899673461914,98.54509735107422,TH,Thailand,TH-63,MAQ
26660,VTPO,Sukhothai Airport,medium_airport,17.238000869750977,99.81819915771484,TH,Thailand,TH-64,THS
26661,VTPP,Phitsanulok Airport,medium_airport,16.7829,100.278999,TH,Thailand,TH-65,PHS
26662,VTPT,Tak Airport,medium_airport,16.896,99.253304,TH,Thailand,TH-63,TKT
26665,VTSB,Surat Thani Airport,medium_airport,9.13259983063,99.135597229,TH,Thailand,TH-84,URT
26666,VTSC,Narathiwat Airport,medium_airport,6.5199198722839355,101.74299621582033,TH,Thailand,TH-96,NAW
26667,VTSE,Chumphon Airport,medium_airport,10.7112,99.361702,TH,Thailand,TH-86,CJM
26668,VTSF,Nakhon Si Thammarat Airport,medium_airport,8.539620399475098,99.9447021484375,TH,Thailand,TH-80,NST
26669,VTSG,Krabi International Airport,large_airport,8.095591,98.988955,TH,Thailand,TH-81,KBV
26670,VTSH,Songkhla Airport,medium_airport,7.186560153961182,100.60800170898438,TH,Thailand,TH-90,SGZ
26671,VTSK,Pattani Airport,medium_airport,6.78546,101.153999,TH,Thailand,TH-94,PAN
26672,VTSM,Samui International Airport,large_airport,9.54779,100.061996,TH,Thailand,TH-84,USM
26674,VTSP,Phuket International Airport,large_airport,8.113257,98.3174,TH,Thailand,TH-83,HKT
26675,VTSR,Ranong Airport,medium_airport,9.77762,98.585503,TH,Thailand,TH-85,UNN
26676,VTSS,Hat Yai International Airport,large_airport,6.93321,100.392998,TH,Thailand,TH-90,HDY
26677,VTST,Trang Airport,medium_airport,7.50874,99.6166,TH,Thailand,TH-92,TST
26678,VTUD,Udon Thani International Airport,large_airport,17.386186,102.788577,TH,Thailand,TH-41,UTH
26679,VTUI,Sakon Nakhon Airport,medium_airport,17.195100784301758,104.11900329589844,TH,Thailand,TH-47,SNO
26680,VTUJ,Surin Airport,medium_airport,14.868300437927,103.49800109863,TH,Thailand,TH-32,PXR
26681,VTUK,Khon Kaen Airport,medium_airport,16.466600418099997,102.783996582,TH,Thailand,TH-40,KKC
26682,VTUL,Loei Airport,medium_airport,17.43910026550293,101.72200012207033,TH,Thailand,TH-42,LOE
26684,VTUO,Buri Ram Airport,medium_airport,15.2295,103.252998,TH,Thailand,TH-31,BFV
26685,VTUQ,Nakhon Ratchasima Airport,medium_airport,14.9495,102.313004,TH,Thailand,TH-30,NAK
26687,VTUU,Ubon Ratchathani Airport,medium_airport,15.2512998581,104.870002747,TH,Thailand,TH-34,UBP
26688,VTUV,Roi Et Airport,medium_airport,16.1168,103.774002,TH,Thailand,TH-45,ROI
26689,VTUW,Nakhon Phanom Airport,medium_airport,17.383801,104.642998,TH,Thailand,TH-48,KOP
26690,VVBM,Buon Ma Thuot Airport,medium_airport,12.668299675,108.120002747,VN,Viet Nam,VN-CH,BMV
26692,VVCI,Cat Bi International Airport,large_airport,20.817428,106.724315,VN,Viet Nam,VN-RRD,HPH
26693,VVCR,Cam Ranh International Airport / Cam Ranh Air Base,large_airport,11.9982,109.219002,VN,Viet Nam,VN-SCC,CXR
26694,VVCS,Con Dao Airport,medium_airport,8.73183,106.633003,VN,Viet Nam,VN-SE,VCS
26695,VVCT,Can Tho International Airport,large_airport,10.083397,105.709371,VN,Viet Nam,VN-SW,VCA
26696,VVDB,Dien Bien Phu Airport,medium_airport,21.3974990845,103.008003235,VN,Viet Nam,VN-NW,DIN
26697,VVDN,Da Nang International Airport,large_airport,16.0439,108.198997,VN,Viet Nam,VN-SCC,DAD
26700,VVNB,Noi Bai International Airport,large_airport,21.221201,105.806999,VN,Viet Nam,VN-RRD,HAN
26702,VVPB,Phu Bai International Airport,medium_airport,16.400628,107.703094,VN,Viet Nam,VN-NC,HUI
26703,VVPC,Phu Cat Airport,medium_airport,13.955,109.042,VN,Viet Nam,VN-SCC,UIH
26704,VVPK,Pleiku Airport,medium_airport,14.00450038909912,108.01699829101562,VN,Viet Nam,VN-CH,PXU
26705,VVPQ,Phú Quốc International Airport,large_airport,10.169783,103.99353,VN,Viet Nam,VN-SW,PQC
26707,VVTH,Dong Tac Airport,medium_airport,13.0496,109.334,VN,Viet Nam,VN-SCC,TBB
26708,VVTS,Tan Son Nhat International Airport,large_airport,10.8188,106.652,VN,Viet Nam,VN-SE,SGN
26709,VVVH,Vinh Airport,medium_airport,18.7376003265,105.67099762,VN,Viet Nam,VN-NC,VII
26716,VYDW,Dawei Airport,medium_airport,14.1039,98.203598,MM,Myanmar,MM-05,TVY
26717,VYNT,Nay Pyi Taw International Airport,large_airport,19.623501,96.200996,MM,Myanmar,MM-04,NYT
26720,VYKG,Kengtung Airport,medium_airport,21.301599502563477,99.63600158691406,MM,Myanmar,MM-17,KET
26722,VYKP,Kyaukpyu Airport,medium_airport,19.42639923095703,93.53479766845705,MM,Myanmar,MM-16,KYP
26723,VYKT,Kawthoung Airport,medium_airport,10.04930019378662,98.53800201416016,MM,Myanmar,MM-05,KAW
26724,VYLK,Loikaw Airport,medium_airport,19.691499710083008,97.2147979736328,MM,Myanmar,MM-12,LIW
26725,VYLS,Lashio Airport,medium_airport,22.9778995513916,97.752197265625,MM,Myanmar,MM-17,LSH
26727,VYMD,Mandalay International Airport,large_airport,21.70219993591309,95.97789764404295,MM,Myanmar,MM-04,MDL
26728,VYME,Myeik Airport,medium_airport,12.439800262451172,98.62149810791016,MM,Myanmar,MM-05,MGZ
26729,VYMK,Myitkyina Airport,medium_airport,25.3836,97.351898,MM,Myanmar,MM-11,MYT
26731,VYMO,Momeik Airport,medium_airport,23.092500686645508,96.64530181884766,MM,Myanmar,MM-17,MOE
26732,VYMS,Mong Hsat Airport,medium_airport,20.516799926757812,99.25679779052734,MM,Myanmar,MM-17,MOG
26734,VYNS,Namsang Airport,medium_airport,20.89049911499023,97.73590087890624,MM,Myanmar,MM-17,NMS
26737,VYPT,Putao Airport,medium_airport,27.32990074157715,97.42630004882812,MM,Myanmar,MM-11,PBU
26740,VYSW,Sittwe Airport,medium_airport,20.133165,92.870693,MM,Myanmar,MM-16,AKY
26741,VYTD,Thandwe Airport,medium_airport,18.4606990814209,94.30010223388672,MM,Myanmar,MM-16,SNW
26742,VYTL,Tachileik Airport,medium_airport,20.483800888061523,99.9354019165039,MM,Myanmar,MM-17,THL
26744,VYYY,Yangon International Airport,large_airport,16.907300949099998,96.1332015991,MM,Myanmar,MM-06,RGN
26745,WAAA,Sultan Hasanuddin International Airport,large_airport,-5.075539,119.553702,ID,Indonesia,ID-SN,UPG
26746,WABB,Frans Kaisiepo Airport,medium_airport,-1.19002,136.108002,ID,Indonesia,ID-PA,BIK
26748,WABP,Mozes Kilangin Airport,medium_airport,-4.52978,136.887388,ID,Indonesia,ID-PT,TIM
26750,WADB,Sultan Muhammad Salahuddin Airport,medium_airport,-8.537184,118.685002,ID,Indonesia,ID-NB,BMU
26751,WADD,Denpasar I Gusti Ngurah Rai International Airport,large_airport,-8.748409,115.167123,ID,Indonesia,ID-BA,DPS
26755,WAJJ,Dortheys Hiyo Eluay International Airport,large_airport,-2.579627,140.519857,ID,Indonesia,ID-PA,DJJ
26756,WAVV,Wamena Airport,medium_airport,-4.097324,138.952417,ID,Indonesia,ID-PP,WMX
26757,WAKK,Mopah International Airport,medium_airport,-8.523898,140.419693,ID,Indonesia,ID-PS,MKQ
26759,WAQT,Kalimarau Airport,medium_airport,2.14776,117.430705,ID,Indonesia,ID-KI,BEJ
26760,WALL,Sultan Aji Muhammad Sulaiman Sepinggan International Airport,large_airport,-1.268342,116.89452,ID,Indonesia,ID-KI,BPN
26762,WALR,Juwata International Airport / Suharnoko Harbani AFB,medium_airport,3.325145,117.564169,ID,Indonesia,ID-KU,TRK
26763,WALS,Aji Pangeran Tumenggung Pranoto International Airport,medium_airport,-0.374478,117.250128,ID,Indonesia,ID-KI,AAP
26768,WAMH,Naha Airport,medium_airport,3.68478,125.527162,ID,Indonesia,ID-SA,NAH
26769,WAFF,Mutiara - SIS Al-Jufrie Airport,medium_airport,-0.916462,119.908647,ID,Indonesia,ID-ST,PLW
26770,WAMM,Sam Ratulangi International Airport,large_airport,1.548591,124.92625,ID,Indonesia,ID-SA,MDC
26771,WAFP,Kasiguncu Airport,medium_airport,-1.414121,120.659241,ID,Indonesia,ID-ST,PSJ
26772,WAEW,Pitu Airport,medium_airport,2.04599,128.324997,ID,Indonesia,ID-MU,OTI
26773,WAEE,Sultan Babullah Airport,medium_airport,0.831012,127.381611,ID,Indonesia,ID-MU,TTE
26774,WAFW,Syukuran Aminuddin Amir Airport,medium_airport,-1.035893,122.773934,ID,Indonesia,ID-ST,LUW
26778,WAON,Warukin Airport,medium_airport,-2.21656,115.435997,ID,Indonesia,ID-KS,TJG
26779,WAOO,Syamsudin Noor International Airport,large_airport,-3.440112,114.761209,ID,Indonesia,ID-KS,BDJ
26780,WAGG,Tjilik Riwut Airport,medium_airport,-2.227146,113.943388,ID,Indonesia,ID-KT,PKY
26784,WAPP,Pattimura International Airport,large_airport,-3.71026,128.089005,ID,Indonesia,ID-MA,AMQ
26785,WARA,Abdul Rachman Saleh Airport,medium_airport,-7.929099,112.714233,ID,Indonesia,ID-JI,MLG
26787,WARJ,Adisutjipto International Airport,large_airport,-7.78818,110.431999,ID,Indonesia,ID-YO,JOG
26788,WARQ,Adisumarmo Airport,medium_airport,-7.516044,110.757492,ID,Indonesia,ID-JT,SOC
26789,WARR,Juanda International Airport,large_airport,-7.37983,112.787003,ID,Indonesia,ID-JI,SUB
26790,WARS,Jenderal Ahmad Yani Airport,large_airport,-6.970732,110.373244,ID,Indonesia,ID-JT,SRG
26791,WASF,Fakfak Airport,medium_airport,-2.920508,132.267011,ID,Indonesia,ID-PB,FKQ
26792,WASK,Utarom Airport,medium_airport,-3.6446,133.695116,ID,Indonesia,ID-PB,KNG
26793,WASO,Babo Airport,medium_airport,-2.53224,133.438995,ID,Indonesia,ID-PB,BXB
26794,WASR,Rendani Airport,medium_airport,-0.891833,134.048996,ID,Indonesia,ID-PB,MKW
26801,WATT,El Tari Airport,medium_airport,-10.1716,123.670998,ID,Indonesia,ID-NT,KOE
26807,WBGB,Bintulu Airport,medium_airport,3.12385010719,113.019996643,MY,Malaysia,MY-13,BTU
26808,WBGG,Kuching International Airport,large_airport,1.487364,110.352859,MY,Malaysia,MY-13,KCH
26809,WBGJ,Limbang Airport,medium_airport,4.808300018310547,115.01000213623048,MY,Malaysia,MY-13,LMN
26810,WBGM,Marudi Airport,medium_airport,4.178734,114.330318,MY,Malaysia,MY-13,MUR
26811,WBGR,Miri Airport,medium_airport,4.32201,113.987,MY,Malaysia,MY-13,MYY
26812,WBGS,Sibu Airport,medium_airport,2.2616,111.985001,MY,Malaysia,MY-13,SBW
26813,WBKD,Lahad Datu Airport,medium_airport,5.03241,118.32376,MY,Malaysia,MY-12,LDU
26814,WBKK,Kota Kinabalu International Airport,large_airport,5.932743,116.049324,MY,Malaysia,MY-12,BKI
26815,WBKL,Labuan Airport,medium_airport,5.301667,115.248333,MY,Malaysia,MY-15,LBU
26816,WBKS,Sandakan Airport,medium_airport,5.900899887084961,118.05899810791016,MY,Malaysia,MY-12,SDK
26817,WBKW,Tawau Airport,medium_airport,4.31338,118.12152,MY,Malaysia,MY-12,TWU
26818,WBMU,Mulu Airport,medium_airport,4.048329830169678,114.80500030517578,MY,Malaysia,MY-13,MZV
26819,WBSB,Brunei International Airport,large_airport,4.9442,114.928001,BN,Brunei Darussalam,BN-BM,BWN
26821,WIBB,Sultan Syarif Kasim II International Airport / Roesmin Nurjadin AFB,medium_airport,0.458647,101.444321,ID,Indonesia,ID-RI,PKU
26822,WIBD,Pinang Kampai Airport,medium_airport,1.609026,101.433493,ID,Indonesia,ID-RI,DUM
26824,WICC,Husein Sastranegara International Airport,medium_airport,-6.90063,107.575996,ID,Indonesia,ID-JB,BDO
26827,WILL,Radin Inten II International Airport,medium_airport,-5.246803,105.182531,ID,Indonesia,ID-LA,TKG
26828,WIDD,Hang Nadim International Airport,large_airport,1.12103,104.119003,ID,Indonesia,ID-KR,BTH
26830,WIDN,Raja Haji Fisabilillah International Airport,medium_airport,0.92397,104.53341,ID,Indonesia,ID-KR,TNJ
26832,WIHH,Halim Perdanakusuma International Airport,large_airport,-6.267221,106.891733,ID,Indonesia,ID-JK,HLP
26833,WAHL,Tunggul Wulung Airport,medium_airport,-7.64506,109.033997,ID,Indonesia,ID-JT,CXP
26835,WIII,Soekarno-Hatta International Airport,large_airport,-6.12557,106.655998,ID,Indonesia,ID-BT,CGK
26836,WIMB,Binaka Airport,medium_airport,1.16628,97.704327,ID,Indonesia,ID-SU,GNS
26837,WIME,Aek Godang Airport,medium_airport,1.4001,99.430496,ID,Indonesia,ID-SU,AEG
26839,WIMK,Soewondo Air Force Base,medium_airport,3.558425,98.672275,ID,Indonesia,ID-SU,MES
26841,WIMS,Dr. Ferdinand Lumban Tobing Airport,medium_airport,1.557127,98.887145,ID,Indonesia,ID-SU,FLZ
26843,WIOG,Nanga Pinoh Airport,medium_airport,-0.34864,111.746155,ID,Indonesia,ID-KB,NPO
26844,WIOK,Rahadi Osman Airport,medium_airport,-1.817165,109.963469,ID,Indonesia,ID-KB,KTG
26846,WION,Ranai Airport,medium_airport,3.90871,108.388,ID,Indonesia,ID-KR,NTX
26847,WIOO,Supadio International Airport,large_airport,-0.152258,109.404493,ID,Indonesia,ID-KB,PNK
26848,WIOP,Pangsuma Airport,medium_airport,0.834579,112.940217,ID,Indonesia,ID-KB,PSU
26852,WIPK,Depati Amir Airport,medium_airport,-2.1622,106.139,ID,Indonesia,ID-BB,PGK
26853,WIPL,Fatmawati Soekarno Airport,medium_airport,-3.8637,102.338997,ID,Indonesia,ID-BE,BKS
26855,WIPP,Sultan Mahmud Badaruddin II Airport,medium_airport,-2.897653,104.698147,ID,Indonesia,ID-SS,PLM
26856,WIPQ,Pendopo Airport,medium_airport,-3.2860701084136963,103.87999725341795,ID,Indonesia,ID-SS,PDO
26857,WIBJ,Japura Airport,medium_airport,-0.352808,102.334999,ID,Indonesia,ID-RI,RGT
26858,WIPT,Minangkabau International Airport,medium_airport,-0.785964,100.280384,ID,Indonesia,ID-SB,PDG
26860,WITL,Lhok Sukon Airport,medium_airport,5.06951,97.259201,ID,Indonesia,ID-AC,LSX
26862,WITT,Sultan Iskandar Muda International Airport,large_airport,5.525087,95.41997,ID,Indonesia,ID-AC,BTJ
26864,WMBT,Tioman Airport,medium_airport,2.81818,104.160004,MY,Malaysia,MY-06,TOD
26866,WMKA,Sultan Abdul Halim Airport,medium_airport,6.189670085906982,100.39800262451172,MY,Malaysia,MY-02,AOR
26867,WMKB,RMAF Butterworth Air Base,medium_airport,5.46592,100.390999,MY,Malaysia,MY-07,BWH
26868,WMKC,Sultan Ismail Petra Airport,medium_airport,6.1668500900268555,102.29299926757812,MY,Malaysia,MY-03,KBR
26869,WMKD,Kuantan Airport,medium_airport,3.7753899097442623,103.20899963378906,MY,Malaysia,MY-06,KUA
26870,WMKE,Kerteh Airport,medium_airport,4.53722,103.427002,MY,Malaysia,MY-11,KTE
26872,WMKI,Sultan Azlan Shah Airport,large_airport,4.56733,101.091643,MY,Malaysia,MY-08,IPH
26873,WMKJ,Senai International Airport,large_airport,1.64131,103.669998,MY,Malaysia,MY-01,JHB
26874,WMKK,Kuala Lumpur International Airport,large_airport,2.74558,101.709999,MY,Malaysia,MY-10,KUL
26875,WMKL,Langkawi International Airport,medium_airport,6.329730033874512,99.72869873046876,MY,Malaysia,MY-02,LGK
26876,WMKM,Malacca International Airport,medium_airport,2.265613,102.252778,MY,Malaysia,MY-04,MKZ
26877,WMKN,Sultan Mahmud Airport,medium_airport,5.3826398849487305,103.10299682617188,MY,Malaysia,MY-11,TGG
26878,WMKP,Penang International Airport,large_airport,5.296303,100.276185,MY,Malaysia,MY-07,PEN
26879,WMSA,Sultan Abdul Aziz Shah International Airport,large_airport,3.13058,101.549004,MY,Malaysia,MY-10,SZB
26880,WPDB,"Commander in Chief of FALINTIL, Kay Rala Xanana Gusmão, International Airport",medium_airport,-9.301856,125.286302,TL,Timor-Leste,TL-CO,UAI
26881,WPDL,Presidente Nicolau Lobato International Airport,large_airport,-8.546562,125.524507,TL,Timor-Leste,TL-DI,DIL
26882,WPEC,Baucau Airport,medium_airport,-8.486479,126.399981,TL,Timor-Leste,TL-BA,BCH
26884,WSAP,Paya Lebar Air Base,medium_airport,1.36042,103.910004,SG,Singapore,SG-04,QPG
26885,WSAT,Tengah Air Base,medium_airport,1.387561,103.708291,SG,Singapore,SG-03,TGA
26886,WSSL,Seletar Airport,medium_airport,1.41555,103.86673,SG,Singapore,SG-02,XSP
26887,WSSS,Singapore Changi Airport,large_airport,1.35019,103.994003,SG,Singapore,SG-04,SIN
26888,YABA,Albany Airport,medium_airport,-34.943333,117.808889,AU,Australia,AU-WA,ALH
26891,YARA,Ararat Airport,medium_airport,-37.309978,142.988688,AU,Australia,AU-VIC,ARY
26893,YARM,Armidale Airport,medium_airport,-30.528099060099997,151.617004395,AU,Australia,AU-NSW,ARM
26895,YAYE,Ayers Rock Connellan Airport,medium_airport,-25.185913,130.97703,AU,Australia,AU-NT,AYQ
26899,YBAR,Barcaldine Airport,medium_airport,-23.566268,145.302086,AU,Australia,AU-QLD,BCI
26900,YBAS,Alice Springs Airport,medium_airport,-23.806588,133.903427,AU,Australia,AU-NT,ASP
26901,YBBN,Brisbane International Airport,large_airport,-27.384199142456055,153.11700439453125,AU,Australia,AU-QLD,BNE
26902,YBCG,Gold Coast Airport,large_airport,-28.165962,153.506641,AU,Australia,AU-QLD,OOL
26903,YBCK,Blackall Airport,medium_airport,-24.431678,145.429716,AU,Australia,AU-QLD,BKQ
26904,YBCS,Cairns International Airport,large_airport,-16.878921,145.74948,AU,Australia,AU-QLD,CNS
26905,YBCV,Charleville Airport,medium_airport,-26.4132995605,146.261993408,AU,Australia,AU-QLD,CTL
26907,YBDV,Birdsville Airport,medium_airport,-25.897499084472656,139.34800720214844,AU,Australia,AU-QLD,BVI
26908,YBHI,Broken Hill Airport,medium_airport,-32.0013999939,141.472000122,AU,Australia,AU-NSW,BHQ
26909,YBHM,Hamilton Island Airport,medium_airport,-20.3581008911,148.95199585,AU,Australia,AU-QLD,HTI
26910,YBIE,Bedourie Airport,medium_airport,-24.3461,139.460007,AU,Australia,AU-QLD,BEU
26912,YBKE,Bourke Airport,medium_airport,-30.03919982910156,145.95199584960938,AU,Australia,AU-NSW,BRK
26914,YBLA,Benalla Airport,medium_airport,-36.551899,146.007004,AU,Australia,AU-VIC,BLN
26917,YBMA,Mount Isa Airport,medium_airport,-20.66638,139.488468,AU,Australia,AU-QLD,ISA
26918,YBSU,Sunshine Coast Airport,large_airport,-26.593324,153.08319,AU,Australia,AU-QLD,MCY
26919,YBMK,Mackay Airport,medium_airport,-21.170816,149.182588,AU,Australia,AU-QLD,MKY
26920,YBNA,Ballina Byron Gateway Airport,medium_airport,-28.833236,153.561471,AU,Australia,AU-NSW,BNK
26921,YBNS,Bairnsdale Airport,medium_airport,-37.887539,147.569379,AU,Australia,AU-VIC,BSJ
26922,YBOK,Oakey Army Aviation Centre,medium_airport,-27.409262,151.736727,AU,Australia,AU-QLD,OKY
26923,YBOU,Boulia Airport,medium_airport,-22.913299560546875,139.89999389648438,AU,Australia,AU-QLD,BQL
26924,YBPN,Proserpine Whitsunday Coast Airport,medium_airport,-20.494416,148.553583,AU,Australia,AU-QLD,PPP
26925,YBRK,Rockhampton Airport,medium_airport,-23.380019,150.475359,AU,Australia,AU-QLD,ROK
26927,YBRM,Broome International Airport,large_airport,-17.949194,122.2283,AU,Australia,AU-WA,BME
26928,YBRN,Balranald Airport,medium_airport,-34.624834,143.577114,AU,Australia,AU-NSW,BZD
26929,YBRW,Brewarrina Airport,medium_airport,-29.975792,146.81438,AU,Australia,AU-NSW,BWQ
26932,YBTH,Bathurst Airport,medium_airport,-33.406817,149.651161,AU,Australia,AU-NSW,BHS
26933,YBTI,Bathurst Island Airport,medium_airport,-11.764966,130.615774,AU,Australia,AU-NT,BRT
26934,YBTL,Townsville Airport / RAAF Base Townsville,medium_airport,-19.252904,146.766512,AU,Australia,AU-QLD,TSV
26935,YBTR,Blackwater Airport,medium_airport,-23.6031,148.807007,AU,Australia,AU-QLD,BLT
26936,YBUD,Bundaberg Airport,medium_airport,-24.905039,152.322612,AU,Australia,AU-QLD,BDB
26939,YBWP,Weipa Airport,medium_airport,-12.677493,141.922618,AU,Australia,AU-QLD,WEI
26941,YCAR,Carnarvon Airport,medium_airport,-24.884337,113.666393,AU,Australia,AU-WA,CVQ
26943,YCBA,Cobar Airport,medium_airport,-31.538299560546875,145.79400634765625,AU,Australia,AU-NSW,CAZ
26944,YCBB,Coonabarabran Airport,medium_airport,-31.3325,149.266998,AU,Australia,AU-NSW,COJ
26946,YCBP,Coober Pedy Airport,medium_airport,-29.038312,134.722166,AU,Australia,AU-SA,CPD
26947,YCCA,Chinchilla Airport,medium_airport,-26.771947,150.617571,AU,Australia,AU-QLD,CCL
26948,YCCY,Cloncurry Airport,medium_airport,-20.6686000824,140.503997803,AU,Australia,AU-QLD,CNJ
26950,YCDU,Ceduna Airport,medium_airport,-32.13059997558594,133.7100067138672,AU,Australia,AU-SA,CED
26951,YCEE,Cleve Airport,medium_airport,-33.709702,136.505005,AU,Australia,AU-SA,CVC
26954,YCIN,RAAF Base Curtin,medium_airport,-17.581389,123.828333,AU,Australia,AU-WA,DCN
26955,YCKN,Cooktown Airport,medium_airport,-15.443649,145.183221,AU,Australia,AU-QLD,CTN
26956,YCMT,Clermont Airport,medium_airport,-22.7731,147.621002,AU,Australia,AU-QLD,CMQ
26957,YCMU,Cunnamulla Airport,medium_airport,-28.030000686645508,145.6219940185547,AU,Australia,AU-QLD,CMA
26959,YCNM,Coonamble Airport,medium_airport,-30.980946,148.377833,AU,Australia,AU-NSW,CNB
26961,YCOE,Coen Airport,medium_airport,-13.761133,143.113311,AU,Australia,AU-QLD,CUQ
26962,YCOM,Cooma Snowy Mountains Airport,medium_airport,-36.300445,148.972408,AU,Australia,AU-NSW,OOM
26963,YCOR,Corowa Airport,medium_airport,-35.994701,146.356995,AU,Australia,AU-NSW,CWW
26964,YCRG,Corryong Airport,medium_airport,-36.18280029296875,147.88800048828125,AU,Australia,AU-VIC,CYG
26965,YCTM,Cootamundra Airport,medium_airport,-34.624283,148.036641,AU,Australia,AU-NSW,CMD
26968,YCWR,Cowra Airport,medium_airport,-33.846894,148.648007,AU,Australia,AU-NSW,CWT
26970,YDBI,Dirranbandi Airport,medium_airport,-28.587912,148.217161,AU,Australia,AU-QLD,DRN
26971,YDBY,Derby Airport,medium_airport,-17.37193,123.66221,AU,Australia,AU-WA,DRB
26972,YDLQ,Deniliquin Airport,medium_airport,-35.5593986511,144.945999146,AU,Australia,AU-NSW,DNQ
26975,YDPO,Devonport Airport,medium_airport,-41.1697006226,146.429992676,AU,Australia,AU-TAS,DPO
26976,YDYS,Dysart Airport,medium_airport,-22.6222,148.363998,AU,Australia,AU-QLD,DYA
26979,YECH,Echuca Airport,medium_airport,-36.15719985961914,144.76199340820312,AU,Australia,AU-VIC,ECH
26980,YELD,Elcho Island Airport,medium_airport,-12.019399642899998,135.570999146,AU,Australia,AU-NT,ELC
26981,YEML,Emerald Airport,medium_airport,-23.5674991608,148.179000854,AU,Australia,AU-QLD,EMD
26982,YESP,Esperance Airport,medium_airport,-33.684399,121.822998,AU,Australia,AU-WA,EPR
26984,YFBS,Forbes Airport,medium_airport,-33.363602,147.934998,AU,Australia,AU-NSW,FRB
26985,YFRT,Forrest Airport,medium_airport,-30.83662,128.112811,AU,Australia,AU-WA,FOS
26986,YFTZ,Fitzroy Crossing Airport,medium_airport,-18.183596,125.559783,AU,Australia,AU-WA,FIZ
26989,YGDH,Gunnedah Airport,medium_airport,-30.957511,150.248981,AU,Australia,AU-NSW,GUH
26991,YGEL,Geraldton Airport,medium_airport,-28.796101,114.707001,AU,Australia,AU-WA,GET
26992,YGFN,Clarence Valley Regional Airport,medium_airport,-29.754795,153.031234,AU,Australia,AU-NSW,GFN
26994,YGLA,Gladstone Airport,medium_airport,-23.869763,151.225439,AU,Australia,AU-QLD,GLT
26995,YGLB,Goulburn Airport,medium_airport,-34.810298919677734,149.7259979248047,AU,Australia,AU-NSW,GUL
26996,YGLI,Glen Innes Airport,medium_airport,-29.676029,151.691156,AU,Australia,AU-NSW,GLI
26997,YGPT,Garden Point Airport,medium_airport,-11.399686,130.425568,AU,Australia,AU-NT,GPN
26998,YGTE,Groote Eylandt Airport,medium_airport,-13.972405,136.458553,AU,Australia,AU-NT,GTE
26999,YGTH,Griffith Airport,medium_airport,-34.2508010864,146.067001343,AU,Australia,AU-NSW,GFF
27002,YHAY,Hay Airport,medium_airport,-34.531399,144.830002,AU,Australia,AU-NSW,HXX
27003,YHBA,Hervey Bay Airport,medium_airport,-25.320127,152.880662,AU,Australia,AU-QLD,HVB
27004,YHID,Horn Island Airport,medium_airport,-10.585636,142.29277,AU,Australia,AU-QLD,HID
27005,YHLC,Halls Creek Airport,medium_airport,-18.2339,127.669998,AU,Australia,AU-WA,HCQ
27007,YHML,Hamilton Airport,medium_airport,-37.64889907836914,142.06500244140625,AU,Australia,AU-VIC,HLT
27008,YHOT,Mount Hotham Airport,medium_airport,-37.0475006104,147.333999634,AU,Australia,AU-VIC,MHU
27010,YHPN,Hopetoun Airport,medium_airport,-35.715302,142.360001,AU,Australia,AU-VIC,HTU
27011,YHSM,Horsham Airport,medium_airport,-36.669700622558594,142.17300415039062,AU,Australia,AU-VIC,HSM
27016,YIVL,Inverell Airport,medium_airport,-29.888299942,151.143997192,AU,Australia,AU-NSW,IVR
27022,YKER,Kerang Airport,medium_airport,-35.751399993896484,143.93899536132812,AU,Australia,AU-VIC,KRA
27023,YKII,King Island Airport,medium_airport,-39.877498626708984,143.8780059814453,AU,Australia,AU-TAS,KNS
27025,YKMP,Kempsey Airport,medium_airport,-31.07232,152.765313,AU,Australia,AU-NSW,KPS
27026,YKOW,Kowanyama Airport,medium_airport,-15.485369,141.752572,AU,Australia,AU-QLD,KWM
27027,YKRY,Kingaroy Airport,medium_airport,-26.581077,151.839927,AU,Australia,AU-QLD,KGY
27028,YKSC,Kingscote Airport,medium_airport,-35.71390151977539,137.52099609375,AU,Australia,AU-SA,KGC
27030,YLEC,Leigh Creek Airport,medium_airport,-30.598301,138.425995,AU,Australia,AU-SA,LGH
27032,YLEO,Leonora Airport,medium_airport,-28.87809944152832,121.31500244140624,AU,Australia,AU-WA,LNO
27034,YLHR,Lockhart River Airport,medium_airport,-12.7869,143.304993,AU,Australia,AU-QLD,IRG
27035,YLIS,Lismore Airport,medium_airport,-28.830689,153.258419,AU,Australia,AU-NSW,LSY
27037,YLRD,Lightning Ridge Airport,medium_airport,-29.452857,147.977146,AU,Australia,AU-NSW,LHG
27038,YLRE,Longreach Airport,medium_airport,-23.4342,144.279999,AU,Australia,AU-QLD,LRE
27039,YLST,Leinster Airport,medium_airport,-27.843299865722656,120.7030029296875,AU,Australia,AU-WA,LER
27041,YLTV,Latrobe Valley Airport,medium_airport,-38.211004,146.470817,AU,Australia,AU-VIC,TGN
27043,YMAV,Melbourne Avalon International Airport,large_airport,-38.040269,144.467196,AU,Australia,AU-VIC,AVV
27044,YMAY,Albury Airport,medium_airport,-36.066758,146.959148,AU,Australia,AU-NSW,ABX
27045,YMBA,Mareeba Airport,medium_airport,-17.070277,145.424228,AU,Australia,AU-QLD,MRG
27048,YMDG,Mudgee Airport,medium_airport,-32.564794,149.609452,AU,Australia,AU-NSW,DGE
27050,YMEK,Meekatharra Airport,medium_airport,-26.6117000579834,118.5479965209961,AU,Australia,AU-WA,MKR
27051,YMEN,Melbourne Essendon Airport,medium_airport,-37.7281,144.901993,AU,Australia,AU-VIC,MEB
27052,YMER,Merimbula Airport,medium_airport,-36.9085998535,149.901000977,AU,Australia,AU-NSW,MIM
27055,YMGD,Maningrida Airport,medium_airport,-12.0560998917,134.23399353,AU,Australia,AU-NT,MNG
27058,YMHB,Hobart International Airport,large_airport,-42.837032,147.513022,AU,Australia,AU-TAS,HBA
27060,YMIA,Mildura Airport,medium_airport,-34.229198455799995,142.085998535,AU,Australia,AU-VIC,MQL
27063,YMLT,Launceston Airport,medium_airport,-41.544935,147.210785,AU,Australia,AU-TAS,LST
27064,YMMB,Melbourne Moorabbin Airport,medium_airport,-37.977765,145.099799,AU,Australia,AU-VIC,MBW
27066,YMML,Melbourne Airport,large_airport,-37.670732,144.837898,AU,Australia,AU-VIC,MEL
27069,YMNE,Mount Keith Airport,medium_airport,-27.28733,120.554937,AU,Australia,AU-WA,WME
27071,YMOG,Mount Magnet Airport,medium_airport,-28.116100311279297,117.84200286865234,AU,Australia,AU-WA,MMG
27072,YMOR,Moree Airport,medium_airport,-29.498899459799997,149.845001221,AU,Australia,AU-NSW,MRZ
27074,YMRB,Moranbah Airport,medium_airport,-22.057800293,148.07699585,AU,Australia,AU-QLD,MOV
27075,YMRY,Moruya Airport,medium_airport,-35.8978004456,150.143997192,AU,Australia,AU-NSW,MYA
27081,YNAR,Narrandera Airport,medium_airport,-34.7022018433,146.511993408,AU,Australia,AU-NSW,NRA
27082,YNBR,Narrabri Airport,medium_airport,-30.3192005157,149.82699585,AU,Australia,AU-NSW,NAA
27083,YNGU,Ngukurr Airport,medium_airport,-14.7228,134.746994,AU,Australia,AU-NT,RPM
27086,YNRM,Narromine Airport,medium_airport,-32.214699,148.225006,AU,Australia,AU-NSW,QRM
27088,YNTN,Normanton Airport,medium_airport,-17.68409,141.069664,AU,Australia,AU-QLD,NTN
27090,YNWN,Newman Airport,medium_airport,-23.4178009033,119.803001404,AU,Australia,AU-WA,ZNE
27095,YORG,Orange Airport,medium_airport,-33.382014,149.131262,AU,Australia,AU-NSW,OAG
27096,YPAD,Adelaide International Airport,large_airport,-34.947512,138.533393,AU,Australia,AU-SA,ADL
27097,YPAG,Port Augusta Airport,medium_airport,-32.506900787353516,137.7169952392578,AU,Australia,AU-SA,PUG
27099,YPBO,Paraburdoo Airport,medium_airport,-23.1711006165,117.745002747,AU,Australia,AU-WA,PBO
27100,YPCC,Cocos (Keeling) Islands Airport,large_airport,-12.192218,96.834103,CC,Cocos (Keeling) Islands,CC-U-A,CCK
27101,YPDN,Darwin International Airport / RAAF Darwin,large_airport,-12.41497,130.88185,AU,Australia,AU-NT,DRW
27104,YPGV,Gove Airport,medium_airport,-12.269399642899998,136.817993164,AU,Australia,AU-NT,GOV
27105,YPIR,Port Pirie Airport,medium_airport,-33.238899,137.994995,AU,Australia,AU-SA,PPI
27106,YPJT,Perth Jandakot Airport,medium_airport,-32.09749984741211,115.88099670410156,AU,Australia,AU-WA,JAD
27107,YPKA,Karratha Airport,medium_airport,-20.712200164799995,116.773002625,AU,Australia,AU-WA,KTA
27108,YPKG,Kalgoorlie Boulder Airport,medium_airport,-30.791543,121.464586,AU,Australia,AU-WA,KGI
27109,YPKS,Parkes Airport,medium_airport,-33.131401062,148.238998413,AU,Australia,AU-NSW,PKE
27110,YPKT,Port Keats Airport,medium_airport,-14.249701,129.529538,AU,Australia,AU-NT,PKT
27111,YPKU,East Kimberley Regional (Kununurra) Airport,medium_airport,-15.7781,128.707993,AU,Australia,AU-WA,KNX
27112,YPLC,Port Lincoln Airport,medium_airport,-34.6053009033,135.880004883,AU,Australia,AU-SA,PLO
27113,YPLM,Learmonth Airport,medium_airport,-22.235201,114.090024,AU,Australia,AU-WA,LEA
27115,YPMQ,Port Macquarie Airport,medium_airport,-31.4358005524,152.863006592,AU,Australia,AU-NSW,PQQ
27116,YPOD,Portland Airport,medium_airport,-38.31809997558594,141.4709930419922,AU,Australia,AU-VIC,PTJ
27117,YPPD,Port Hedland International Airport,large_airport,-20.382787,118.629789,AU,Australia,AU-WA,PHE
27119,YPPH,Perth International Airport,large_airport,-31.94029998779297,115.96700286865234,AU,Australia,AU-WA,PER
27120,YPTN,Tindal Airport,medium_airport,-14.521100044250488,132.3780059814453,AU,Australia,AU-NT,KTR
27122,YPXM,Christmas Island International Airport,large_airport,-10.450387,105.6911,CX,Christmas Island,CX-U-A,XCH
27124,YQLP,Quilpie Airport,medium_airport,-26.609176,144.253746,AU,Australia,AU-QLD,ULP
27125,YREN,Renmark Airport,medium_airport,-34.1964,140.673996,AU,Australia,AU-SA,RMK
27128,YROM,Roma Airport,medium_airport,-26.545000076300003,148.774993896,AU,Australia,AU-QLD,RMA
27130,YSBK,Sydney Bankstown Airport,medium_airport,-33.923618,150.990792,AU,Australia,AU-NSW,BWU
27131,YSCB,Canberra Airport,medium_airport,-35.3069,149.195007,AU,Australia,AU-ACT,CBR
27132,YCFS,Coffs Harbour Airport,medium_airport,-30.320601,153.115997,AU,Australia,AU-NSW,CFS
27133,YSCN,Camden Airport,medium_airport,-34.038338,150.686406,AU,Australia,AU-NSW,CDU
27135,YSDU,Dubbo City Regional Airport,medium_airport,-32.2167015076,148.574996948,AU,Australia,AU-NSW,DBO
27137,YSHK,Shark Bay Airport,medium_airport,-25.897294,113.575802,AU,Australia,AU-WA,MJK
27138,YSHT,Shepparton Airport,medium_airport,-36.428341,145.391473,AU,Australia,AU-VIC,SHT
27139,YSMI,Smithton Airport,medium_airport,-40.834999084472656,145.08399963378906,AU,Australia,AU-TAS,SIO
27140,YSNB,Snake Bay Airport,medium_airport,-11.417674,130.648481,AU,Australia,AU-NT,SNB
27141,YSNF,Norfolk Island International Airport,medium_airport,-29.041759,167.939474,NF,Norfolk Island,NF-U-A,NLK
27142,YSNW,Naval Air Station Nowra - HMAS Albatross,medium_airport,-34.9466,150.542451,AU,Australia,AU-NSW,NOA
27144,YSRI,RAAF Base Richmond,medium_airport,-33.604652,150.783051,AU,Australia,AU-NSW,XRH
27145,YSSY,Sydney Kingsford Smith International Airport,large_airport,-33.946098,151.177002,AU,Australia,AU-NSW,SYD
27147,YSTW,Tamworth Airport,medium_airport,-31.077898,150.845484,AU,Australia,AU-NSW,TMW
27148,YSWG,Wagga Wagga Airport,medium_airport,-35.163484,147.46832,AU,Australia,AU-NSW,WGA
27149,YSWH,Swan Hill Airport,medium_airport,-35.37580108642578,143.5330047607422,AU,Australia,AU-VIC,SWH
27150,YSWL,Stawell Airport,medium_airport,-37.07170104980469,142.74099731445312,AU,Australia,AU-VIC,SWC
27152,YTEF,Telfer Airport,medium_airport,-21.715,122.228996,AU,Australia,AU-WA,TEF
27153,YTEM,Temora Airport,medium_airport,-34.421398,147.511993,AU,Australia,AU-NSW,TEM
27154,YTGM,Thargomindah Airport,medium_airport,-27.986368,143.812065,AU,Australia,AU-QLD,XTG
27155,YTIB,Tibooburra Airport,medium_airport,-29.451099,142.057999,AU,Australia,AU-NSW,TYB
27157,YTMU,Tumut Aerodrome,medium_airport,-35.26832,148.240526,AU,Australia,AU-NSW,TUM
27158,YTNG,Thangool Airport,medium_airport,-24.494863,150.577967,AU,Australia,AU-QLD,THG
27159,YTNK,Tennant Creek Airport,medium_airport,-19.6343994140625,134.18299865722656,AU,Australia,AU-NT,TCA
27161,YTRE,Taree Airport,medium_airport,-31.888599,152.514008,AU,Australia,AU-NSW,TRO
27168,YWDH,Windorah Airport,medium_airport,-25.410641,142.668428,AU,Australia,AU-QLD,WNR
27169,YWGT,Wangaratta Airport,medium_airport,-36.417914,146.306896,AU,Australia,AU-VIC,WGT
27170,YWHA,Whyalla Airport,medium_airport,-33.05889892578125,137.51400756835938,AU,Australia,AU-SA,WYA
27172,YWKB,Warracknabeal Airport,medium_airport,-36.32109832763672,142.41900634765625,AU,Australia,AU-VIC,WKB
27174,YWLG,Walgett Airport,medium_airport,-30.032801,148.126007,AU,Australia,AU-NSW,WGE
27175,YWLM,Newcastle Airport,large_airport,-32.796114,151.835025,AU,Australia,AU-NSW,NTL
27176,YWLU,Wiluna Airport,medium_airport,-26.629199981689453,120.22100067138672,AU,Australia,AU-WA,WUN
27177,YSHL,Shellharbour Airport,medium_airport,-34.5611,150.789001,AU,Australia,AU-NSW,WOL
27179,YWSL,West Sale Airport,medium_airport,-38.090827,146.965335,AU,Australia,AU-VIC,SXE
27180,YWTN,Winton Airport,medium_airport,-22.36359977722168,143.08599853515625,AU,Australia,AU-QLD,WIN
27182,YWWL,West Wyalong Airport,medium_airport,-33.9371986389,147.190994263,AU,Australia,AU-NSW,WWY
27184,YWYY,Wynyard Airport,medium_airport,-40.997039,145.726,AU,Australia,AU-TAS,BWT
27186,YYNG,Young Airport,medium_airport,-34.255576,148.247118,AU,Australia,AU-NSW,NGA
27188,ZBAA,Beijing Capital International Airport,large_airport,40.077349,116.596702,CN,China,CN-11,PEK
27189,ZBHH,Hohhot Baita International Airport,large_airport,40.849658,111.824598,CN,China,CN-15,HET
27190,ZBLA,Hulunbuir Hailar Airport,large_airport,49.208616,119.822301,CN,China,CN-15,HLD
27191,ZBSJ,Shijiazhuang Zhengding International Airport,large_airport,38.280701,114.696999,CN,China,CN-13,SJW
27192,ZBTJ,Tianjin Binhai International Airport,large_airport,39.124401092499994,117.346000671,CN,China,CN-12,TSN
27193,ZBYN,Taiyuan Wusu International Airport,large_airport,37.746899,112.627998,CN,China,CN-14,TYN
27194,ZGGG,Guangzhou Baiyun International Airport,large_airport,23.392401,113.299004,CN,China,CN-44,CAN
27195,ZGHA,Changsha Huanghua International Airport,large_airport,28.189199,113.220001,CN,China,CN-43,CSX
27196,ZGKL,Guilin Liangjiang International Airport,large_airport,25.219828,110.039553,CN,China,CN-45,KWL
27197,ZGNN,Nanning Wuxu International Airport,large_airport,22.598071,108.181922,CN,China,CN-45,NNG
27198,ZGSZ,Shenzhen Bao'an International Airport,large_airport,22.639474,113.803262,CN,China,CN-44,SZX
27199,ZHCC,Zhengzhou Xinzheng International Airport,large_airport,34.526497,113.849165,CN,China,CN-41,CGO
27200,ZHHH,Wuhan Tianhe International Airport,large_airport,30.774798,114.213723,CN,China,CN-42,WUH
27201,ZJHK,Haikou Meilan International Airport,large_airport,19.9349,110.459,CN,China,CN-46,HAK
27202,ZJSY,Sanya Phoenix International Airport,large_airport,18.3029,109.412003,CN,China,CN-46,SYX
27203,ZKPY,Pyongyang Sunan International Airport,large_airport,39.224098,125.669998,KP,"Korea, Democratic People's Republic of",KP-01,FNJ
27204,ZLLL,Lanzhou Zhongchuan International Airport,large_airport,36.515202,103.620003,CN,China,CN-62,LHW
27205,ZLXY,Xi'an Xianyang International Airport,large_airport,34.447102,108.751999,CN,China,CN-61,XIY
27206,ZMBH,Bayankhongor Airport,medium_airport,46.1633,100.704002,MN,Mongolia,MN-069,BYN
27207,ZMBU,Baruun Urt Airport,medium_airport,46.660301208496094,113.28500366210938,MN,Mongolia,MN-051,UUN
27208,ZMCD,Choibalsan Airport,medium_airport,48.135381,114.647231,MN,Mongolia,MN-061,COQ
27209,ZMDZ,Dalanzadgad Airport,medium_airport,43.608628,104.367734,MN,Mongolia,MN-053,DLZ
27210,ZMKD,Khovd Airport,medium_airport,47.954102,91.628197,MN,Mongolia,MN-043,HVD
27211,ZMMN,Mörön Airport,medium_airport,49.663677,100.100028,MN,Mongolia,MN-041,MXV
27212,ZMUB,Buyant-Ukhaa International Airport,large_airport,47.843102,106.766998,MN,Mongolia,MN-1,ULN
27213,ZPJH,Xishuangbanna Gasa International Airport,large_airport,21.974648,100.762224,CN,China,CN-53,JHG
27214,ZPPP,Kunming Changshui International Airport,large_airport,25.110313,102.936743,CN,China,CN-53,KMG
27215,ZSAM,Xiamen Gaoqi International Airport,large_airport,24.543889,118.127454,CN,China,CN-35,XMN
27216,ZSCN,Nanchang Changbei International Airport,large_airport,28.864815,115.90271,CN,China,CN-36,KHN
27217,ZSFZ,Fuzhou Changle International Airport,large_airport,25.929254,119.672524,CN,China,CN-35,FOC
27218,ZSHC,Hangzhou Xiaoshan International Airport,large_airport,30.23609,120.428865,CN,China,CN-33,HGH
27219,ZSJN,Jinan Yaoqiang International Airport,large_airport,36.857201,117.216003,CN,China,CN-37,TNA
27220,ZSNB,Ningbo Lishe International Airport,large_airport,29.82670021057129,121.46199798583984,CN,China,CN-33,NGB
27221,ZSNJ,Nanjing Lukou International Airport,large_airport,31.735032,118.865949,CN,China,CN-32,NKG
27222,ZSOF,Hefei Xinqiao International Airport,large_airport,31.98779,116.9769,CN,China,CN-34,HFE
27223,ZSPD,Shanghai Pudong International Airport,large_airport,31.1434,121.805,CN,China,CN-31,PVG
27225,ZSSS,Shanghai Hongqiao International Airport,large_airport,31.198104,121.33426,CN,China,CN-31,SHA
27226,ZSWH,Weihai Dashuibo Airport,medium_airport,37.187099,122.228996,CN,China,CN-37,WEH
27228,ZUCK,Chongqing Jiangbei International Airport,large_airport,29.712254,106.651895,CN,China,CN-50,CKG
27229,ZUGY,Guiyang Longdongbao International Airport,large_airport,26.541805,106.80402,CN,China,CN-52,KWE
27230,ZUUU,Chengdu Shuangliu International Airport,large_airport,30.558257,103.945966,CN,China,CN-51,CTU
27231,ZUXC,Xichang Qingshan Airport,medium_airport,27.9891,102.183998,CN,China,CN-51,XIC
27234,ZWSH,Kashgar Laining International Airport,large_airport,39.542273,76.02023,CN,China,CN-65,KHG
27235,ZWTN,Hotan Airport,medium_airport,37.03850173950195,79.86489868164062,CN,China,CN-65,HTN
27236,ZWWW,Ürümqi Tianshan International Airport,large_airport,43.913584,87.479372,CN,China,CN-65,URC
27237,ZYCC,Changchun Longjia International Airport,large_airport,43.996201,125.684998,CN,China,CN-22,CGQ
27238,ZYHB,Harbin Taiping International Airport,large_airport,45.623402,126.25,CN,China,CN-23,HRB
27239,ZYJM,Jiamusi Songjiang International Airport,medium_airport,46.842793,130.46426,CN,China,CN-23,JMU
27240,ZYMD,Mudanjiang Hailang International Airport,medium_airport,44.525172,129.568634,CN,China,CN-23,MDG
27241,ZYQQ,Qiqihar Sanjiazi Airport,large_airport,47.229969,123.914179,CN,China,CN-23,NDG
27242,ZYTL,Dalian Zhoushuizi International Airport,large_airport,38.965719,121.538477,CN,China,CN-21,DLC
27243,ZYTX,Shenyang Taoxian International Airport,large_airport,41.6398,123.483668,CN,China,CN-21,SHE
27244,ZYYJ,Yanji Chaoyangchuan Airport,medium_airport,42.8828010559,129.451004028,CN,China,CN-22,YNJ
27300,BZB,Bazaruto Island Airport,medium_airport,-21.5411,35.4729,MZ,Mozambique,MZ-I,BZB
27301,BCW,Benguera Island Airport,medium_airport,-21.8533,35.438301,MZ,Mozambique,MZ-I,BCW
27302,IBL,Indigo Bay Lodge Airport,medium_airport,-21.708,35.452801,MZ,Mozambique,MZ-I,IBL
27803,YMRE,Marree Airport,medium_airport,-29.6633,138.065002,AU,Australia,AU-SA,RRE
28114,ENOV,"Ørsta-Volda Airport, Hovden",medium_airport,62.180000305176,6.0741000175476,NO,Norway,NO-15,HOV
28115,ENHF,Hammerfest Airport,medium_airport,70.679703,23.6686,NO,Norway,NO-56,HFT
28118,VTBS,Suvarnabhumi Airport,large_airport,13.6811,100.747002,TH,Thailand,TH-10,BKK
28481,HKAM,Amboseli Airport,medium_airport,-2.645050048828125,37.25310134887695,KE,Kenya,KE-700,ASV
28485,HKNK,Lanet Military Airstrip,medium_airport,-0.298419,36.159193,KE,Kenya,KE-700,NUU
28630,EDML,Landshut Airfield,medium_airport,48.512019,12.034865,DE,Germany,DE-BY,QLG
29001,LFSL,Brive Souillac airport,medium_airport,45.039722,1.485556,FR,France,FR-NAQ,BVE
29126,EGED,Eday Airport,medium_airport,59.19060134887695,-2.7722198963165283,GB,United Kingdom of Great Britain and Northern Ireland,GB-SCT,EOI
29173,EGPR,Barra Airport,medium_airport,57.0228,-7.44306,GB,United Kingdom of Great Britain and Northern Ireland,GB-SCT,BRR
29255,ENBV,Berlevåg Airport,medium_airport,70.871517,29.034097,NO,Norway,NO-56,BVG
29261,ENHV,"Honningsvåg Airport, Valan",medium_airport,71.009697,25.983601,NO,Norway,NO-56,HVG
29264,ENLK,Leknes Airport,medium_airport,68.152496337891,13.609399795532,NO,Norway,NO-18,LKN
29265,ENMH,Mehamn Airport,medium_airport,71.029701,27.8267,NO,Norway,NO-56,MEH
29277,ENRA,"Mo i Rana Airport, Røssvoll",medium_airport,66.363899230957,14.301400184631,NO,Norway,NO-18,MQN
29278,ENRM,"Rørvik Airport, Ryum",medium_airport,64.838302612305,11.14610004425,NO,Norway,NO-50,RVK
29281,ENSH,"Svolvær Airport, Helle",medium_airport,68.243301,14.6692,NO,Norway,NO-18,SVJ
29282,ENSK,"Stokmarknes Airport, Skagen",medium_airport,68.578827,15.033417,NO,Norway,NO-18,SKN
29284,ENVD,Vadsø Airport,medium_airport,70.0653,29.8447,NO,Norway,NO-56,VDS
29358,ESNZ,Åre Östersund Airport,large_airport,63.193546,14.504168,SE,Sweden,SE-Z,OSD
29443,LIPA,Aviano Air Base,medium_airport,46.031898,12.596503,IT,Italy,IT-36,AVB
29639,ID-ZGP,Bilorai Airport,medium_airport,-3.739503,137.031183,ID,Indonesia,ID-PT,UGU
29654,ZMAT,Altai Airport,medium_airport,46.37639999389648,96.22109985351562,MN,Mongolia,MN-065,LTI
29670,ZMAH,Arvaikheer Airport,medium_airport,46.250301361083984,102.802001953125,MN,Mongolia,MN-055,AVK
29694,GMMD,Beni Mellal Airport,large_airport,32.401895,-6.315905,MA,Morocco,MA-05,BEM
29736,ZMBN,Bulgan Airport,medium_airport,48.85499954223633,103.47599792480467,MN,Mongolia,MN-067,UGA
29851,SGEN,Teniente Ramon A. Ayub Gonzalez International Airport,large_airport,-27.227537,-55.837584,PY,Paraguay,PY-7,ENO
29953,FAHT,Eastgate Airport / Air Force Base Hoedspruit,medium_airport,-24.361864,31.052921,ZA,South Africa,ZA-NP,HDS
30013,LTAL,Kastamonu Airport,medium_airport,41.314201,33.795799,TR,Türkiye,TR-37,KFS
30083,LELO,Logroño-Agoncillo Airport,medium_airport,42.460953,-2.322235,ES,Spain,ES-RI,RJL
30180,VAND,Nanded Airport,medium_airport,19.1833,77.316704,IN,India,IN-MM,NDC
30253,SUPU,Tydeo Larre Borges Airport,medium_airport,-32.3633,-58.061901,UY,Uruguay,UY-PA,PDU
30334,SLRI,Capitán Av. Selin Zeitun Lopez Airport,medium_airport,-11.009355,-66.075468,BO,"Bolivia, Plurinational State of",BO-B,RIB
30340,SBJR,Jacarepaguá - Roberto Marinho Airport,medium_airport,-22.986773,-43.372194,BR,Brazil,BR-RJ,RRJ
30418,LTCM,Sinop Airport,medium_airport,42.018313,35.071774,TR,Türkiye,TR-57,NOP
30505,ZMUL,Ölgii Mongolei International Airport,medium_airport,48.993301,89.922501,MN,Mongolia,MN-071,ULG
30535,UKWW,Vinnytsia/Gavyryshivka International Airport,medium_airport,49.242531,28.613778,UA,Ukraine,UA-05,VIN
30553,HSWW,Wau Airport,medium_airport,7.72583,27.975,SS,South Sudan,SS-BW,WUU
30585,LTAS,Zonguldak Çaycuma Airport,medium_airport,41.506401,32.0886,TR,Türkiye,TR-67,ONQ
30590,OPSN,Sehwan Sharif Airport,medium_airport,26.473101,67.717201,PK,Pakistan,PK-SD,SYW
30593,ZGSD,Zhuhai Jinwan Airport,large_airport,22.006399,113.375999,CN,China,CN-44,ZUH
30602,FWDW,Dwangwa Airport,medium_airport,-12.517527,34.131877,MW,Malawi,MW-NK,DWA
30612,HAKD,Kebri Dahar Airport,medium_airport,6.732577,44.241339,ET,Ethiopia,ET-SO,ABK
30616,UNKS,Achinsk Airport,medium_airport,56.269185,90.57511,RU,Russian Federation,RU-KYA,ACS
30635,ZWAK,Aksu Hongqipo Airport,medium_airport,41.262501,80.291702,CN,China,CN-65,AKU
30643,ULDD,Amderma Airport,medium_airport,69.76329803466797,61.556400299072266,RU,Russian Federation,RU-NEN,AMV
30646,ZYAS,Anshan Teng'ao Airport / Anshan Air Base,medium_airport,41.105301,122.853996,CN,China,CN-21,AOG
30650,ZSAQ,Anqing Tianzhushan Airport / Anqing North Air Base,medium_airport,30.582199,117.050003,CN,China,CN-34,AQG
30664,HALA,Hawassa International Airport,large_airport,7.100611,38.396455,ET,Ethiopia,ET-XSD,AWA
30672,UTKA,Andijan International Airport,large_airport,40.727699,72.293999,UZ,Uzbekistan,UZ-AN,AZN
30673,MDCY,Samaná El Catey International Airport,medium_airport,19.269259,-69.737405,DO,Dominican Republic,DO-20,AZS
30679,ZBOW,Baotou Donghe International Airport,large_airport,40.560001,109.997002,CN,China,CN-15,BAV
30682,WBGZ,Bario Airport,medium_airport,3.734648,115.478548,MY,Malaysia,MY-13,BBN
30688,LY-BCQ,Brak Airport,medium_airport,27.653,14.272,LY,Libya,LY-SH,BCQ
30708,ZGBH,Beihai Fucheng Airport,medium_airport,21.538659,109.293683,CN,China,CN-45,BHY
30788,ZUBD,Qamdo Bangda Airport,medium_airport,30.553600311279297,97.1082992553711,CN,China,CN-54,BPX
30792,HCMF,Bender Qassim International Airport,large_airport,11.275235,49.139231,SO,Somalia,SO-BR,BSA
30804,UWSB,Balakovo Airport,medium_airport,51.858299,47.745602,RU,Russian Federation,RU-SAR,BWO
30813,FNCT,Catumbela Airport,medium_airport,-12.4792,13.4869,AO,Angola,AO-BGU,CBT
30819,ULWC,Cherepovets Airport,medium_airport,59.273601532,38.0158004761,RU,Russian Federation,RU-VLG,CEE
30825,ZGCD,Changde Taohuayuan Airport,medium_airport,28.9189,111.639999,CN,China,CN-43,CGD
30827,ZYCY,Chaoyang Airport,medium_airport,41.538101,120.434998,CN,China,CN-21,CHG
30829,ZBCF,Chifeng Yulong Airport,medium_airport,42.159723,118.840971,CN,China,CN-15,CIF
30839,BGCO,Neerlerit Inaat Airport,medium_airport,70.743103,-22.650499,GL,Greenland,GL-SE,CNP
30861,BZ-CUK,Caye Caulker Airport,medium_airport,17.735015,-88.032862,BZ,Belize,BZ-BZ,CUK
30867,BZ-CYC,Caye Chapel Airport,medium_airport,17.683792,-88.044985,BZ,Belize,BZ-BZ,CYC
30870,UESS,Cherskiy Airport,medium_airport,68.7406005859375,161.33799743652344,RU,Russian Federation,RU-SA,CYX
30871,ZSCG,Changzhou Benniu International Airport,medium_airport,31.920485,119.77546,CN,China,CN-32,CZX
30876,ZBDT,Datong Yungang International Airport,large_airport,40.06139,113.480509,CN,China,CN-14,DAT
30916,ZPDQ,Diqing Shangri-La Airport,medium_airport,27.7936,99.6772,CN,China,CN-53,DIG
30920,FCPL,Ngot Nzoungou Airport,medium_airport,-4.20635,12.6599,CG,Congo,CG-9,DIS
30923,VVDL,Lien Khuong Airport,medium_airport,11.750556,108.366997,VN,Viet Nam,VN-CH,DLI
30925,ZPDL,Dali Fengyi Airport,medium_airport,25.649401,100.319,CN,China,CN-53,DLU
30929,ZLDH,Dunhuang Mogao International Airport,large_airport,40.161953,94.812827,CN,China,CN-62,DNH
30958,ZGDY,Zhangjiajie Hehua International Airport,large_airport,29.104749,110.442786,CN,China,CN-43,DYG
30979,LCEN,Ercan International Airport,large_airport,35.153064,33.507352,CY,Cyprus,CY-02,ECN
30995,UNII,Yeniseysk Airport,medium_airport,58.474201,92.112503,RU,Russian Federation,RU-KYA,EIE
31006,ZHES,Enshi Xujiaping Airport,medium_airport,30.320299,109.485001,CN,China,CN-42,ENH
31019,UKDB,Berdyansk Airport,medium_airport,46.814999,36.758099,UA,Ukraine,UA-23,ERD
31055,FAOR,O.R. Tambo International Airport,large_airport,-26.140081,28.246801,ZA,South Africa,ZA-GT,JNB
31118,UTKF,Fergana International Airport,medium_airport,40.358799,71.745003,UZ,Uzbekistan,UZ-FA,FEG
31522,URKG,Gelendzhik Airport,medium_airport,44.5820926295,38.0124807358,RU,Russian Federation,RU-KDA,GDZ
31529,HBBE,Gitega Airport,medium_airport,-3.417209,29.911308,BI,Burundi,BI-GI,GID
31549,BIGR,Grímsey Airport,medium_airport,66.5458,-18.0173,IS,Iceland,IS-6,GRY
31562,ZUGU,Guangyuan Panlong Airport,medium_airport,32.390254,105.694571,CN,China,CN-51,GYS
31576,ZYHE,Heihe Aihui Airport,medium_airport,50.171621,127.308884,CN,China,CN-23,HEK
31594,HKMS,Mara Serena Lodge Airstrip,medium_airport,-1.406111,35.008057,KE,Kenya,KE-700,MRE
31609,ZWHM,Hami Airport,medium_airport,42.8414,93.669197,CN,China,CN-65,HMI
31624,ZSZS,Zhoushan Putuoshan International Airport,large_airport,29.933874,122.362307,CN,China,CN-33,HSN
31658,ZSLQ,Taizhou Luqiao Airport,medium_airport,28.562201,121.429001,CN,China,CN-33,HYN
31659,ZLHZ,Hanzhong Chenggu Airport,medium_airport,33.133527,107.203817,CN,China,CN-61,HZG
31660,UOII,Igarka Airport,medium_airport,67.437202,86.621902,RU,Russian Federation,RU-KYA,IAA
31670,USII,Izhevsk Airport,medium_airport,56.834524,53.462172,RU,Russian Federation,RU-UD,IJK
31684,ZWCM,Qiemo Yudu Airport,medium_airport,38.234516,85.465462,CN,China,CN-65,IQM
31685,ZLQY,Qingyang Xifeng Airport,medium_airport,35.802638,107.598896,CN,China,CN-62,IQN
31690,UUBI,Ivanovo South Airport,medium_airport,56.93939971923828,40.940799713134766,RU,Russian Federation,RU-IVA,IWA
31694,BGJN,Ilulissat Airport,medium_airport,69.243202,-51.057098,GL,Greenland,GL-AV,JAV
31695,ZSJD,Jingdezhen Luojia Airport,medium_airport,29.3386,117.176003,CN,China,CN-36,JDZ
31696,MTJE,Jérémie Airport,medium_airport,18.663099,-74.170303,HT,Haiti,HT-GA,JEE
31697,BGAA,Aasiaat Airport,medium_airport,68.721802,-52.784698,GL,Greenland,GL-QK,JEG
31699,ZLJQ,Jiayuguan International Airport,large_airport,39.859052,98.339344,CN,China,CN-62,JGN
31700,BGSS,Sisimiut Airport,medium_airport,66.951302,-53.729301,GL,Greenland,GL-QA,JHS
31705,ZSQZ,Quanzhou Jinjiang International Airport,large_airport,24.795855,118.588599,CN,China,CN-35,JJN
31707,UWKJ,Yoshkar-Ola Airport,medium_airport,56.7006,47.904701,RU,Russian Federation,RU-ME,JOK
31714,ZSJU,Quzhou Airport,medium_airport,28.96613,118.898793,CN,China,CN-33,JUZ
31728,GFBO,Bo Airport,medium_airport,7.9444,-11.761,SL,Sierra Leone,SL-S,KBS
31741,GFKE,Kenema Airport,medium_airport,7.896364,-11.174126,SL,Sierra Leone,SL-E,KEN
31761,UUBA,Kostroma Sokerkino Airport,medium_airport,57.796902,41.019402,RU,Russian Federation,RU-KOS,KMW
31768,UACK,Kokshetau International Airport,large_airport,53.329102,69.594597,KZ,Kazakhstan,KZ-AKM,KOV
31771,ZWKL,Korla Licheng Airport,medium_airport,41.614979,86.140817,CN,China,CN-65,KRL
31773,USUU,Kurgan Airport,medium_airport,55.4753,65.415604,RU,Russian Federation,RU-KGN,KRO
31780,ULKK,Kotlas Airport,medium_airport,61.235801696777344,46.6974983215332,RU,Russian Federation,RU-ARK,KSZ
31786,BGKK,Kulusuk Airport,medium_airport,65.573601,-37.1236,GL,Greenland,GL-SE,KUS
31790,UHKK,Komsomolsk-on-Amur Airport,medium_airport,50.40900039672851,136.9340057373047,RU,Russian Federation,RU-KHA,KXK
31793,UNKY,Kyzyl Airport,medium_airport,51.669399,94.400597,RU,Russian Federation,RU-TY,KYZ
31794,UAOO,Korkyt Ata International Airport,large_airport,44.706902,65.592499,KZ,Kazakhstan,KZ-KZY,KZO
31795,LAKU,Kukës International Airport,medium_airport,42.035802,20.415955,AL,Albania,AL-07,KFZ
31803,SOOM,Saint-Laurent-du-Maroni Airport,medium_airport,5.481891,-54.034964,GF,French Guiana,GF-SL,LDX
31818,ZHGH,Guangzhou MR Air Base / Guanghua Airport,medium_airport,32.38866,111.69425,CN,China,CN-42,LHK
31828,ZPLJ,Lijiang Sanyi International Airport,large_airport,26.677483,100.244944,CN,China,CN-53,LJG
31846,UUOL,Lipetsk Airport,medium_airport,52.70280075073242,39.53779983520508,RU,Russian Federation,RU-LIP,LPK
31862,ZPMS,Dehong Mangshi International Airport,medium_airport,24.4011,98.5317,CN,China,CN-53,LUM
31867,ZULS,Lhasa Gonggar International Airport,large_airport,29.298001,90.911951,CN,China,CN-54,LXA
31870,ZHLY,Luoyang Beijiao Airport,large_airport,34.7411,112.388,CN,China,CN-41,LYA
31871,ZSLY,Linyi Qiyang Airport,medium_airport,35.052918,118.411828,CN,China,CN-37,LYI
31872,LYKV,Morava Airport,medium_airport,43.817519,20.586662,RS,Serbia,RS-18,KVO
31874,ZGZH,Liuzhou Bailian Airport / Bailian Air Base,medium_airport,24.2075,109.390999,CN,China,CN-45,LZH
31876,ZUNZ,Nyingchi Mainling Airport,medium_airport,29.303301,94.335297,CN,China,CN-54,LZY
31879,GOSM,Ouro Sogui Airport,medium_airport,15.5936,-13.3228,SN,Senegal,SN-MT,MAX
31889,WITC,Cut Nyak Dhien Airport,medium_airport,4.040998,96.253312,ID,Indonesia,ID-AC,MEQ
31899,HCMM,Aden Adde International Airport,large_airport,2.01444,45.304699,SO,Somalia,SO-BN,MGQ
31908,ZUMY,Mianyang Nanjiao Airport,medium_airport,31.428101,104.740997,CN,China,CN-51,MIG
31923,MMSM,Felipe Ángeles International Airport,large_airport,19.743824,-99.01507,MX,Mexico,MX-MEX,NLU
31927,VCCH,Hingurakgoda Air Force Base,medium_airport,8.04981,80.9814,LK,Sri Lanka,LK-7,HIM
31941,SOOA,Maripasoula Airport,medium_airport,3.655907,-54.039431,GF,French Guiana,GF-SL,MPY
31973,BIRL,Mývatn Airport,medium_airport,65.6558,-16.9181,IS,Iceland,IS-6,MVA
31977,MWCL,Edward Bodden Little Cayman Airfield,medium_airport,19.660161,-80.088826,KY,Cayman Islands,KY-LC,LYB
31988,HKML,Malindi International Airport,medium_airport,-3.22931,40.1017,KE,Kenya,KE-300,MYD
31996,VOMY,Mysore Airport,medium_airport,12.229751,76.653683,IN,India,IN-KA,MYQ
32004,BGQQ,Qaanaaq Airport,medium_airport,77.488602,-69.388702,GL,Greenland,GL-AV,NAQ
32013,UTNN,Nukus International Airport,large_airport,42.4884,59.623299,UZ,Uzbekistan,UZ-QR,NCU
32038,UTFN,Namangan International Airport,large_airport,40.984622,71.5578,UZ,Uzbekistan,UZ-NG,NMA
32040,ULAM,Naryan Mar Airport,medium_airport,67.639999,53.121899,RU,Russian Federation,RU-NEN,NNM
32045,UNWW,Spichenkovo Airport,medium_airport,53.811401,86.877197,RU,Russian Federation,RU-KEM,NOZ
32048,ZSNT,Nantong Xingdong International Airport,medium_airport,32.073566,120.980076,CN,China,CN-32,NTG
32057,USMU,Novy Urengoy Airport,medium_airport,66.06939697265625,76.52030181884766,RU,Russian Federation,RU-YAN,NUX
32066,HKNL,Nanyuki Airport,medium_airport,-0.062399,37.041008,KE,Kenya,KE-200,NYK
32108,OKAJ,Ahmed Al Jaber Air Base,medium_airport,28.9347991943,47.791900634799994,KW,Kuwait,KW-AH,XIJ
32124,OPMS,Minhas Air Base,medium_airport,33.8690986633,72.4009017944,PK,Pakistan,PK-PB,ATG
32146,MTPX,Port-de-Paix Airport,medium_airport,19.934045,-72.84801,HT,Haiti,HT-NO,PAX
32154,UUYP,Pechora Airport,medium_airport,65.121101,57.130798,RU,Russian Federation,RU-KO,PEX
32155,UWPP,Penza Airport,medium_airport,53.110599517822266,45.02109909057617,RU,Russian Federation,RU-PNZ,PEZ
32160,MRPJ,Puerto Jimenez Airport,medium_airport,8.533329963684082,-83.30000305175781,CR,Costa Rica,CR-P,PJM
32192,DNSU,Warri Airport,medium_airport,5.59821,5.8187,NG,Nigeria,NG-DE,QRW
32193,DAAS,Ain Arnat Airport,medium_airport,36.178488,5.329909,DZ,Algeria,DZ-19,QSF
32234,HUAR,Arua Airport,medium_airport,3.049152,30.911714,UG,Uganda,UG-N,RUA
32235,ZSRG,Rugao Air Base,medium_airport,32.258341,120.501131,CN,China,CN-32,RUG
32240,SURV,Pres. Gral. Óscar D. Gestido Binational Airport,medium_airport,-30.9746,-55.4762,UY,Uruguay,UY-RV,RVY
32241,UUBK,Staroselye Airport,medium_airport,58.104198,38.929401,RU,Russian Federation,RU-YAR,RYB
32245,TNCS,Juancho E. Yrausquin Airport,medium_airport,17.64533,-63.220514,BQ,"Bonaire, Sint Eustatius and Saba",BQ-SA,SAB
32249,TFFJ,St. Jean Airport,medium_airport,17.904398,-62.843333,BL,Saint Barthélemy,BL-U-A,SBH
32290,OPSR,Mushaf Air Base,medium_airport,32.04859924316406,72.66500091552734,PK,Pakistan,PK-PB,SGI
32299,ZLSN,Xi'an Xiguan Airport,medium_airport,34.376701,109.120003,CN,China,CN-61,SIA
32305,SBAE,Bauru/Arealva–Moussa Nakhal Tobias State Airport,medium_airport,-22.160755,-49.070325,BR,Brazil,BR-SP,JTC
32335,GLGE,Greenville/Sinoe Airport,medium_airport,5.032124,-9.064236,LR,Liberia,LR-SI,SNI
32336,MUSJ,San Julián Air Base,medium_airport,22.100525,-84.157376,CU,Cuba,CU-01,SNJ
32370,BZ-SPR,John Greif II Airport,medium_airport,17.9139,-87.9711,BZ,Belize,BZ-CY,SPR
32400,ZGOW,Jieyang Chaoshan International Airport,large_airport,23.552,116.5033,CN,China,CN-44,SWA
32406,ZWSS,Shanshan Airport,medium_airport,42.911701,90.247498,CN,China,CN-65,SXJ
32420,ZSSZ,Suzhou Guangfu Airport,medium_airport,31.2631,120.401001,CN,China,CN-32,SZV
32427,UUOT,Donskoye Airport,medium_airport,52.806099,41.4828,RU,Russian Federation,RU-TAM,TBW
32439,NWWA,Tiga Airport,medium_airport,-21.096407,167.80379,NC,New Caledonia,NC-01,TGJ
32440,ZBTL,Tongliao Airport,medium_airport,43.556702,122.199997,CN,China,CN-15,TGO
32468,UNTT,Tomsk Kamov Airport,large_airport,56.380299,85.208298,RU,Russian Federation,RU-TOM,TOF
32489,ZSTX,Huangshan Tunxi International Airport,large_airport,29.733299,118.255997,CN,China,CN-34,TXN
32495,UACP,Petropavl International Airport,large_airport,54.775622,69.187415,KZ,Kazakhstan,KZ-SEV,PPK
32506,UUYH,Ukhta Airport,medium_airport,63.566898,53.804699,RU,Russian Federation,RU-KO,UCT
32509,UEMA,Moma Airport,medium_airport,66.450861,143.261551,RU,Russian Federation,RU-SA,MQJ
32510,UEMO,Olyokminsk Airport,medium_airport,60.401833,120.476094,RU,Russian Federation,RU-SA,OLZ
32512,UERL,Lensk Airport,medium_airport,60.7206001282,114.825996399,RU,Russian Federation,RU-SA,ULK
32514,UESO,Chokurdakh Airport,medium_airport,70.6231,147.901993,RU,Russian Federation,RU-SA,CKH
32534,UKOH,Kherson International Airport,medium_airport,46.6758,32.506401,UA,Ukraine,UA-65,KHE
32542,TVSU,Union Island International Airport,medium_airport,12.600135,-61.411945,VC,Saint Vincent and the Grenadines,VC-06,UNI
32544,UNIW,Vanavara Airport,medium_airport,60.356229,102.309641,RU,Russian Federation,RU-KYA,VAQ
32546,UNSS,Strezhevoy Airport,medium_airport,60.7094,77.660004,RU,Russian Federation,RU-TOM,SWT
32548,USHU,Uray Airport,medium_airport,60.103298,64.826698,RU,Russian Federation,RU-KHM,URJ
32554,USHS,Sovetskiy Airport,medium_airport,61.326622009277344,63.60191345214844,RU,Russian Federation,RU-KHM,OVS
32555,UUYS,Usinsk Airport,medium_airport,66.0047,57.367199,RU,Russian Federation,RU-KO,USK
32556,UTDT,Bokhtar International Airport,large_airport,37.866315,68.864475,TJ,Tajikistan,TJ-KT,KQT
32561,UTSA,Navoi International Airport,large_airport,40.117599,65.172658,UZ,Uzbekistan,UZ-NW,NVI
32563,ZLYL,Yulin Yuyang Airport,medium_airport,38.35971,109.590927,CN,China,CN-61,UYN
32571,ULWW,Vologda Airport,medium_airport,59.282501,39.944401,RU,Russian Federation,RU-VLG,VGD
32575,TUPW,Virgin Gorda Airport,medium_airport,18.446634,-64.427932,VG,Virgin Islands (British),VG-U-A,VIJ
32580,VVRG,Rach Gia Airport,medium_airport,9.95802997234,105.132379532,VN,Viet Nam,VN-SW,VKG
32581,UUYW,Vorkuta Airport,medium_airport,67.488602,63.993099,RU,Russian Federation,RU-KO,VKT
32593,BIVO,Vopnafjörður Airport,medium_airport,65.720596,-14.8506,IS,Iceland,IS-7,VPN
32634,WASS,Domine Eduard Osok Airport,medium_airport,-0.894,131.287,ID,Indonesia,ID-PB,SOQ
32646,ZSWF,Weifang Nanyuan Airport,medium_airport,36.646702,119.119003,CN,China,CN-37,WEF
32672,ZSWZ,Wenzhou Longwan International Airport,large_airport,27.910572,120.853465,CN,China,CN-33,WNZ
32683,ZSWY,Nanping Wuyishan Airport,medium_airport,27.7019,118.000999,CN,China,CN-35,WUS
32684,ZSWX,Sunan Shuofang International Airport,large_airport,31.496952,120.43038,CN,China,CN-32,WUX
32689,GFYE,Yengema Airport,medium_airport,8.61047,-11.0454,SL,Sierra Leone,SL-E,WYE
32697,ZHXF,Xiangyang Liuji Airport,medium_airport,32.152222,112.291666,CN,China,CN-42,XFN
32700,ZBXH,Xilinhot Airport,medium_airport,43.91559982299805,115.96399688720705,CN,China,CN-15,XIL
32709,ZLXN,Xining Caojiabao International Airport,large_airport,36.52775,102.040215,CN,China,CN-63,XNN
32713,ZSXZ,Xuzhou Guanyin International Airport,medium_airport,34.059056,117.555278,CN,China,CN-32,XUZ
32723,ZHYC,Yichang Sanxia Airport,medium_airport,30.554132,111.482563,CN,China,CN-42,YIH
32726,ZSYW,Yiwu Airport,large_airport,29.342095,120.03116,CN,China,CN-33,YIW
34946,BY-0001,Orsha Airport - Balbasovo Air Base,medium_airport,54.439999,30.2967,BY,Belarus,BY-VI,TXC
34969,UUMU,Chkalovskiy Air Base,medium_airport,55.8783,38.061699,RU,Russian Federation,RU-MOS,CKL
35104,UWLL,Ulyanovsk Baratayevka Airport,large_airport,54.268299,48.2267,RU,Russian Federation,RU-ULY,ULV
35124,ULAH,Vaskovo Airport,medium_airport,64.441704,40.4217,RU,Russian Federation,RU-ARK,VKV
35138,WPOC,Oecusse Route of the Sandalwood International Airport,large_airport,-9.198419,124.337873,TL,Timor-Leste,TL-OE,OEC
35141,VOHS,Rajiv Gandhi International Airport,large_airport,17.231318,78.429855,IN,India,IN-TG,HYD
35144,VVDH,Dong Hoi Airport,medium_airport,17.515,106.590556,VN,Viet Nam,VN-NC,VDH
35145,VOBL,Kempegowda International Airport Bengaluru,large_airport,13.1979,77.706299,IN,India,IN-KA,BLR
35158,NVSQ,Gaua Island Airport,medium_airport,-14.2181,167.587006,VU,Vanuatu,VU-TOB,ZGU
35174,UWKB,Bugulma Airport,medium_airport,54.641184,52.800229,RU,Russian Federation,RU-TA,UUA
35175,USMM,Nadym Airport,medium_airport,65.48090362548828,72.69889831542969,RU,Russian Federation,RU-YAN,NYM
35176,USRO,Noyabrsk Airport,medium_airport,63.18330001831055,75.2699966430664,RU,Russian Federation,RU-YAN,NOJ
35177,UHOO,Okhotsk Airport,medium_airport,59.410065,143.056503,RU,Russian Federation,RU-KHA,OHO
35178,RPVB,Bacolod-Silay International Airport,large_airport,10.776237,123.018879,PH,Philippines,PH-NEC,BCD
35179,AYBA,Baimuru Airport,medium_airport,-7.496955,144.821756,PG,Papua New Guinea,PG-GPK,VMU
35180,AYBM,Balimo Airport,medium_airport,-8.05000019073,142.932998657,PG,Papua New Guinea,PG-WPD,OPU
35213,ZKWS,Wonsan Kalma International Airport,medium_airport,39.166801,127.486,KP,"Korea, Democratic People's Republic of",KP-07,WOS
35218,ZKSD,Sondok Airport,medium_airport,39.745201,127.473999,KP,"Korea, Democratic People's Republic of",KP-08,DSO
35242,ZKHM,Orang (Chongjin) Airport,medium_airport,41.428538,129.647555,KP,"Korea, Democratic People's Republic of",KP-09,RGO
35276,OIKQ,Qeshm International Airport,large_airport,26.754639,55.902353,IR,"Iran, Islamic Republic of",IR-22,GSM
35306,VDRK,Ratanakiri Airport,medium_airport,13.729999542236328,106.98699951171876,KH,Cambodia,KH-16,RBE
35308,ZLGM,Golmud Airport,medium_airport,36.4006,94.786102,CN,China,CN-63,GOQ
35316,ZSYN,Yancheng Nanyang International Airport,large_airport,33.428317,120.20545,CN,China,CN-32,YNZ
41428,WAJO,Oksibil Airport,medium_airport,-4.9071,140.6277,ID,Indonesia,ID-PP,OKL
41437,WAKT,Tanah Merah Airport,medium_airport,-6.09669,140.303521,ID,Indonesia,ID-PS,TMH
41513,SYGO,Eugene F. Correia International Airport,medium_airport,6.805881,-58.107657,GY,Guyana,GY-DE,OGL
41567,VMI,Aeropuerto Nacional Doctor Juan Plate,medium_airport,-22.159371,-57.942395,PY,Paraguay,PY-1,VMI
41624,OPST,Sialkot International Airport,large_airport,32.535941,74.364623,PK,Pakistan,PK-PB,SKT
41868,UAAT,Taldykorgan Airport,medium_airport,45.12255,78.442758,KZ,Kazakhstan,KZ-JET,TDK
41886,UASB,Ekibastuz Airport,medium_airport,51.59099960327149,75.21499633789062,KZ,Kazakhstan,KZ-PAV,EKB
41925,MRAN,La Fortuna Arenal Airport,medium_airport,10.469311,-84.579073,CR,Costa Rica,CR-A,FON
42207,BZ-DGA,Dangriga Airport,medium_airport,16.98251,-88.230988,BZ,Belize,BZ-SC,DGA
42209,BZ-CZH,Corozal Airport,medium_airport,18.3822,-88.411903,BZ,Belize,BZ-CZL,CZH
42210,BZ-SJX,Sartaneja Airport,medium_airport,18.3561,-88.130798,BZ,Belize,BZ-CZL,SJX
42215,BZ-TZA,Sir Barry Bowen Municipal Airport,medium_airport,17.517239,-88.195775,BZ,Belize,BZ-BZ,TZA
42217,MZPL,Placencia Airport,medium_airport,16.536957,-88.361511,BZ,Belize,BZ-SC,PLJ
42320,TJCP,Benjamin Rivera Noriega Airport,medium_airport,18.312954,-65.303893,PR,Puerto Rico,PR-U-A,CPX
42321,TJRV,José Aponte de la Torre Airport,medium_airport,18.247262,-65.63979,PR,Puerto Rico,PR-U-A,NRR
42526,OITU,Maku National Airport,medium_airport,39.191293,44.928505,IR,"Iran, Islamic Republic of",IR-04,IMQ
42550,KWY,Kiwayu Airport,medium_airport,-1.96056,41.297501,KE,Kenya,KE-300,KWY
42913,UNBG,Gorno-Altaysk Airport,medium_airport,51.969204,85.836539,RU,Russian Federation,RU-AL,RGK
42924,URMG,Akhmat Kadyrov Grozny International Airport,large_airport,43.388106,45.699772,RU,Russian Federation,RU-CE,GRV
42930,UITT,Ust-Kut Airport,medium_airport,56.856701,105.730003,RU,Russian Federation,RU-IRK,UKX
42934,UUBC,Grabtsevo Airport,medium_airport,54.5499992371,36.3666687012,RU,Russian Federation,RU-KLU,KLF
42943,USRN,Nefteyugansk Airport,medium_airport,61.108299,72.650002,RU,Russian Federation,RU-KHM,NFG
42944,USHN,Nyagan Airport,medium_airport,62.110001,65.614998,RU,Russian Federation,RU-KHM,NYA
42945,USKK,Pobedilovo Airport,medium_airport,58.503883,49.347831,RU,Russian Federation,RU-KIR,KVX
42946,UUYI,Inta Airport,medium_airport,66.053372,60.105786,RU,Russian Federation,RU-KO,INA
42949,UUYX,Ust-Tsylma Airport,medium_airport,65.437294,52.200336,RU,Russian Federation,RU-KO,UTS
42951,UNIB,Baykit Airport,medium_airport,61.676701,96.355003,RU,Russian Federation,RU-KYA,BKA
42953,UODD,Dikson Airport,medium_airport,73.517807,80.379669,RU,Russian Federation,RU-KYA,DKS
42955,UNIP,Podkamennaya Tunguska Airport,medium_airport,61.589699,89.994003,RU,Russian Federation,RU-KYA,TGP
42956,UNIS,Severo-Yeniseysk Airport,medium_airport,60.373299,93.011703,RU,Russian Federation,RU-KYA,VEO
42958,UOIG,Svetlogorsk Airport,medium_airport,66.839996,88.403336,RU,Russian Federation,RU-KYA,SES
42962,UHMW,Severo-Evensk Airport,medium_airport,61.921786,159.229059,RU,Russian Federation,RU-MAG,SWV
42965,UWPS,Saransk International Airport,large_airport,54.12513,45.212257,RU,Russian Federation,RU-MO,SKX
42967,UUBW,Zhukovsky International Airport,large_airport,55.553299,38.150002,RU,Russian Federation,RU-MOS,ZIA
42979,UEMM,Magan Airport,medium_airport,62.103484,129.545288,RU,Russian Federation,RU-SA,GYG
42980,UESU,Zyryanka Airport,medium_airport,65.7485,150.8889,RU,Russian Federation,RU-SA,ZKP
42994,ULWU,Velikiy Ustyug Airport,medium_airport,60.7883,46.259998,RU,Russian Federation,RU-VLG,VUS
43006,UENW,Vilyuisk Airport,medium_airport,63.756668,121.693336,RU,Russian Federation,RU-SA,VYI
43048,MMTG,Angel Albino Corzo International Airport,medium_airport,16.561611,-93.025731,MX,Mexico,MX-CHP,TGZ
43060,MMCC,Ciudad Acuña International Airport,medium_airport,29.333662,-101.100555,MX,Mexico,MX-COA,ACN
43074,TRPG,John A. Osborne Airport,large_airport,16.791835,-62.193204,MS,Montserrat,MS-SP,MNI
43226,SYKA,Kaieteur Airport,medium_airport,5.177349,-59.48898,GY,Guyana,GY-PT,KAI
43667,UESG,Belaya Gora Airport,medium_airport,68.556227,146.22784,RU,Russian Federation,RU-SA,BGN
43684,UEVV,Zhigansk Airport,medium_airport,66.7965011597,123.361000061,RU,Russian Federation,RU-SA,ZIX
43689,URMS,Magas Airport,medium_airport,43.323268,45.012568,RU,Russian Federation,RU-IN,IGT
43692,USHQ,Beloyarskiy Airport,medium_airport,63.686901,66.698601,RU,Russian Federation,RU-KHM,EYK
43693,USHB,Berezovo Airport,medium_airport,63.92100143432617,65.03050231933594,RU,Russian Federation,RU-KHM,EZV
43866,UHKM,Sovetskaya Gavan (Maygatka) Airport,medium_airport,48.925067,140.035348,RU,Russian Federation,RU-KHA,GVN
43883,UBBY,Zaqatala International Airport,medium_airport,41.557823,46.669464,AZ,Azerbaijan,AZ-ZAQ,ZTU
44006,LV-8040,Daugavpils International Airport,medium_airport,55.944721,26.665001,LV,Latvia,LV-111,DGP
44100,ZBZJ,Zhangjiakou Ningyuan Airport,medium_airport,40.738664,114.933395,CN,China,CN-13,ZQZ
44103,ZPBS,Baoshan Yunrui Airport,medium_airport,25.053301,99.168297,CN,China,CN-53,BSD
44116,ZPLC,Lincang Boshang Airport,medium_airport,23.7381,100.025002,CN,China,CN-53,LNJ
44122,ZURK,Xigaze Peace Airport / Shigatse Air Base,large_airport,29.350876,89.299157,CN,China,CN-54,RKZ
44126,ZUZH,Panzhihua Bao'anying Airport,medium_airport,26.54,101.79852,CN,China,CN-51,PZI
44127,ZPYM,Yuanmou Air Base,medium_airport,25.737499,101.882004,CN,China,CN-53,YUA
44139,ZGFS,Foshan Shadi Airport,medium_airport,23.0825,113.070833,CN,China,CN-44,FUO
44146,ZGHZ,Huizhou Pingtan Airport,medium_airport,23.049999,114.599998,CN,China,CN-44,HUZ
44157,CN-0079,Shaoguan Danxia Airport,medium_airport,24.9786,113.420998,CN,China,CN-44,HSC
44159,CN-0081,Jinggangshan Airport,medium_airport,26.856899,114.737,CN,China,CN-36,JGS
44160,ZGBS,Baise (Bose) Bama Airport,medium_airport,23.7206,106.959999,CN,China,CN-45,AEB
44167,ZSLG,Lianyungang Huaguoshan International Airport,large_airport,34.41406,119.17899,CN,China,CN-32,LYG
44169,ZSDY,Dongying Shengli Airport,medium_airport,37.50137,118.789863,CN,China,CN-37,DOY
44182,ZYXC,Xingcheng Air Base,medium_airport,40.580328,120.700374,CN,China,CN-21,XEN
44191,ZWAT,Altay Xuedu Airport,medium_airport,47.749886,88.085808,CN,China,CN-65,AAT
44208,ZLTS,Tianshui Maijishan Airport,medium_airport,34.5601,105.860343,CN,China,CN-62,THQ
44221,ZLZY,Zhangye Ganzhou Airport,medium_airport,38.801899,100.675003,CN,China,CN-62,YZY
44232,CN-0154,Jiaxing Nanhu Airport,medium_airport,30.698056,120.663056,CN,China,CN-33,JNH
44234,ZSLO,Liancheng Guanzhishan Airport,medium_airport,25.67592,116.745907,CN,China,CN-35,LCX
44267,ZYDD,Dandong Langtou International Airport,medium_airport,40.025453,124.28669,CN,China,CN-21,DDG
44293,UKFB,Sevastopol International Airport / Belbek Air Base,medium_airport,44.691822,33.57462,UA,Ukraine,UA-43,UKS
44301,RU-0089,Krymsk Air Base,medium_airport,44.962905,37.999071,RU,Russian Federation,RU-KDA,NOI
44336,UAOL,Baikonur Krayniy International Airport,large_airport,45.621994,63.210773,KZ,Kazakhstan,KZ-BAY,BXY
44383,TM-0002,Balkanabat International Airport,large_airport,39.681052,54.206008,TM,Turkmenistan,TM-B,BKN
44425,UNKM,Krasnoyarsk Cheremshanka Airport,medium_airport,56.177584,92.545881,RU,Russian Federation,RU-KYA,KCY
44473,UHMK,Keperveem Airport,medium_airport,67.845001,166.139999,RU,Russian Federation,RU-CHU,KPW
44483,DTNH,Enfidha - Hammamet International Airport,medium_airport,36.075833,10.438611,TN,Tunisia,TN-51,NBE
44484,LTDA,Hatay Airport,medium_airport,36.362778,36.282223,TR,Türkiye,TR-31,HTY
44487,LTFG,Gazipaşa-Alanya Airport,medium_airport,36.299217,32.300598,TR,Türkiye,TR-07,GZP
44491,LTCS,Şanlıurfa GAP Airport,large_airport,37.445663,38.895592,TR,Türkiye,TR-63,GNY
44571,NGFU,Funafuti International Airport,medium_airport,-8.523885,179.196976,TV,Tuvalu,TV-FUN,FUN
44578,DNGO,Gombe Lawanti International Airport,medium_airport,10.298889,10.9,NG,Nigeria,NG-GO,GMO
44611,UHNN,Nikolayevsk-na-Amure Airport,medium_airport,53.154999,140.649994,RU,Russian Federation,RU-KHA,NLI
44646,LCGK,Lefkoniko Airport / Geçitkale Air Base,medium_airport,35.23591,33.720088,CY,Cyprus,CY-03,GEC
44662,UEMT,Ust-Nera Airport,medium_airport,64.550003,143.115005,RU,Russian Federation,RU-SA,USR
44686,OTHH,Hamad International Airport,large_airport,25.273056,51.608056,QA,Qatar,QA-DA,DOH
44789,LTCB,Ordu–Giresun Airport,medium_airport,40.966872,38.085995,TR,Türkiye,TR-52,OGU
44790,LTCT,Iğdır Airport,medium_airport,39.976627,43.876648,TR,Türkiye,TR-76,IGD
44865,URRT,Taganrog Yuzhny Airport,medium_airport,47.1983333,38.8491667,RU,Russian Federation,RU-ROS,TGK
44870,UERS,Saskylakh Airport,medium_airport,71.927902,114.080002,RU,Russian Federation,RU-SA,SYS
44941,AZ-0001,Zabrat Airport,medium_airport,40.494884,49.977065,AZ,Azerbaijan,AZ-BA,ZXT
44992,RU-10076,Smolensk North Airport,medium_airport,54.824,32.025,RU,Russian Federation,RU-SMO,LNX
45191,RU-10077,Yeysk Airport,medium_airport,46.68,38.21,RU,Russian Federation,RU-KDA,EIK
45961,KBBG,Branson Airport,medium_airport,36.532082,-93.200544,US,United States of America,US-MO,BKG
46512,IN-0025,Maharshi Valmiki International Airport,medium_airport,26.747736,82.163664,IN,India,IN-UP,AYJ
46530,KECP,Northwest Florida Beaches International Airport,medium_airport,30.357106,-85.795414,US,United States of America,US-FL,ECP
46583,LERL,Ciudad Real International Airport,medium_airport,38.856479,-3.969944,ES,Spain,ES-CM,CQM
46650,ZWBL,Bole Alashankou Airport,medium_airport,44.895461,82.30007,CN,China,CN-65,BPL
298716,LICB,Comiso Airport,medium_airport,36.99583,14.60889,IT,Italy,IT-82,CIY
298989,ZLIC,Yinchuan Hedong International Airport,large_airport,38.322758,106.393214,CN,China,CN-64,INC
299238,RJNS,Mount Fuji Shizuoka Airport,large_airport,34.795022,138.190976,JP,Japan,JP-22,FSZ
299629,WADL,Lombok International Airport,large_airport,-8.759962,116.278169,ID,Indonesia,ID-NB,LOP
299738,OM-0003,Duqm International Airport,large_airport,19.501944,57.634167,OM,Oman,OM-WU,DQM
299742,OOSH,Suhar International Airport,large_airport,24.38604,56.62541,OM,Oman,OM-BA,OHS
299747,OM-0004,Mussanah Airport,medium_airport,23.640556,57.4875,OM,Oman,OM-BA,MNH
300239,HAHM,Harar Meda Airport,medium_airport,8.7163,39.0059,ET,Ethiopia,ET-OR,QHR
300320,OMDW,Al Maktoum International Airport,large_airport,24.896171,55.16235,AE,United Arab Emirates,AE-DU,DWC
300455,ZBYC,Yuncheng Yanhu International Airport,large_airport,35.117823,111.034023,CN,China,CN-61,YCU
300512,ZUJZ,Jiuzhai Huanglong Airport,medium_airport,32.853333,103.682222,CN,China,CN-51,JZH
300513,ZBDS,Ordos Ejin Horo International Airport,large_airport,39.493514,109.8599,CN,China,CN-15,DSN
300514,ZUTC,Tengchong Tuofeng Airport,medium_airport,24.938056,98.485833,CN,China,CN-53,TCZ
300516,ZLYS,Yushu Batang Airport,medium_airport,32.836389,97.036389,CN,China,CN-63,YUS
300544,ZYBS,Changbaishan Airport,medium_airport,42.066944,127.602222,CN,China,CN-22,NBS
300545,ZUAL,Ngari Gunsa Airport,medium_airport,32.09794,80.053971,CN,China,CN-54,NGQ
300565,NG-0004,Port Harcourt City Airport / Port Harcourt Air Force Base,medium_airport,4.846111,7.021389,NG,Nigeria,NG-RI,PHG
300605,GMFB,Bouarfa Airport,medium_airport,32.514306,-1.983056,MA,Morocco,MA-02,UAR
300611,OEAO,Al-Ula International Airport,medium_airport,26.483634,38.117048,SA,Saudi Arabia,SA-03,ULH
300671,ZBER,Erenhot Saiwusu International Airport,medium_airport,43.424079,112.091081,CN,China,CN-15,ERL
300673,HSMN,Merowe Airport,medium_airport,18.443333,31.843333,SD,Sudan,SD-01,MWE
300740,UBBQ,Gabala International Airport,medium_airport,40.808617,47.725389,AZ,Azerbaijan,AZ-QAB,GBB
300741,ZLGY,Guyuan Liupanshan Airport,medium_airport,36.078889,106.216944,CN,China,CN-64,GYU
300781,DNAS,Asaba International Airport,large_airport,6.204167,6.665278,NG,Nigeria,NG-DE,ABB
300785,ZUAS,Anshun Huangguoshu Airport,medium_airport,26.260556,105.873333,CN,China,CN-52,AVA
300795,FALE,King Shaka International Airport,large_airport,-29.6144444444,31.1197222222,ZA,South Africa,ZA-NL,DUR
300859,LECH,Castellón-Costa Azahar Airport,medium_airport,40.213889,0.073333,ES,Spain,ES-VC,CDT
300860,ZBHD,Handan Airport,medium_airport,36.524824,114.424126,CN,China,CN-13,HDG
300863,ZSSH,Huai'an Lianshui Airport,large_airport,33.792712,119.126657,CN,China,CN-32,HIA
300865,ZUQJ,Qianjiang Wulingshan Airport,medium_airport,29.5133333333,108.831111111,CN,China,CN-50,JIQ
300890,ZGCJ,Huaihua Zhijiang Airport,medium_airport,27.443087,109.704666,CN,China,CN-43,HJJ
300893,HESG,Sohag International Airport,large_airport,26.342515,31.743017,EG,Egypt,EG-SHG,HMB
301009,ZYJD,Daxing'anling Elunchun Airport,medium_airport,50.371389,124.1175,CN,China,CN-23,JGD
301193,ZYMH,Mohe Gulian Airport,medium_airport,52.916871,122.422759,CN,China,CN-23,OHE
301316,VRMV,Villa International Airport Maamigili,medium_airport,3.471751,72.832633,MV,Maldives,MV-00,VAM
301647,ZUYI,Xingyi Wanfenglin Airport,medium_airport,25.083423,104.960804,CN,China,CN-52,ACX
301824,VVCM,Cà Mau Airport,medium_airport,9.177667,105.177778,VN,Viet Nam,VN-SW,CAH
301881,EDDB,Berlin Brandenburg Airport,large_airport,52.361738,13.502341,DE,Germany,DE-BR,BER
301883,ZSBB,Bengbu Renheji Airport,medium_airport,32.847733,117.320244,CN,China,CN-34,BFU
302303,RKJB,Muan International Airport,large_airport,34.991406,126.382814,KR,"Korea, Republic of",KR-46,MWX
302314,ZUTR,Tongren Fenghuang Airport,medium_airport,27.883333,109.308889,CN,China,CN-52,TEN
302316,ZMUG,Ulaangom Airport,medium_airport,50.066588,91.938273,MN,Mongolia,MN-046,ULO
307012,ZYLD,Yichun Lindu Airport,medium_airport,47.752056,129.019125,CN,China,CN-23,LDS
307013,ZYTN,Tonghua Sanyuanpu Airport,medium_airport,42.048435,125.733963,CN,China,CN-22,TNH
308033,FDSK,King Mswati III International Airport,large_airport,-26.358611,31.716944,SZ,Eswatini,SZ-LU,SHO
308134,LEMI,Region of Murcia International Airport,large_airport,37.802852,-1.124884,ES,Spain,ES-MC,RMU
308204,SBZM,Presidente Itamar Franco Airport,medium_airport,-21.513086,-43.173069,BR,Brazil,BR-MG,IZA
308238,ZGLG,Yongzhou Lingling Airport,medium_airport,26.338661,111.610043,CN,China,CN-43,LLF
308240,ZSFY,Fuyang Xiguan Airport,medium_airport,32.882157,115.734364,CN,China,CN-34,FUG
308273,SEQM,Mariscal Sucre International Airport,large_airport,-0.125399,-78.354306,EC,Ecuador,EC-P,UIO
308293,VNTJ,Taplejung Airport,medium_airport,27.3509,87.69525,NP,Nepal,NP-P1,TPJ
308328,LEDA,Lleida-Alguaire Airport,medium_airport,41.728185,0.535023,ES,Spain,ES-CT,ILD
308403,ZUZY,Zunyi Xinzhou Airport,medium_airport,27.810723,107.247189,CN,China,CN-52,ZYI
308462,ZLZW,Zhongwei Shapotou Airport,medium_airport,37.573125,105.154454,CN,China,CN-64,ZHY
308633,RPMY,Laguindingan International Airport,large_airport,8.612203,124.456496,PH,Philippines,PH-MSR,CGY
308728,ZBUH,Wuhai Airport,medium_airport,39.7934,106.7993,CN,China,CN-15,WUA
308739,ZUGH,Guanghan Airport,medium_airport,30.9485,104.3296,CN,China,CN-51,GHN
308782,ZUNP,Liping Airport,medium_airport,26.32217,109.1499,CN,China,CN-52,HZH
308995,VQGP,Gelephu Airport,medium_airport,26.88456,90.46412,BT,Bhutan,BT-31,GLU
309411,SEJD,Jumandy Airport,medium_airport,-1.060185,-77.580525,EC,Ecuador,EC-N,TNW
309484,EPLB,Lublin Airport,large_airport,51.240157,22.713461,PL,Poland,PL-LU,LUZ
309577,WIMM,Kualanamu International Airport,large_airport,3.637847,98.870566,ID,Indonesia,ID-SU,KNO
309579,VCRI,Mattala Rajapaksa International Airport,large_airport,6.283878,81.124163,LK,Sri Lanka,LK-3,HRI
309668,DNAI,Akwa Ibom International Airport,medium_airport,4.8725,8.093,NG,Nigeria,NG-AK,QUO
311028,ORNI,Al Najaf International Airport,large_airport,31.991116,44.405019,IQ,Iraq,IQ-NA,NJF
312371,ZUHY,Hongyuan Airport,medium_airport,32.53154,102.35224,CN,China,CN-51,AHJ
312665,FNBJ,Dr. Antonio Agostinho Neto International Airport,large_airport,-9.050734,13.499078,AO,Angola,AO-LUA,NBJ
312986,ZLXH,Gannan Xiahe Airport,medium_airport,34.819014,102.622261,CN,China,CN-62,GXH
313262,SBSG,Rio Grande do Norte/São Gonçalo do Amarante–Governador Aluízio Alves International Airport,large_airport,-5.769822,-35.36661,BR,Brazil,BR-RN,NAT
313314,HAJJ,Gerad Wilwal International Airport,large_airport,9.331907,42.911811,ET,Ethiopia,ET-SO,JIJ
313337,ZYJX,Jixi Xingkaihu Airport,medium_airport,45.293,131.193,CN,China,CN-23,JXA
313426,ZWKN,Burqin Kanas Airport,medium_airport,48.2223,86.9959,CN,China,CN-65,KJI
313427,ZUKJ,Kaili Huangping Airport,medium_airport,26.972,107.988,CN,China,CN-52,KJH
313994,ZYFY,Fuyuan Dongji Airport,medium_airport,48.197219,134.36298,CN,China,CN-23,FYJ
314499,ZBYZ,Bayannur Tianjitai Airport,medium_airport,40.926358,107.74093,CN,China,CN-15,RLK
314558,AXF,Alxa Left Banner Bayanhot Airport,medium_airport,38.748317,105.58416,CN,China,CN-15,AXF
314783,SCQP,La Araucanía International Airport,large_airport,-38.9259,-72.6515,CL,Chile,CL-AR,ZCO
314799,ZWTL,Turpan Jiaohe Airport,medium_airport,43.0308,89.0987,CN,China,CN-65,TLQ
315119,YBWW,Toowoomba Wellcamp Airport,large_airport,-27.558332,151.793335,AU,Australia,AU-QLD,WTB
315271,UG-0002,Savannah Airstrip,medium_airport,-0.7165,29.6997,UG,Uganda,UG-W,KHX
315653,OMBY,Sir Bani Yas Airport,medium_airport,24.283611,52.580278,AE,United Arab Emirates,AE-AZ,XSB
315853,ZSYC,Yichun Mingyueshan Airport,medium_airport,27.8025,114.3062,CN,China,CN-36,YIC
315854,ZBES,Arxan Yi'ershi Airport,medium_airport,47.3106,119.9117,CN,China,CN-15,YIE
316329,LTFO,Rize–Artvin Airport,large_airport,41.179766,40.848802,TR,Türkiye,TR-53,RZV
316427,LETL,Teruel Airport,medium_airport,40.410269,-1.217366,ES,Spain,ES-AR,TEV
316498,ESKS,Scandinavian Mountains Airport,large_airport,61.16508,12.83352,SE,Sweden,SE-W,SCR
316519,ZYBA,Baicheng Chang'an Airport,medium_airport,45.505278,123.019722,CN,China,CN-22,DBC
316546,LTCV,Şırnak Şerafettin Elçi Airport,medium_airport,37.3647,42.0582,TR,Türkiye,TR-73,NKT
316547,NLH,Ninglang Luguhu Airport,medium_airport,27.5403,100.7593,CN,China,CN-53,NLH
316548,ZWNL,Xinyuan Nalati Airport,medium_airport,43.4318,83.3786,CN,China,CN-65,NLT
316761,UESK,Srednekolymsk Airport,medium_airport,67.4805,153.7364,RU,Russian Federation,RU-SA,SEK
316767,ZSSR,Shangrao Sanqingshan Airport,medium_airport,28.3797,117.9643,CN,China,CN-36,SQD
316774,ZSSM,Sanming Shaxian Airport,medium_airport,26.4263,117.8336,CN,China,CN-35,SQJ
316826,OCS,Corisco International Airport,large_airport,0.910937,9.33027,GQ,Equatorial Guinea,GQ-LI,OCS
317457,LTFM,İstanbul Airport,large_airport,41.274874,28.732136,TR,Türkiye,TR-34,IST
317774,ZSYA,Yangzhou Taizhou Airport,medium_airport,32.5634,119.7198,CN,China,CN-32,YTY
317861,ZYYK,Yingkou Lanqi Airport,medium_airport,40.542524,122.3586,CN,China,CN-21,YKH
317863,LTCW,Hakkari Yüksekova Airport,medium_airport,37.5497,44.2381,TR,Türkiye,TR-30,YKO
317982,VEDG,Kazi Nazrul Islam Airport,medium_airport,23.6225,87.243,IN,India,IN-WB,RDP
318152,ZGHC,Hechi Jinchengjiang Airport,medium_airport,24.804344,107.710819,CN,China,CN-45,HCJ
318169,ZUBJ,Bijie Feixiong Airport,medium_airport,27.267066,105.472097,CN,China,CN-52,BFJ
318173,ZHSY,Shiyan Wudangshan Airport,medium_airport,32.592889,110.906296,CN,China,CN-42,WDS
318174,ZBDH,Qinhuangdao Beidaihe Airport,medium_airport,39.666384,119.061384,CN,China,CN-13,BPE
318304,SANR,Termas de Río Hondo international Airport,medium_airport,-27.4966,-64.93595,AR,Argentina,AR-G,RHD
318444,FHSH,Saint Helena International Airport,medium_airport,-15.958898,-5.646066,SH,"Saint Helena, Ascension and Tristan da Cunha",SH-SH,HLE
318497,FGMY,President Obiang Nguema International Airport,large_airport,1.676437,11.024904,GQ,Equatorial Guinea,GQ-WN,GEM
318875,HTGW,Songwe Airport,medium_airport,-8.919942,33.273981,TZ,"Tanzania, United Republic of",TZ-14,MBI
319417,ZLHX,Huatugou Airport,medium_airport,38.201645,90.837843,CN,China,CN-63,HTT
319715,ZLGL,Golog Maqên Airport,medium_airport,34.418066,100.301144,CN,China,CN-63,GMQ
319811,ZHSN,Shennongjia Hongping Airport,medium_airport,31.626,110.34,CN,China,CN-42,HPG
322165,ZBMZ,Manzhouli Xijiao Airport,medium_airport,49.566667,117.33,CN,China,CN-15,NZH
322383,TVSA,Argyle International Airport,large_airport,13.159725,-61.148801,VC,Saint Vincent and the Grenadines,VC-04,SVD
323021,FCOD,Oyo Ollombo Airport,medium_airport,-1.226666,15.91,CG,Congo,CG-14,OLL
323056,DNBC,Sir Abubakar Tafawa Balewa Bauchi State International Airport,large_airport,10.482833,9.744,NG,Nigeria,NG-BA,BCU
323216,ZBLF,Linfen Yaodu Airport,medium_airport,36.132629,111.641236,CN,China,CN-14,LFQ
323218,ZSRZ,Rizhao Shanzihe Airport,medium_airport,35.405033,119.324403,CN,China,CN-37,RIZ
323219,ZWFY,Fuyun Koktokay Airport,medium_airport,46.804169,89.512006,CN,China,CN-65,FYN
323220,ZJQH,Qionghai Bo'ao Airport,medium_airport,19.140951,110.452766,CN,China,CN-46,BAR
323221,SBJE,Comandante Ariston Pessoa Airport,medium_airport,-2.906425,-40.357338,BR,Brazil,BR-CE,JJD
323315,GQNO,Nouakchott–Oumtounsy International Airport,large_airport,18.31,-15.969722,MR,Mauritania,MR-NKC,NKC
323666,ZBZL,Zhalantun Genghis Khan Airport,medium_airport,47.865942,122.768662,CN,China,CN-15,NZL
323881,CN-0062,Bazhong Enyang Airport,medium_airport,31.73842,106.644872,CN,China,CN-51,BZX
323907,ZHXY,Xinyang Minggang Airport,medium_airport,32.540819,114.079141,CN,China,CN-41,XAI
324440,KXWA,Williston Basin International Airport,medium_airport,48.260863,-103.75116,US,United States of America,US-ND,XWA
324731,LTDB,Çukurova International Airport,large_airport,36.891478,35.071235,TR,Türkiye,TR-33,COV
325171,ZGYY,Yueyang Sanhe Airport,medium_airport,29.311699,113.281574,CN,China,CN-43,YYA
325736,GOBD,Blaise Diagne International Airport,large_airport,14.670878,-17.072829,SN,Senegal,SN-DK,DSS
325947,RPLH,Cagayan North International Airport,medium_airport,18.182388,121.746223,PH,Philippines,PH-CAG,LLC
326363,URRP,Platov International Airport,large_airport,47.493888,39.924722,RU,Russian Federation,RU-ROS,ROV
326731,ZWSC,Shache Airport,medium_airport,38.24542,77.056149,CN,China,CN-65,QSZ
327347,ZBCD,Chengde Puning Airport,medium_airport,41.1225,118.073889,CN,China,CN-13,CDE
327348,ZUDC,Daocheng Yading Airport,medium_airport,29.31632,100.060317,CN,China,CN-51,DCY
327349,ZYDU,Wudalianchi Dedu Airport,medium_airport,48.441037,126.128374,CN,China,CN-23,DTU
327350,ZUKD,Kangding Airport,medium_airport,30.142464,101.73872,CN,China,CN-51,KGT
327352,ZUPS,Liupanshui Yuezhao Airport,medium_airport,26.609417,104.979,CN,China,CN-52,LPF
327355,ZUMT,Zunyi Maotai Airport,medium_airport,27.961837,106.435416,CN,China,CN-52,WMT
327443,ZBHZ,Holingol Huolinhe Airport,medium_airport,45.487222,119.407222,CN,China,CN-15,HUO
327444,ZBLL,Lüliang Dawu Airport,medium_airport,37.683333,111.142778,CN,China,CN-61,LLV
327445,ZBUC,Ulanqab Jining Airport,medium_airport,41.130266,113.107274,CN,China,CN-15,UCB
327446,ZGSY,Shaoyang Wugang Airport,medium_airport,26.806123,110.641042,CN,China,CN-43,WGN
327447,ZPCW,Cangyuan Washan Airport,medium_airport,23.276331,99.373169,CN,China,CN-53,CWJ
327448,ZPJM,Lancang Jingmai Airport,medium_airport,22.417733,99.784012,CN,China,CN-53,JMJ
327450,ZYJS,Jiansanjiang Shidi Airport,medium_airport,47.108248,132.65792,CN,China,CN-23,JSJ
327451,ZYSQ,Songyuan Chaganhu Airport,medium_airport,44.931143,124.552121,CN,China,CN-22,YSQ
327452,VASD,Shirdi International Airport,large_airport,19.689211,74.373655,IN,India,IN-MM,SAG
327453,VIKG,Kishangarh Airport Ajmer,medium_airport,26.591007,74.812956,IN,India,IN-RJ,KQH
327544,ZLLN,Longnan Chengzhou Airport,medium_airport,33.789918,105.790014,CN,China,CN-62,LNL
327554,USDA,Sabetta International Airport,medium_airport,71.219167,72.052222,RU,Russian Federation,RU-YAN,SBT
327608,ROIG,New Ishigaki Airport,medium_airport,24.396389,124.245,JP,Japan,JP-47,ISG
329504,VOKN,Kannur International Airport,large_airport,11.916343,75.544979,IN,India,IN-KL,CNN
330388,LLER,Ramon International Airport,large_airport,29.727009,35.014116,IL,Israel,IL-D,ETM
330820,ZBAD,Beijing Daxing International Airport,large_airport,39.501289,116.413967,CN,China,CN-11,PKX
331218,IN-0107,Sindhudurg Airport,medium_airport,16.002552,73.529846,IN,India,IN-MM,SDW
332096,ZSYT,Yantai Penglai International Airport,large_airport,37.659724,120.978124,CN,China,CN-37,YNT
332202,WAHI,Yogyakarta International Airport,medium_airport,-7.905338,110.057264,ID,Indonesia,ID-YO,YIA
332240,OAKS,Khost International Airport,medium_airport,33.284605,69.80734,AF,Afghanistan,AF-KHO,KHT
332254,VVVD,Van Don International Airport,medium_airport,21.120693,107.41539,VN,Viet Nam,VN-NE,VDO
332512,OENN,Neom Bay Airport,large_airport,27.924261,35.29358,SA,Saudi Arabia,SA-07,NUM
333039,WAPF,Karel Sadsuitubun Airport,medium_airport,-5.760278,132.759444,ID,Indonesia,ID-MA,LUV
333068,WICA,Kertajati International Airport,medium_airport,-6.647384,108.165561,ID,Indonesia,ID-JB,KJT
333070,ZWRQ,Ruoqiang Loulan Airport,medium_airport,38.974722,88.008333,CN,China,CN-65,RQA
333072,WAWD,Matahora Airport,medium_airport,-5.292123,123.636233,ID,Indonesia,ID-SG,WNI
333093,WITK,Rembele Airport,medium_airport,4.72113,96.851943,ID,Indonesia,ID-AC,TXE
333222,BR-0569,Glauber de Andrade Rocha Airport,medium_airport,-14.907885,-40.914804,BR,Brazil,BR-BA,VDC
333229,SLAL,Alcantarí International Airport,large_airport,-19.246835,-65.149611,BO,"Bolivia, Plurinational State of",BO-H,SRE
333670,LRBV,Brașov-Ghimbav International Airport,large_airport,45.70558,25.522871,RO,Romania,RO-BV,GHV
333692,OPIS,Islamabad International Airport,large_airport,33.549,72.82566,PK,Pakistan,PK-PB,ISB
334199,SBJH,São Paulo Catarina Executive Airport,medium_airport,-23.426886,-47.165658,BR,Brazil,BR-SP,JHF
335326,ZMCK,Ulaanbaatar Chinggis Khaan International Airport,large_airport,47.646916,106.819833,MN,Mongolia,MN-047,UBN
335334,HESX,Sphinx International Airport,large_airport,30.108179,30.895728,EG,Egypt,EG-GZ,SPX
335882,VRDA,Maafaru International Airport,large_airport,5.817407,73.468404,MV,Maldives,MV-25,NMF
336104,RPLK,Bicol International Airport,large_airport,13.111915,123.676829,PH,Philippines,PH-ALB,DRP
336110,ZGWZ,Wuzhou Xijiang Airport,medium_airport,23.40316,111.09331,CN,China,CN-45,WUZ
336111,ZUYB,Yibin Wuliangye Airport,medium_airport,28.858431,104.526157,CN,China,CN-51,YBP
336112,ZLYA,Yan'an Nanniwan Airport,medium_airport,36.479413,109.464083,CN,China,CN-61,ENY
336114,ZULZ,Luzhou Yunlong Airport,medium_airport,29.030357,105.468407,CN,China,CN-51,LZO
336116,RPSP,Bohol-Panglao International Airport,medium_airport,9.573045,123.770143,PH,Philippines,PH-BOH,TAG
336537,AG-0001,Burton-Nibbs International Airport,medium_airport,17.621194,-61.798347,AG,Antigua and Barbuda,AG-10,BBQ
337747,UAIT,Hazrat Sultan International Airport,large_airport,43.311742,68.550185,KZ,Kazakhstan,KZ-YUZ,HSA
339001,UWSG,Gagarin International Airport,large_airport,51.712778,46.171111,RU,Russian Federation,RU-SAR,GSV
339959,ZYJZ,Jinzhou Bay Airport,medium_airport,40.936032,121.277114,CN,China,CN-21,JNZ
339963,KH-0001,Dara Sakor International Airport,large_airport,10.914244,103.226652,KH,Cambodia,KH-9,DSY
340053,SNCP,Planalto Serrano Regional Airport,medium_airport,-27.634128,-50.358253,BR,Brazil,BR-SC,EEA
340146,VOKU,Kurnool Airport,medium_airport,15.716288,78.16923,IN,India,IN-AP,KJB
342092,OPGD,New Gwadar International Airport,large_airport,25.296733,62.498822,PK,Pakistan,PK-BA,GWD
342093,IN-0276,Navi Mumbai International Airport,large_airport,18.984597,73.065253,IN,India,IN-MM,NMI
342094,VOGA,Manohar International Airport,large_airport,15.744257,73.860625,IN,India,IN-GA,GOX
342095,ZUTF,Chengdu Tianfu International Airport,large_airport,30.31252,104.441284,CN,China,CN-51,TFU
342096,ZSQD,Qingdao Jiaodong International Airport,large_airport,36.361953,120.088171,CN,China,CN-37,TAO
342097,NP-0003,Pokhara International Airport,large_airport,28.1838,84.0147,NP,Nepal,NP-P4,PHH
342098,KH-0002,Techo International Airport,large_airport,11.359987,104.921272,KH,Cambodia,KH-8,KTI
342100,VN-0018,Long Thanh International Airport (Under Construction),large_airport,10.772842,107.040596,VN,Viet Nam,VN-SE,LTH
342469,USTJ,Tobolsk Remezov Airport,medium_airport,58.059712,68.347997,RU,Russian Federation,RU-TYU,RMZ
342792,YEWA,Eliwana,medium_airport,-22.428395,116.887879,AU,Australia,AU-WA,WHB
343470,USDB,Bovanenkovo Airport,medium_airport,70.315278,68.333611,RU,Russian Federation,RU-YAN,BVJ
344100,ZGYL,Yulin Fumian Airport,medium_airport,22.433042,110.119996,CN,China,CN-45,YLX
347108,ZHEC,Ezhou Huahu International Airport,large_airport,30.341178,115.03926,CN,China,CN-42,EHU
347636,ZHJZ,Jingzhou Shashi Airport,medium_airport,30.29281,112.44854,CN,China,CN-42,SHS
348150,CN-0178,Wuhan Hannan Municipal Airport,medium_airport,30.25521,114.062805,CN,China,CN-42,WHN
348698,ZSWA,Wuhu Xuanzhou Airport,medium_airport,31.1045,118.66687,CN,China,CN-34,WHA
350117,ZUWL,Chongqing Xiannüshan Airport,medium_airport,29.465658,107.693664,CN,China,CN-50,CQW
350147,VEKI,Kushinagar International Airport,medium_airport,26.776534,83.889214,IN,India,IN-UP,KBK
350214,RSI,Red Sea International Airport,large_airport,25.627975,37.088914,SA,Saudi Arabia,SA-07,RSI
350882,CN-0236,Rikaze Dingri Airport,medium_airport,28.604567,86.798,CN,China,CN-54,DDR
350883,CN-0237,Tashikuergan Hongqilafu Airport,medium_airport,37.661333,75.288877,CN,China,CN-65,HQL
350949,CN-0253,Jiande Qiandaohu General Airport,medium_airport,29.360905,119.180829,CN,China,CN-33,JDE
350992,WBGK,Mukah Airport,medium_airport,2.881944,112.043333,MY,Malaysia,MY-13,MKM
351149,HZU,Chengdu Huaizhou Airport,medium_airport,30.677339,104.529397,CN,China,CN-51,HZU
352223,ZUDA,Dazhou Jinya Airport,medium_airport,31.048815,107.435646,CN,China,CN-51,DZH
352633,ZSHZ,Heze Mudan Airport,medium_airport,35.212972,115.736748,CN,China,CN-37,HZA
352634,ZGCZ,Chenzhou Beihu Airport,medium_airport,25.753419,112.845404,CN,China,CN-43,HCZ
352892,WAFB,Toraja Airport,medium_airport,-3.185833,119.91775,ID,Indonesia,ID-SS,TRT
353792,BTZ,Betong International Airport,medium_airport,5.79,101.15,TH,Thailand,TH-95,BTZ
354545,IN-0301,Rashtrakavi Kuvempu Airport,medium_airport,13.858024,75.618868,IN,India,IN-KA,RQY
354546,IN-0308,Itanagar Donyi Polo Hollongi Airport,medium_airport,26.96683,93.638792,IN,India,IN-AR,HGI
354840,LZG,Langzhong Gucheng Airport,medium_airport,31.50191,106.034417,CN,China,CN-51,LZG
354995,ZGZJ,Zhanjiang Wuchuan International Airport,large_airport,21.481667,110.590278,CN,China,CN-44,ZHA
355511,CN-0354,Ali Pulan Airport,medium_airport,30.397898,81.13317,CN,China,CN-54,APJ
356138,WABO,Stevanus Rumbewas Airport,medium_airport,-1.82842,136.062402,ID,Indonesia,ID-PA,ZRI
429847,GMAZ,Zagora Airport,large_airport,30.265788,-5.860808,MA,Morocco,MA-08,OZG
430434,LA-0006,Bokeo International Airport,medium_airport,20.323986,100.165392,LA,Lao People's Democratic Republic,LA-BK,BOR
505052,WAWP,Sangia Nibandera Airport,medium_airport,-4.338158,121.524047,ID,Indonesia,ID-SG,KXB
505530,SCTN,Nuevo Chaitén Airport,medium_airport,-42.781943,-72.834999,CL,Chile,CL-LL,WCH
507227,ID-0277,Dhoho International Airport,large_airport,-7.750278,111.947222,ID,Indonesia,ID-JI,DHX
507498,YMTG,Mount Gambier Airport,medium_airport,-37.744382,140.780561,AU,Australia,AU-SA,MGB
507771,SN6L,Dr. Luciano de Arruda Coelho Regional Airport,medium_airport,-3.614488,-40.231426,BR,Brazil,BR-CE,JSO
507992,WIMU,Alas Leuser Airport,medium_airport,3.391456,97.863726,ID,Indonesia,ID-AC,LSR
508595,ZM-0045,Kalumbila Airport,medium_airport,-12.25358,25.44432,ZM,Zambia,ZM-06,UMB
509451,VYHH,Heho Airport,medium_airport,20.74714,96.792029,MM,Myanmar,MM-17,HEH
512065,VAHS,Rajkot International Airport,large_airport,22.378824,71.039391,IN,India,IN-GJ,HSR
512154,SLGM,Guayaramerín Airport,medium_airport,-10.88856,-65.380955,BO,"Bolivia, Plurinational State of",BO-B,GYA
513482,VDSA,Siem Reap-Angkor International Airport,large_airport,13.36974,104.223831,KH,Cambodia,KH-17,SAI
520012,MMTL,Felipe Carrillo Puerto International Airport Tulum,large_airport,20.172098,-87.660272,MX,Mexico,MX-ROO,TQO
525059,WAPN,Namniwel Airport,medium_airport,-3.143159,126.976469,ID,Indonesia,ID-MA,NAM
525659,FLSK,Simon Mwansa Kapwepwe International Airport,large_airport,-12.96513,28.515624,ZM,Zambia,ZM-08,NLA
525696,WIOS,Tebelian Airport,medium_airport,-0.045214,111.458049,ID,Indonesia,ID-KB,SQG
525702,WABI,Douw Aturure Airport,medium_airport,-3.397973,135.393071,ID,Indonesia,ID-PT,NBX
525773,CN-0421,Zhaotong Zhaoyang Airport （Not fully opened),medium_airport,27.205843,103.691511,CN,China,CN-53,ZAT
525781,HAJK,Baco Airport,medium_airport,5.749655,36.560165,ET,Ethiopia,ET-SN,BCO
526860,ZBSG,Shuozhou Zirun Airport,medium_airport,39.273241,112.691552,CN,China,CN-14,SZH
548284,ZSJG,Jining Da'an Airport,medium_airport,35.647358,116.743269,CN,China,CN-37,JNG
558007,VIMB,Moradabad Airport,medium_airport,28.81746,78.92187,IN,India,IN-UP,MZS
597786,IN-0392,Noida International Airport,large_airport,28.179868,77.611843,IN,India,IN-UP,DXN
598248,UTTZ,Zomin Airport,medium_airport,40.01402,68.41103,UZ,Uzbekistan,UZ-JI,OMN
598586,IN-0393,Maa Mahamaya Airport,medium_airport,22.98753,83.19612,IN,India,IN-CT,AHA
598595,CN-0476,Bengbu Tenghu Airport,medium_airport,33.166389,117.058333,CN,China,CN-34,BFY
600647,ZUDJ,Tongren Dejiang Airport (Under Construction),medium_airport,28.121,108.1631,CN,China,CN-52,DEJ
601314,AT98,(Duplicate)Wolf's Fang Runway,medium_airport,-71.5264,8.799459,AQ,Antarctica,AQ-U-A,WFR
605715,AL-0019,(Duplicate)Vlora International Airport,large_airport,40.605556,19.426111,AL,Albania,AL-12,VLO
605890,ZWLK,Barkol Dahe Airport,medium_airport,43.756544,93.137164,CN,China,CN-65,DHH
